Product Name,Woolworths_Price,Coles_Price,Woolworths_Image,Coles_image
NutriBullet 600 Series each,99.0,89.0,https://assets.woolworths.com.au/images/1005/517328.jpg?impolicy=wowsmkqiema&w=260&h=260,https://www.coles.com.au/_next/image?url=https%3A%2F%2Fcdn.productimages.coles.com.au%2Fproductimages%2F2%2F2748269.jpg&w=640&q=90
Wiltshire Digital Timer each,11.5,11.5,https://assets.woolworths.com.au/images/1005/210650.jpg?impolicy=wowsmkqiema&w=260&h=260,https://www.coles.com.au/_next/image?url=https%3A%2F%2Fcdn.productimages.coles.com.au%2Fproductimages%2F8%2F8386342.jpg&w=640&q=90
Odor Eaters Foot & Shoe Spray Sport 150ml,9.0,9.0,https://assets.woolworths.com.au/images/1005/162028.jpg?impolicy=wowsmkqiema&w=260&h=260,https://www.coles.com.au/_next/image?url=https%3A%2F%2Fcdn.productimages.coles.com.au%2Fproductimages%2F3%2F3808209.jpg&w=640&q=90
BIC Cristal Original Pen Blue 10 pack,4.4,5.5,https://assets.woolworths.com.au/images/1005/15765.jpg?impolicy=wowsmkqiema&w=260&h=260,https://www.coles.com.au/_next/image?url=https%3A%2F%2Fcdn.productimages.coles.com.au%2Fproductimages%2F1%2F1170356.jpg&w=640&q=90
Decor Microsafe 3 In 1 Egg Cooker each,12.0,12.0,https://assets.woolworths.com.au/images/1005/423765.jpg?impolicy=wowsmkqiema&w=260&h=260,https://www.coles.com.au/_next/image?url=https%3A%2F%2Fcdn.productimages.coles.com.au%2Fproductimages%2F8%2F8185690.jpg&w=640&q=90
Decor Fresh Seal Clips Infuser Jug 2.4L each,8.25,12.5,https://assets.woolworths.com.au/images/1005/689942.jpg?impolicy=wowsmkqiema&w=260&h=260,https://www.coles.com.au/_next/image?url=https%3A%2F%2Fcdn.productimages.coles.com.au%2Fproductimages%2F3%2F3725724.jpg&w=640&q=90
BIC Cristal Original Pen Black 10 pack,4.4,5.5,https://assets.woolworths.com.au/images/1005/101133.jpg?impolicy=wowsmkqiema&w=260&h=260,https://www.coles.com.au/_next/image?url=https%3A%2F%2Fcdn.productimages.coles.com.au%2Fproductimages%2F1%2F1170345.jpg&w=640&q=90
Oakwood Shoe Protector 180ml,8.0,8.0,https://assets.woolworths.com.au/images/1005/122542.jpg?impolicy=wowsmkqiema&w=260&h=260,https://www.coles.com.au/_next/image?url=https%3A%2F%2Fcdn.productimages.coles.com.au%2Fproductimages%2F6%2F6420982.jpg&w=640&q=90
Oakwood Sneaker Wipes 16 pack,3.5,3.5,https://assets.woolworths.com.au/images/1005/142203.jpg?impolicy=wowsmkqiema&w=260&h=260,https://www.coles.com.au/_next/image?url=https%3A%2F%2Fcdn.productimages.coles.com.au%2Fproductimages%2F6%2F6420870.jpg&w=640&q=90
BIC Kids Turn & Colour Crayons 12 pack,8.8,8.8,https://assets.woolworths.com.au/images/1005/785296.jpg?impolicy=wowsmkqiema&w=260&h=260,https://www.coles.com.au/_next/image?url=https%3A%2F%2Fcdn.productimages.coles.com.au%2Fproductimages%2F3%2F3936898.jpg&w=640&q=90
Korbond Lint Shaver each,11.0,11.0,https://assets.woolworths.com.au/images/1005/104441.jpg?impolicy=wowsmkqiema&w=260&h=260,https://www.coles.com.au/_next/image?url=https%3A%2F%2Fcdn.productimages.coles.com.au%2Fproductimages%2F3%2F3974300.jpg&w=640&q=90
Korbond Threaded Needle Kit 10 pack,3.2,3.2,https://assets.woolworths.com.au/images/1005/101485.jpg?impolicy=wowsmkqiema&w=260&h=260,https://www.coles.com.au/_next/image?url=https%3A%2F%2Fcdn.productimages.coles.com.au%2Fproductimages%2F3%2F3973894.jpg&w=640&q=90
Crayola Color & Sticker Bluey each,4.65,5.8,https://assets.woolworths.com.au/images/1005/206392.jpg?impolicy=wowsmkqiema&w=260&h=260,https://www.coles.com.au/_next/image?url=https%3A%2F%2Fcdn.productimages.coles.com.au%2Fproductimages%2F5%2F5249480.jpg&w=640&q=90
Korbond Travel Sewing Kit each,5.0,5.5,https://assets.woolworths.com.au/images/1005/105182.jpg?impolicy=wowsmkqiema&w=260&h=260,https://www.coles.com.au/_next/image?url=https%3A%2F%2Fcdn.productimages.coles.com.au%2Fproductimages%2F5%2F5135528.jpg&w=640&q=90
Korbond Polyester Thread Multi Colours 5 pack,4.2,4.2,https://assets.woolworths.com.au/images/1005/102216.jpg?impolicy=wowsmkqiema&w=260&h=260,https://www.coles.com.au/_next/image?url=https%3A%2F%2Fcdn.productimages.coles.com.au%2Fproductimages%2F3%2F3973920.jpg&w=640&q=90
Korbond Instant Repair Kit each,5.0,5.5,https://assets.woolworths.com.au/images/1005/105154.jpg?impolicy=wowsmkqiema&w=260&h=260,https://www.coles.com.au/_next/image?url=https%3A%2F%2Fcdn.productimages.coles.com.au%2Fproductimages%2F2%2F2407009.jpg&w=640&q=90
Korbond Instant Hook & Loop Dots Self Stick 40 pack,7.0,7.2,https://assets.woolworths.com.au/images/1005/104497.jpg?impolicy=wowsmkqiema&w=260&h=260,https://www.coles.com.au/_next/image?url=https%3A%2F%2Fcdn.productimages.coles.com.au%2Fproductimages%2F3%2F3973974.jpg&w=640&q=90
Korbond Hat Elastic White/Black each,5.0,5.5,https://assets.woolworths.com.au/images/1005/104440.jpg?impolicy=wowsmkqiema&w=260&h=260,https://www.coles.com.au/_next/image?url=https%3A%2F%2Fcdn.productimages.coles.com.au%2Fproductimages%2F3%2F3973996.jpg&w=640&q=90
Korbond Silicone Nipple Covers each,10.0,10.0,https://assets.woolworths.com.au/images/1005/105206.jpg?impolicy=wowsmkqiema&w=260&h=260,https://www.coles.com.au/_next/image?url=https%3A%2F%2Fcdn.productimages.coles.com.au%2Fproductimages%2F3%2F3974263.jpg&w=640&q=90
BIC 4 Colours Smooth Pen each,4.4,3.85,https://assets.woolworths.com.au/images/1005/6024392.jpg?impolicy=wowsmkqiema&w=260&h=260,https://www.coles.com.au/_next/image?url=https%3A%2F%2Fcdn.productimages.coles.com.au%2Fproductimages%2F1%2F1282633.jpg&w=640&q=90
Brita Water Filter Cartridge Maxtra Pro Pure Performance each,17.0,17.0,https://assets.woolworths.com.au/images/1005/690724.jpg?impolicy=wowsmkqiema&w=260&h=260,https://www.coles.com.au/_next/image?url=https%3A%2F%2Fcdn.productimages.coles.com.au%2Fproductimages%2F1%2F1033050.jpg&w=640&q=90
Redheads Extra Long Matches 45 pack,3.5,3.5,https://assets.woolworths.com.au/images/1005/21366.jpg?impolicy=wowsmkqiema&w=260&h=260,https://www.coles.com.au/_next/image?url=https%3A%2F%2Fcdn.productimages.coles.com.au%2Fproductimages%2F4%2F492845.jpg&w=640&q=90
Paper Mate Kilometrico Ballpoint Pens Blue 10 pack,3.5,5.0,https://assets.woolworths.com.au/images/1005/239955.jpg?impolicy=wowsmkqiema&w=260&h=260,https://www.coles.com.au/_next/image?url=https%3A%2F%2Fcdn.productimages.coles.com.au%2Fproductimages%2F3%2F3251030.jpg&w=640&q=90
Hot Hands Hand Warmers Pair each,2.5,2.5,https://assets.woolworths.com.au/images/1005/747615.jpg?impolicy=wowsmkqiema&w=260&h=260,https://www.coles.com.au/_next/image?url=https%3A%2F%2Fcdn.productimages.coles.com.au%2Fproductimages%2F2%2F2396274.jpg&w=640&q=90
Westcott Antimicrobial 7in Kids Scissors each,2.9,3.7,https://assets.woolworths.com.au/images/1005/139678.jpg?impolicy=wowsmkqiema&w=260&h=260,https://www.coles.com.au/_next/image?url=https%3A%2F%2Fcdn.productimages.coles.com.au%2Fproductimages%2F6%2F6821906.jpg&w=640&q=90
Korbond Polyester Thread Black & White 500M 2 pack,3.0,3.2,https://assets.woolworths.com.au/images/1005/94499.jpg?impolicy=wowsmkqiema&w=260&h=260,https://www.coles.com.au/_next/image?url=https%3A%2F%2Fcdn.productimages.coles.com.au%2Fproductimages%2F3%2F3973919.jpg&w=640&q=90
Clio Invisible Band Knee High Natural One Size each,6.0,6.0,https://assets.woolworths.com.au/images/1005/297047.jpg?impolicy=wowsmkqiema&w=260&h=260,https://www.coles.com.au/_next/image?url=https%3A%2F%2Fcdn.productimages.coles.com.au%2Fproductimages%2F6%2F6828643.jpg&w=640&q=90
Inkredibles Magic Ink Assorted each,8.5,6.0,https://assets.woolworths.com.au/images/1005/238688.jpg?impolicy=wowsmkqiema&w=260&h=260,https://www.coles.com.au/_next/image?url=https%3A%2F%2Fcdn.productimages.coles.com.au%2Fproductimages%2F1%2F1296398.jpg&w=640&q=90
Maseur Footcare Work Insoles Pair each,21.0,21.0,https://assets.woolworths.com.au/images/1005/716724.jpg?impolicy=wowsmkqiema&w=260&h=260,https://www.coles.com.au/_next/image?url=https%3A%2F%2Fcdn.productimages.coles.com.au%2Fproductimages%2F4%2F4322600.jpg&w=640&q=90
Samba Natural Wooden Firelighters 32 pack,3.85,3.85,https://assets.woolworths.com.au/images/1005/100830.jpg?impolicy=wowsmkqiema&w=260&h=260,https://www.coles.com.au/_next/image?url=https%3A%2F%2Fcdn.productimages.coles.com.au%2Fproductimages%2F7%2F7030779.jpg&w=640&q=90
Heat Beads Original Bbq Briquettes 4kg,13.2,9.0,https://assets.woolworths.com.au/images/1005/21228.jpg?impolicy=wowsmkqiema&w=260&h=260,https://www.coles.com.au/_next/image?url=https%3A%2F%2Fcdn.productimages.coles.com.au%2Fproductimages%2F5%2F5423974.jpg&w=640&q=90
Hot Topic Licensed Double Walled Glass Mug each,8.0,8.0,https://assets.woolworths.com.au/images/1005/6018769.jpg?impolicy=wowsmkqiema&w=260&h=260,https://www.coles.com.au/_next/image?url=https%3A%2F%2Fcdn.productimages.coles.com.au%2Fproductimages%2F8%2F8072173.jpg&w=640&q=90
Elmer's Unicorn Magic Slime Kit Colour Changing each,14.25,19.0,https://assets.woolworths.com.au/images/1005/238194.jpg?impolicy=wowsmkqiema&w=260&h=260,https://www.coles.com.au/_next/image?url=https%3A%2F%2Fcdn.productimages.coles.com.au%2Fproductimages%2F5%2F5247496.jpg&w=640&q=90
Redheads Classic Wrapped Firelighters 20 pack,4.0,4.2,https://assets.woolworths.com.au/images/1005/636991.jpg?impolicy=wowsmkqiema&w=260&h=260,https://www.coles.com.au/_next/image?url=https%3A%2F%2Fcdn.productimages.coles.com.au%2Fproductimages%2F3%2F3030777.jpg&w=640&q=90
Baby Paws Tiny Toy Assorted each,12.0,12.0,https://assets.woolworths.com.au/images/1005/6030885.jpg?impolicy=wowsmkqiema&w=260&h=260,https://www.coles.com.au/_next/image?url=https%3A%2F%2Fcdn.productimages.coles.com.au%2Fproductimages%2F1%2F1684590.jpg&w=640&q=90
Elmer's Gue Strawberry Donut Slime 236.5mL,12.0,12.0,https://assets.woolworths.com.au/images/1005/237859.jpg?impolicy=wowsmkqiema&w=260&h=260,https://www.coles.com.au/_next/image?url=https%3A%2F%2Fcdn.productimages.coles.com.au%2Fproductimages%2F5%2F5247601.jpg&w=640&q=90
Neat Feat Spandex Gel Metatarsal Cushion each,21.0,21.0,https://assets.woolworths.com.au/images/1005/81607.jpg?impolicy=wowsmkqiema&w=260&h=260,https://www.coles.com.au/_next/image?url=https%3A%2F%2Fcdn.productimages.coles.com.au%2Fproductimages%2F6%2F6420541.jpg&w=640&q=90
Post-it Super Sticky Note Cube each,10.4,8.3,https://assets.woolworths.com.au/images/1005/819850.jpg?impolicy=wowsmkqiema&w=260&h=260,https://www.coles.com.au/_next/image?url=https%3A%2F%2Fcdn.productimages.coles.com.au%2Fproductimages%2F3%2F3938791.jpg&w=640&q=90
Elmer's Liquid School Glue 225mL,4.9,7.0,https://assets.woolworths.com.au/images/1005/651999.jpg?impolicy=wowsmkqiema&w=260&h=260,https://www.coles.com.au/_next/image?url=https%3A%2F%2Fcdn.productimages.coles.com.au%2Fproductimages%2F3%2F3087242.jpg&w=640&q=90
Hot Wheels Basic Car Assortment each,3.75,3.75,https://assets.woolworths.com.au/images/1005/16923.jpg?impolicy=wowsmkqiema&w=260&h=260,https://www.coles.com.au/_next/image?url=https%3A%2F%2Fcdn.productimages.coles.com.au%2Fproductimages%2F5%2F5408755.jpg&w=640&q=90
Elmer's Magical Liquid 258mL,7.0,11.75,https://assets.woolworths.com.au/images/1005/688716.jpg?impolicy=wowsmkqiema&w=260&h=260,https://www.coles.com.au/_next/image?url=https%3A%2F%2Fcdn.productimages.coles.com.au%2Fproductimages%2F3%2F3330566.jpg&w=640&q=90
Bonds Kids Low Cut Socks Size 9-12 Assorted 3 pack,7.0,7.0,https://assets.woolworths.com.au/images/1005/253621.jpg?impolicy=wowsmkqiema&w=260&h=260,https://www.coles.com.au/_next/image?url=https%3A%2F%2Fcdn.productimages.coles.com.au%2Fproductimages%2F7%2F7665475.jpg&w=640&q=90
Underworks Womens All Day Cushion Foot Socks Black Size 9-11 2 pack,10.5,7.65,https://assets.woolworths.com.au/images/1005/360115.jpg?impolicy=wowsmkqiema&w=260&h=260,https://www.coles.com.au/_next/image?url=https%3A%2F%2Fcdn.productimages.coles.com.au%2Fproductimages%2F2%2F2208261.jpg&w=640&q=90
Kaleidoscope Sticker Bomb Book Assorted each,8.0,7.0,https://assets.woolworths.com.au/images/1005/6052867.jpg?impolicy=wowsmkqiema&w=260&h=260,https://www.coles.com.au/_next/image?url=https%3A%2F%2Fcdn.productimages.coles.com.au%2Fproductimages%2F1%2F1296580.jpg&w=640&q=90
Redheads Shrink Wrapped Matches 45 pack,3.5,3.5,https://assets.woolworths.com.au/images/1005/21304.jpg?impolicy=wowsmkqiema&w=260&h=260,https://www.coles.com.au/_next/image?url=https%3A%2F%2Fcdn.productimages.coles.com.au%2Fproductimages%2F3%2F3404720.jpg&w=640&q=90
Bonds Ladies Seamless Full Brief Size 16 Assorted 2 pack,13.0,13.0,https://assets.woolworths.com.au/images/1005/660185.jpg?impolicy=wowsmkqiema&w=260&h=260,https://www.coles.com.au/_next/image?url=https%3A%2F%2Fcdn.productimages.coles.com.au%2Fproductimages%2F3%2F3711093.jpg&w=640&q=90
Bonds Ladies Seamless Full Brief Size 12 Assorted 2 pack,13.0,13.0,https://assets.woolworths.com.au/images/1005/660239.jpg?impolicy=wowsmkqiema&w=260&h=260,https://www.coles.com.au/_next/image?url=https%3A%2F%2Fcdn.productimages.coles.com.au%2Fproductimages%2F3%2F3711082.jpg&w=640&q=90
Underworks Womens All Day Cushion Foot Socks Black Size 5-8 2 pack,10.5,7.65,https://assets.woolworths.com.au/images/1005/360114.jpg?impolicy=wowsmkqiema&w=260&h=260,https://www.coles.com.au/_next/image?url=https%3A%2F%2Fcdn.productimages.coles.com.au%2Fproductimages%2F2%2F2208250.jpg&w=640&q=90
Pilot Frixion Clicker Erasable Gel Pens Black 2 pack,6.3,7.2,https://assets.woolworths.com.au/images/1005/6055494.jpg?impolicy=wowsmkqiema&w=260&h=260,https://www.coles.com.au/_next/image?url=https%3A%2F%2Fcdn.productimages.coles.com.au%2Fproductimages%2F6%2F6821757.jpg&w=640&q=90
Korbond Instant Hook & Loop Tape Self Stick 1M each,7.0,7.2,https://assets.woolworths.com.au/images/1005/105195.jpg?impolicy=wowsmkqiema&w=260&h=260,https://www.coles.com.au/_next/image?url=https%3A%2F%2Fcdn.productimages.coles.com.au%2Fproductimages%2F3%2F3973952.jpg&w=640&q=90
Bonds Ladies Seamless Full Brief Size 14 Assorted 2 pack,13.0,13.0,https://assets.woolworths.com.au/images/1005/660182.jpg?impolicy=wowsmkqiema&w=260&h=260,https://www.coles.com.au/_next/image?url=https%3A%2F%2Fcdn.productimages.coles.com.au%2Fproductimages%2F6%2F6845610.jpg&w=640&q=90
Spirax A4 Notebook 120 Pages each,4.0,4.0,https://assets.woolworths.com.au/images/1005/238624.jpg?impolicy=wowsmkqiema&w=260&h=260,https://www.coles.com.au/_next/image?url=https%3A%2F%2Fcdn.productimages.coles.com.au%2Fproductimages%2F6%2F6820550.jpg&w=640&q=90
Korbond Sewing Oil each,4.0,4.5,https://assets.woolworths.com.au/images/1005/103909.jpg?impolicy=wowsmkqiema&w=260&h=260,https://www.coles.com.au/_next/image?url=https%3A%2F%2Fcdn.productimages.coles.com.au%2Fproductimages%2F3%2F3974060.jpg&w=640&q=90
Play-Doh Single Tub Assorted 112g,2.2,2.2,https://assets.woolworths.com.au/images/1005/761570.jpg?impolicy=wowsmkqiema&w=260&h=260,https://www.coles.com.au/_next/image?url=https%3A%2F%2Fcdn.productimages.coles.com.au%2Fproductimages%2F5%2F5176730.jpg&w=640&q=90
Tradie Mens Work Socks Black 7/10 3 pack,12.0,12.0,https://assets.woolworths.com.au/images/1005/520518.jpg?impolicy=wowsmkqiema&w=260&h=260,https://www.coles.com.au/_next/image?url=https%3A%2F%2Fcdn.productimages.coles.com.au%2Fproductimages%2F3%2F3741221.jpg&w=640&q=90
Decor Insulated Travel Cup Double Wall Assorted 480mL each,14.0,20.0,https://assets.woolworths.com.au/images/1005/218251.jpg?impolicy=wowsmkqiema&w=260&h=260,https://www.coles.com.au/_next/image?url=https%3A%2F%2Fcdn.productimages.coles.com.au%2Fproductimages%2F6%2F6827822.jpg&w=640&q=90
Korbond Instant Iron On Hemming Web 10M each,4.0,4.2,https://assets.woolworths.com.au/images/1005/105192.jpg?impolicy=wowsmkqiema&w=260&h=260,https://www.coles.com.au/_next/image?url=https%3A%2F%2Fcdn.productimages.coles.com.au%2Fproductimages%2F5%2F5323641.jpg&w=640&q=90
Hot Wheels Super Rig Toy Car Assorted each,11.2,14.0,https://assets.woolworths.com.au/images/1005/680023.jpg?impolicy=wowsmkqiema&w=260&h=260,https://www.coles.com.au/_next/image?url=https%3A%2F%2Fcdn.productimages.coles.com.au%2Fproductimages%2F2%2F2229716.jpg&w=640&q=90
BIC Atlantis Original Ball Pens Blue 4 pack,6.5,6.5,https://assets.woolworths.com.au/images/1005/252709.jpg?impolicy=wowsmkqiema&w=260&h=260,https://www.coles.com.au/_next/image?url=https%3A%2F%2Fcdn.productimages.coles.com.au%2Fproductimages%2F1%2F1868629.jpg&w=640&q=90
Elmer's Dinosaur Night Slime Kit Glow In The Dark each,14.25,19.0,https://assets.woolworths.com.au/images/1005/237568.jpg?impolicy=wowsmkqiema&w=260&h=260,https://www.coles.com.au/_next/image?url=https%3A%2F%2Fcdn.productimages.coles.com.au%2Fproductimages%2F5%2F5247500.jpg&w=640&q=90
Bonds Mens Total Package Trunk Large Assorted each,12.5,12.5,https://assets.woolworths.com.au/images/1005/196034.jpg?impolicy=wowsmkqiema&w=260&h=260,https://www.coles.com.au/_next/image?url=https%3A%2F%2Fcdn.productimages.coles.com.au%2Fproductimages%2F4%2F4962521.jpg&w=640&q=90
Clio Sheer Look Opaque Tights Black 80 Denier Size S/M each,20.0,20.0,https://assets.woolworths.com.au/images/1005/6029639.jpg?impolicy=wowsmkqiema&w=260&h=260,https://www.coles.com.au/_next/image?url=https%3A%2F%2Fcdn.productimages.coles.com.au%2Fproductimages%2F1%2F1415599.jpg&w=640&q=90
Grillworx BBQ Spatula each,10.0,10.0,https://assets.woolworths.com.au/images/1005/94745.jpg?impolicy=wowsmkqiema&w=260&h=260,https://www.coles.com.au/_next/image?url=https%3A%2F%2Fcdn.productimages.coles.com.au%2Fproductimages%2F2%2F2153512.jpg&w=640&q=90
Clio Sheer Look Opaque Tights Black 80 Denier Size T/XT each,20.0,20.0,https://assets.woolworths.com.au/images/1005/6030313.jpg?impolicy=wowsmkqiema&w=260&h=260,https://www.coles.com.au/_next/image?url=https%3A%2F%2Fcdn.productimages.coles.com.au%2Fproductimages%2F1%2F1415602.jpg&w=640&q=90
Marbig Clear Plastic Ruler 30cm each,2.15,2.15,https://assets.woolworths.com.au/images/1005/190845.jpg?impolicy=wowsmkqiema&w=260&h=260,https://www.coles.com.au/_next/image?url=https%3A%2F%2Fcdn.productimages.coles.com.au%2Fproductimages%2F8%2F8799579.jpg&w=640&q=90
Decor Vent & Seal Glass Container 650mL each,12.0,12.0,https://assets.woolworths.com.au/images/1005/6054097.jpg?impolicy=wowsmkqiema&w=260&h=260,https://www.coles.com.au/_next/image?url=https%3A%2F%2Fcdn.productimages.coles.com.au%2Fproductimages%2F1%2F1545084.jpg&w=640&q=90
Decor Vent & Seal Glass Container 800mL each,14.0,14.0,https://assets.woolworths.com.au/images/1005/6051660.jpg?impolicy=wowsmkqiema&w=260&h=260,https://www.coles.com.au/_next/image?url=https%3A%2F%2Fcdn.productimages.coles.com.au%2Fproductimages%2F1%2F1545404.jpg&w=640&q=90
Bonds Ladies Seamless Bikini Size 12 Assorted 2 pack,13.0,13.0,https://assets.woolworths.com.au/images/1005/660242.jpg?impolicy=wowsmkqiema&w=260&h=260,https://www.coles.com.au/_next/image?url=https%3A%2F%2Fcdn.productimages.coles.com.au%2Fproductimages%2F4%2F4962554.jpg&w=640&q=90
Elmer's Slime Starter Kit Cosmic Metallic & Clear each,24.0,24.0,https://assets.woolworths.com.au/images/1005/239696.jpg?impolicy=wowsmkqiema&w=260&h=260,https://www.coles.com.au/_next/image?url=https%3A%2F%2Fcdn.productimages.coles.com.au%2Fproductimages%2F5%2F5247543.jpg&w=640&q=90
Selleys BBQ Accessory Tough Wipes 25 pack,12.0,12.0,https://assets.woolworths.com.au/images/1005/730039.jpg?impolicy=wowsmkqiema&w=260&h=260,https://www.coles.com.au/_next/image?url=https%3A%2F%2Fcdn.productimages.coles.com.au%2Fproductimages%2F1%2F1058196.jpg&w=640&q=90
Sistema Klip It Plus Juice Food Container 2L each,6.6,11.0,https://assets.woolworths.com.au/images/1005/106671.jpg?impolicy=wowsmkqiema&w=260&h=260,https://www.coles.com.au/_next/image?url=https%3A%2F%2Fcdn.productimages.coles.com.au%2Fproductimages%2F3%2F3793870.jpg&w=640&q=90
Waxworks Vintage Jar Citronella Candle each,12.0,5.0,https://assets.woolworths.com.au/images/1005/338998.jpg?impolicy=wowsmkqiema&w=260&h=260,https://www.coles.com.au/_next/image?url=https%3A%2F%2Fcdn.productimages.coles.com.au%2Fproductimages%2F2%2F2179458.jpg&w=640&q=90
BIC Velocity Mechanical Pencil 2 pack,6.0,6.0,https://assets.woolworths.com.au/images/1005/252710.jpg?impolicy=wowsmkqiema&w=260&h=260,https://www.coles.com.au/_next/image?url=https%3A%2F%2Fcdn.productimages.coles.com.au%2Fproductimages%2F3%2F3663591.jpg&w=640&q=90
Bonds Sheer Relief Trouser Sock Black 1 Size each,5.0,5.0,https://assets.woolworths.com.au/images/1005/100286.jpg?impolicy=wowsmkqiema&w=260&h=260,https://www.coles.com.au/_next/image?url=https%3A%2F%2Fcdn.productimages.coles.com.au%2Fproductimages%2F8%2F8424328.jpg&w=640&q=90
BIC Atlantis Original Ball Pens Black 4 pack,6.5,6.5,https://assets.woolworths.com.au/images/1005/763331.jpg?impolicy=wowsmkqiema&w=260&h=260,https://www.coles.com.au/_next/image?url=https%3A%2F%2Fcdn.productimages.coles.com.au%2Fproductimages%2F1%2F1868630.jpg&w=640&q=90
Maseur Footcare Foam Latex Insole Pair each,7.0,7.0,https://assets.woolworths.com.au/images/1005/204483.jpg?impolicy=wowsmkqiema&w=260&h=260,https://www.coles.com.au/_next/image?url=https%3A%2F%2Fcdn.productimages.coles.com.au%2Fproductimages%2F6%2F6448267.jpg&w=640&q=90
Hot Wheels Monster Trucks Toy Assorted each,6.5,6.5,https://assets.woolworths.com.au/images/1005/757246.jpg?impolicy=wowsmkqiema&w=260&h=260,https://www.coles.com.au/_next/image?url=https%3A%2F%2Fcdn.productimages.coles.com.au%2Fproductimages%2F9%2F9583804.jpg&w=640&q=90
Faber-Castell Connector Pens Fruity Scent 10 pack,8.0,5.9,https://assets.woolworths.com.au/images/1005/6041570.jpg?impolicy=wowsmkqiema&w=260&h=260,https://www.coles.com.au/_next/image?url=https%3A%2F%2Fcdn.productimages.coles.com.au%2Fproductimages%2F1%2F1839766.jpg&w=640&q=90
Selleys BBQ Accessory Tough Wipes 12 pack,6.5,6.5,https://assets.woolworths.com.au/images/1005/254843.jpg?impolicy=wowsmkqiema&w=260&h=260,https://www.coles.com.au/_next/image?url=https%3A%2F%2Fcdn.productimages.coles.com.au%2Fproductimages%2F5%2F5097134.jpg&w=640&q=90
Redheads Foil-Sealed Firelighters 24 pack,6.5,6.5,https://assets.woolworths.com.au/images/1005/250327.jpg?impolicy=wowsmkqiema&w=260&h=260,https://www.coles.com.au/_next/image?url=https%3A%2F%2Fcdn.productimages.coles.com.au%2Fproductimages%2F4%2F4994890.jpg&w=640&q=90
Scholl Go Sockless Cushioning Insoles each,20.0,20.0,https://assets.woolworths.com.au/images/1005/6003660.jpg?impolicy=wowsmkqiema&w=260&h=260,https://www.coles.com.au/_next/image?url=https%3A%2F%2Fcdn.productimages.coles.com.au%2Fproductimages%2F8%2F8925141.jpg&w=640&q=90
Odor Eaters Foot & Shoe Powder 100g,9.0,9.0,https://assets.woolworths.com.au/images/1005/95049.jpg?impolicy=wowsmkqiema&w=260&h=260,https://www.coles.com.au/_next/image?url=https%3A%2F%2Fcdn.productimages.coles.com.au%2Fproductimages%2F5%2F5983120.jpg&w=640&q=90
Smash Stainless Steel Barista Buddy Assorted 355mL each,22.0,22.0,https://assets.woolworths.com.au/images/1005/172758.jpg?impolicy=wowsmkqiema&w=260&h=260,https://www.coles.com.au/_next/image?url=https%3A%2F%2Fcdn.productimages.coles.com.au%2Fproductimages%2F8%2F8920625.jpg&w=640&q=90
Decor Microsafe Rice Cooker Microwavable Container 2.75L,12.5,12.5,https://assets.woolworths.com.au/images/1005/161058.jpg?impolicy=wowsmkqiema&w=260&h=260,https://www.coles.com.au/_next/image?url=https%3A%2F%2Fcdn.productimages.coles.com.au%2Fproductimages%2F8%2F8185668.jpg&w=640&q=90
Sellotape Tape Gift Dispenser each,3.55,3.15,https://assets.woolworths.com.au/images/1005/787377.jpg?impolicy=wowsmkqiema&w=260&h=260,https://www.coles.com.au/_next/image?url=https%3A%2F%2Fcdn.productimages.coles.com.au%2Fproductimages%2F1%2F1842556.jpg&w=640&q=90
Selleys Grease & Grime BBQ Accessory Cleaner 500mL,8.8,8.8,https://assets.woolworths.com.au/images/1005/730130.jpg?impolicy=wowsmkqiema&w=260&h=260,https://www.coles.com.au/_next/image?url=https%3A%2F%2Fcdn.productimages.coles.com.au%2Fproductimages%2F5%2F5579703.jpg&w=640&q=90
Faber-Castell Connector Markers 20 pack,8.8,8.8,https://assets.woolworths.com.au/images/1005/96750.jpg?impolicy=wowsmkqiema&w=260&h=260,https://www.coles.com.au/_next/image?url=https%3A%2F%2Fcdn.productimages.coles.com.au%2Fproductimages%2F1%2F1839744.jpg&w=640&q=90
Staedtler Rasoplast Erasers 2 pack,4.5,4.5,https://assets.woolworths.com.au/images/1005/145218.jpg?impolicy=wowsmkqiema&w=260&h=260,https://www.coles.com.au/_next/image?url=https%3A%2F%2Fcdn.productimages.coles.com.au%2Fproductimages%2F6%2F6821961.jpg&w=640&q=90
Korbond Fashion Tape Stripes & Shapes each,10.0,10.5,https://assets.woolworths.com.au/images/1005/103469.jpg?impolicy=wowsmkqiema&w=260&h=260,https://www.coles.com.au/_next/image?url=https%3A%2F%2Fcdn.productimages.coles.com.au%2Fproductimages%2F3%2F3974252.jpg&w=640&q=90
Korbond Tape Measure Metric & Imperial each,2.0,2.8,https://assets.woolworths.com.au/images/1005/101549.jpg?impolicy=wowsmkqiema&w=260&h=260,https://www.coles.com.au/_next/image?url=https%3A%2F%2Fcdn.productimages.coles.com.au%2Fproductimages%2F5%2F5323721.jpg&w=640&q=90
Sistema To Go Lunch Box Cutlery Set Assorted each,8.85,9.0,https://assets.woolworths.com.au/images/1005/340278.jpg?impolicy=wowsmkqiema&w=260&h=260,https://www.coles.com.au/_next/image?url=https%3A%2F%2Fcdn.productimages.coles.com.au%2Fproductimages%2F4%2F4232438.jpg&w=640&q=90
Willow Medium Ice Brick 350ml each,3.7,3.5,https://assets.woolworths.com.au/images/1005/954356.jpg?impolicy=wowsmkqiema&w=260&h=260,https://www.coles.com.au/_next/image?url=https%3A%2F%2Fcdn.productimages.coles.com.au%2Fproductimages%2F7%2F7126561.jpg&w=640&q=90
Air Wick Pure Cherry Blossom Air Freshener Spray | 159g,,4.0,,https://www.coles.com.au/_next/image?url=https%3A%2F%2Fcdn.productimages.coles.com.au%2Fproductimages%2F3%2F3059214.jpg&w=640&q=90
Sharpie Permanent Markers Fine Tip | 2 Pack,,5.6,,https://www.coles.com.au/_next/image?url=https%3A%2F%2Fcdn.productimages.coles.com.au%2Fproductimages%2F3%2F3251142.jpg&w=640&q=90
Brita Water Filter Maxtra Pro Pure Performance | 6 Pack,,62.4,,https://www.coles.com.au/_next/image?url=https%3A%2F%2Fcdn.productimages.coles.com.au%2Fproductimages%2F3%2F3779632.jpg&w=640&q=90
Paper Mate Inkjoy 100 Assorted Colours | 10 Pack,,5.25,,https://www.coles.com.au/_next/image?url=https%3A%2F%2Fcdn.productimages.coles.com.au%2Fproductimages%2F1%2F1842501.jpg&w=640&q=90
Brita Water Filter Maxtra Pro Pure Performance | 2 Pack,,32.5,,https://www.coles.com.au/_next/image?url=https%3A%2F%2Fcdn.productimages.coles.com.au%2Fproductimages%2F1%2F1033060.jpg&w=640&q=90
Sharpie S-gel Pens Black | 2 Pack,,8.0,,https://www.coles.com.au/_next/image?url=https%3A%2F%2Fcdn.productimages.coles.com.au%2Fproductimages%2F3%2F3785555.jpg&w=640&q=90
Sharpie Markers Fine Tip Colour Burst | 24 Pack,,25.0,,https://www.coles.com.au/_next/image?url=https%3A%2F%2Fcdn.productimages.coles.com.au%2Fproductimages%2F3%2F3672151.jpg&w=640&q=90
Brita Water Filter Maxtra Pro Pure Performance | 4 Pack,,53.0,,https://www.coles.com.au/_next/image?url=https%3A%2F%2Fcdn.productimages.coles.com.au%2Fproductimages%2F1%2F1033093.jpg&w=640&q=90
RID Repellent Pump Tropical 8hr | 100mL,,9.5,,https://www.coles.com.au/_next/image?url=https%3A%2F%2Fcdn.productimages.coles.com.au%2Fproductimages%2F6%2F6152817.jpg&w=640&q=90
Sharpie Markers Fine Tip Assorted | 12 Pack,,16.0,,https://www.coles.com.au/_next/image?url=https%3A%2F%2Fcdn.productimages.coles.com.au%2Fproductimages%2F3%2F3937880.jpg&w=640&q=90
Air Wick Pure Soft Cotton Air Freshener Spray | 159g,,4.0,,https://www.coles.com.au/_next/image?url=https%3A%2F%2Fcdn.productimages.coles.com.au%2Fproductimages%2F3%2F3059247.jpg&w=640&q=90
Bonds Mens Guyfront Trunk Size Medium | 1 Pack,,12.5,,https://www.coles.com.au/_next/image?url=https%3A%2F%2Fcdn.productimages.coles.com.au%2Fproductimages%2F5%2F5215354.jpg&w=640&q=90
Air Wick Pure Spring Delight Air Freshener Spray | 159g,,4.0,,https://www.coles.com.au/_next/image?url=https%3A%2F%2Fcdn.productimages.coles.com.au%2Fproductimages%2F3%2F3059203.jpg&w=640&q=90
Bonds Mens Guyfront Trunk Size L | 1 Pack,,12.5,,https://www.coles.com.au/_next/image?url=https%3A%2F%2Fcdn.productimages.coles.com.au%2Fproductimages%2F5%2F5215343.jpg&w=640&q=90
Air Wick Pure Ultimate Getaways Amalfi Coast Air Freshener Spray | 159g,,4.0,,https://www.coles.com.au/_next/image?url=https%3A%2F%2Fcdn.productimages.coles.com.au%2Fproductimages%2F6%2F6133801.jpg&w=640&q=90
Air Wick Pure Ultimate Getaways Amalfi Coast Reed Diffuser | 30mL,,7.0,,https://www.coles.com.au/_next/image?url=https%3A%2F%2Fcdn.productimages.coles.com.au%2Fproductimages%2F6%2F6133991.jpg&w=640&q=90
Bonds Mens 1/4 Crew Socks Size 11-14 | 3 Pack,,8.0,,https://www.coles.com.au/_next/image?url=https%3A%2F%2Fcdn.productimages.coles.com.au%2Fproductimages%2F5%2F5604684.jpg&w=640&q=90
Air Wick Essential Oils Vanilla Bean Candle | 1 Pack,,4.5,,https://www.coles.com.au/_next/image?url=https%3A%2F%2Fcdn.productimages.coles.com.au%2Fproductimages%2F3%2F3413415.jpg&w=640&q=90
Air Wick Aerosol- Free Automatic Spray & Refill Island Breeze | 228mL,,13.0,,https://www.coles.com.au/_next/image?url=https%3A%2F%2Fcdn.productimages.coles.com.au%2Fproductimages%2F7%2F7535301.jpg&w=640&q=90
Explorer Mens Original Wool Crew 6-10 | 1 Pack,,8.0,,https://www.coles.com.au/_next/image?url=https%3A%2F%2Fcdn.productimages.coles.com.au%2Fproductimages%2F5%2F5291705.jpg&w=640&q=90
Air Wick Pure Freshmatic Cherry Blossom Air Freshener Refill | 157g,,5.5,,https://www.coles.com.au/_next/image?url=https%3A%2F%2Fcdn.productimages.coles.com.au%2Fproductimages%2F3%2F3059407.jpg&w=640&q=90
Bonds Men's Guyfront Trunk Size XL | 1 Pack,,12.5,,https://www.coles.com.au/_next/image?url=https%3A%2F%2Fcdn.productimages.coles.com.au%2Fproductimages%2F3%2F3764817.jpg&w=640&q=90
Bonds Womens Hipster Bikini Brief Size 12 | 2 Pack,,12.0,,https://www.coles.com.au/_next/image?url=https%3A%2F%2Fcdn.productimages.coles.com.au%2Fproductimages%2F3%2F3629797.jpg&w=640&q=90
Bonds Mens Hipster Briefs Size L | 5 Pack,,16.0,,https://www.coles.com.au/_next/image?url=https%3A%2F%2Fcdn.productimages.coles.com.au%2Fproductimages%2F4%2F4729345.jpg&w=640&q=90
Air Wick Aerosol Free Auto Spray Essential Oil + Refill Sweet Vanilla She ... 228mL,,13.5,,https://www.coles.com.au/_next/image?url=https%3A%2F%2Fcdn.productimages.coles.com.au%2Fproductimages%2F1%2F1063061.jpg&w=640&q=90
Bonds Womens Socks Quarter Logo Size 8+ | 3 Pack,,8.0,,https://www.coles.com.au/_next/image?url=https%3A%2F%2Fcdn.productimages.coles.com.au%2Fproductimages%2F6%2F6847080.jpg&w=640&q=90
Air Wick Pure Freshmatic Spring Delight Air Freshener Refill | 157g,,5.5,,https://www.coles.com.au/_next/image?url=https%3A%2F%2Fcdn.productimages.coles.com.au%2Fproductimages%2F3%2F3422664.jpg&w=640&q=90
Bonds Mens Xtemp Trunk Size XL | 1 Pack,,12.5,,https://www.coles.com.au/_next/image?url=https%3A%2F%2Fcdn.productimages.coles.com.au%2Fproductimages%2F1%2F1389047.jpg&w=640&q=90
Bonds Mens Quarter Crew Mens Quarter Crew Logo Size 11+ | 3 Pack,,8.0,,https://www.coles.com.au/_next/image?url=https%3A%2F%2Fcdn.productimages.coles.com.au%2Fproductimages%2F5%2F5567908.jpg&w=640&q=90
Air Wick Essential Oils Cherry Blossom Candle | 1 Each,,4.5,,https://www.coles.com.au/_next/image?url=https%3A%2F%2Fcdn.productimages.coles.com.au%2Fproductimages%2F3%2F3413448.jpg&w=640&q=90
Air Wick Essential Mist Aroma Diffuser Happiness Pineapple-peach &  ... 20mL,,17.5,,https://www.coles.com.au/_next/image?url=https%3A%2F%2Fcdn.productimages.coles.com.au%2Fproductimages%2F4%2F4882932.jpg&w=640&q=90
Bonds Womens Logo Low Cut Size 8-11 | 3 Pack,,8.0,,https://www.coles.com.au/_next/image?url=https%3A%2F%2Fcdn.productimages.coles.com.au%2Fproductimages%2F7%2F7790965.jpg&w=640&q=90
Bonds Womens Cushioned 1/4 Crew Sock Size 3+ | 3 Pack,,8.0,,https://www.coles.com.au/_next/image?url=https%3A%2F%2Fcdn.productimages.coles.com.au%2Fproductimages%2F5%2F5605950.jpg&w=640&q=90
Sistema Heatables Round Bowl Container 900ml | 1 Each,,6.0,,https://www.coles.com.au/_next/image?url=https%3A%2F%2Fcdn.productimages.coles.com.au%2Fproductimages%2F1%2F1588746.jpg&w=640&q=90
Air Wick Aerosol-free Automatic Spray & Refill Apple Blossom &  ... 228mL,,13.0,,https://www.coles.com.au/_next/image?url=https%3A%2F%2Fcdn.productimages.coles.com.au%2Fproductimages%2F7%2F7534386.jpg&w=640&q=90
Bonds 70d Opaque /no Dig Tight Black Medium/large | 1 Pack,,6.5,,https://www.coles.com.au/_next/image?url=https%3A%2F%2Fcdn.productimages.coles.com.au%2Fproductimages%2F1%2F1721890.jpg&w=640&q=90
Bonds Mens Chafe Off Trunk XXL | 1 Pack,,13.0,,https://www.coles.com.au/_next/image?url=https%3A%2F%2Fcdn.productimages.coles.com.au%2Fproductimages%2F1%2F1388930.jpg&w=640&q=90
Bonds Womens Seamless Midi Brief Size 12 | 2 Pack,,13.0,,https://www.coles.com.au/_next/image?url=https%3A%2F%2Fcdn.productimages.coles.com.au%2Fproductimages%2F3%2F3711107.jpg&w=640&q=90
Bonds Men's Logo Crew Sock 11+ | 3 Pack,,8.0,,https://www.coles.com.au/_next/image?url=https%3A%2F%2Fcdn.productimages.coles.com.au%2Fproductimages%2F8%2F8946334.jpg&w=640&q=90
Air Wick Essential Oils Mountain Berry Blossom Candle | 1 Each,,4.5,,https://www.coles.com.au/_next/image?url=https%3A%2F%2Fcdn.productimages.coles.com.au%2Fproductimages%2F3%2F3413437.jpg&w=640&q=90
Bonds Womens Logo Light No Show Size 3 - 8 | 4 Pack,,8.0,,https://www.coles.com.au/_next/image?url=https%3A%2F%2Fcdn.productimages.coles.com.au%2Fproductimages%2F2%2F2982539.jpg&w=640&q=90
Bonds Womens Logo Light No Show Size 8 - 11 | 4 Pack,,8.0,,https://www.coles.com.au/_next/image?url=https%3A%2F%2Fcdn.productimages.coles.com.au%2Fproductimages%2F2%2F2982540.jpg&w=640&q=90
Bonds Womens Logo Low Cut Size 3-8 | 3 Pack,,8.0,,https://www.coles.com.au/_next/image?url=https%3A%2F%2Fcdn.productimages.coles.com.au%2Fproductimages%2F7%2F7790921.jpg&w=640&q=90
Bonds Mens Logo Low Cut 6-10 | 3 Pack,,8.0,,https://www.coles.com.au/_next/image?url=https%3A%2F%2Fcdn.productimages.coles.com.au%2Fproductimages%2F7%2F7665420.jpg&w=640&q=90
Air Wick Essential Oils Tropical Mango Candle | 1 Pack,,4.5,,https://www.coles.com.au/_next/image?url=https%3A%2F%2Fcdn.productimages.coles.com.au%2Fproductimages%2F3%2F3413459.jpg&w=640&q=90
Bonds Mens Guyfront Trunk Size S | 1 Pack,,12.5,,https://www.coles.com.au/_next/image?url=https%3A%2F%2Fcdn.productimages.coles.com.au%2Fproductimages%2F4%2F4962532.jpg&w=640&q=90
Bonds Mens Chafe Off Trunk XL | 1 Pack,,13.0,,https://www.coles.com.au/_next/image?url=https%3A%2F%2Fcdn.productimages.coles.com.au%2Fproductimages%2F1%2F1388918.jpg&w=640&q=90
Bonds Mens Logo Low Cut 11-14 | 3 Pack,,8.0,,https://www.coles.com.au/_next/image?url=https%3A%2F%2Fcdn.productimages.coles.com.au%2Fproductimages%2F7%2F7791720.jpg&w=640&q=90
Bonds Mens Logo Crew 6+ | 3 Pack,,8.0,,https://www.coles.com.au/_next/image?url=https%3A%2F%2Fcdn.productimages.coles.com.au%2Fproductimages%2F6%2F6845518.jpg&w=640&q=90
Scentory Soy Blend Desert Lime And Coconut Double Wicked Candle | 1 Pack,,12.5,,https://www.coles.com.au/_next/image?url=https%3A%2F%2Fcdn.productimages.coles.com.au%2Fproductimages%2F3%2F3996211.jpg&w=640&q=90
Bonds Mens Chafe Off Trunk L | 1 Pack,,13.0,,https://www.coles.com.au/_next/image?url=https%3A%2F%2Fcdn.productimages.coles.com.au%2Fproductimages%2F6%2F6845289.jpg&w=640&q=90
Razza Sheer Nylon Knee Hi Pantyhose Reinforced Toe | 2 Pack,,2.5,,https://www.coles.com.au/_next/image?url=https%3A%2F%2Fcdn.productimages.coles.com.au%2Fproductimages%2F6%2F6123819.jpg&w=640&q=90
Scentory Soy Blend Luscious Petals Double Wicked Candle | 1 Pack,,12.5,,https://www.coles.com.au/_next/image?url=https%3A%2F%2Fcdn.productimages.coles.com.au%2Fproductimages%2F3%2F3996233.jpg&w=640&q=90
Scentory Aerosol Luscious Petals | 165g,,3.5,,https://www.coles.com.au/_next/image?url=https%3A%2F%2Fcdn.productimages.coles.com.au%2Fproductimages%2F4%2F4951172.jpg&w=640&q=90
Sharpie S-gel Pens Assorted | 8 Pack,,22.0,,https://www.coles.com.au/_next/image?url=https%3A%2F%2Fcdn.productimages.coles.com.au%2Fproductimages%2F5%2F5245515.jpg&w=640&q=90
Sharpie S- Gel Pens Assorted | 4 Pack,,15.0,,https://www.coles.com.au/_next/image?url=https%3A%2F%2Fcdn.productimages.coles.com.au%2Fproductimages%2F3%2F3937857.jpg&w=640&q=90
Expo Whiteboard Markers Fine Tip | 8 Pack,,18.0,,https://www.coles.com.au/_next/image?url=https%3A%2F%2Fcdn.productimages.coles.com.au%2Fproductimages%2F3%2F3887329.jpg&w=640&q=90
RID Repellent Aerosol Tropical 8hr | 150g,,7.5,,https://www.coles.com.au/_next/image?url=https%3A%2F%2Fcdn.productimages.coles.com.au%2Fproductimages%2F6%2F6152781.jpg&w=640&q=90
NRG Super Alkaline AA | 14 Pack,,8.3,,https://www.coles.com.au/_next/image?url=https%3A%2F%2Fcdn.productimages.coles.com.au%2Fproductimages%2F3%2F3858615.jpg&w=640&q=90
Bonds Men's Hipster Briefs Medium | 5 Pack,,16.0,,https://www.coles.com.au/_next/image?url=https%3A%2F%2Fcdn.productimages.coles.com.au%2Fproductimages%2F4%2F4728660.jpg&w=640&q=90
Bonds Men's Base Trunk L | 2 Pack,,17.5,,https://www.coles.com.au/_next/image?url=https%3A%2F%2Fcdn.productimages.coles.com.au%2Fproductimages%2F6%2F6845450.jpg&w=640&q=90
Bonds Mens Base Trunk Size XL | 2 Pack,,17.5,,https://www.coles.com.au/_next/image?url=https%3A%2F%2Fcdn.productimages.coles.com.au%2Fproductimages%2F1%2F1389058.jpg&w=640&q=90
Bonds Womens Seamless Full Brief Size 18 | 2 Pack,,13.0,,https://www.coles.com.au/_next/image?url=https%3A%2F%2Fcdn.productimages.coles.com.au%2Fproductimages%2F8%2F8946265.jpg&w=640&q=90
Air Wick Aerosol Free Auto Spray Essential Oil + Refill Linen & White Orc ... 1 Pack,,13.5,,https://www.coles.com.au/_next/image?url=https%3A%2F%2Fcdn.productimages.coles.com.au%2Fproductimages%2F1%2F1061791.jpg&w=640&q=90
Bonds Womens Hipster Bikini Size 8 | 2 Pack,,12.0,,https://www.coles.com.au/_next/image?url=https%3A%2F%2Fcdn.productimages.coles.com.au%2Fproductimages%2F1%2F1389069.jpg&w=640&q=90
Air Wick Pure Scented Oil Diffuser + Refill Lemon Blossom And Jasmi ... 19mL,,7.5,,https://www.coles.com.au/_next/image?url=https%3A%2F%2Fcdn.productimages.coles.com.au%2Fproductimages%2F8%2F8163530.jpg&w=640&q=90
Bonds Womens Half Crew (3+) Socks | 4 Pack,,8.0,,https://www.coles.com.au/_next/image?url=https%3A%2F%2Fcdn.productimages.coles.com.au%2Fproductimages%2F1%2F1388871.jpg&w=640&q=90
Bonds Womens Hipster Bikini Brief Size 10 | 2 Pack,,12.0,,https://www.coles.com.au/_next/image?url=https%3A%2F%2Fcdn.productimages.coles.com.au%2Fproductimages%2F3%2F3629786.jpg&w=640&q=90
Bonds Mens Chesty Size 18 | 1 Pack,,8.5,,https://www.coles.com.au/_next/image?url=https%3A%2F%2Fcdn.productimages.coles.com.au%2Fproductimages%2F1%2F1390884.jpg&w=640&q=90
Scentory Room Spray Luscious Petals Air Freshener | 250mL,,5.0,,https://www.coles.com.au/_next/image?url=https%3A%2F%2Fcdn.productimages.coles.com.au%2Fproductimages%2F3%2F3982498.jpg&w=640&q=90
Bonds Women's Logo Sport Crew Sock 8+ | 3 Pack,,8.0,,https://www.coles.com.au/_next/image?url=https%3A%2F%2Fcdn.productimages.coles.com.au%2Fproductimages%2F8%2F8968133.jpg&w=640&q=90
Bonds Mens X- Temp Size L | 1 Pack,,12.5,,https://www.coles.com.au/_next/image?url=https%3A%2F%2Fcdn.productimages.coles.com.au%2Fproductimages%2F3%2F3711050.jpg&w=640&q=90
Scentory Soy Blend Double Wicked Candle Fig Blossom | 1 Pack,,12.5,,https://www.coles.com.au/_next/image?url=https%3A%2F%2Fcdn.productimages.coles.com.au%2Fproductimages%2F3%2F3996197.jpg&w=640&q=90
Scentory Fragrance Diffuser Vanilla Bean And Caramel | 120mL,,11.0,,https://www.coles.com.au/_next/image?url=https%3A%2F%2Fcdn.productimages.coles.com.au%2Fproductimages%2F3%2F3996492.jpg&w=640&q=90
NRG Super Alkaline AAA | 14 Pack,,8.3,,https://www.coles.com.au/_next/image?url=https%3A%2F%2Fcdn.productimages.coles.com.au%2Fproductimages%2F3%2F3858660.jpg&w=640&q=90
Bonds Womens Logo No Show Size 3-8 | 3 Pack,,8.0,,https://www.coles.com.au/_next/image?url=https%3A%2F%2Fcdn.productimages.coles.com.au%2Fproductimages%2F6%2F6363051.jpg&w=640&q=90
Bonds Womens Seamless Midi Brief Size 14 | 2 Pack,,13.0,,https://www.coles.com.au/_next/image?url=https%3A%2F%2Fcdn.productimages.coles.com.au%2Fproductimages%2F4%2F4962656.jpg&w=640&q=90
Grillman BBQ Reusable Hot Plate Liners 500mm X 400mm | 1 each,,5.0,,https://www.coles.com.au/_next/image?url=https%3A%2F%2Fcdn.productimages.coles.com.au%2Fproductimages%2F2%2F2153807.jpg&w=640&q=90
Sistema Heatables Round Bowl Container 360ml | 1 Each,,5.0,,https://www.coles.com.au/_next/image?url=https%3A%2F%2Fcdn.productimages.coles.com.au%2Fproductimages%2F1%2F1588688.jpg&w=640&q=90
Bonds Mens Sweat Off Trunk Size M | 1 Pack,,13.0,,https://www.coles.com.au/_next/image?url=https%3A%2F%2Fcdn.productimages.coles.com.au%2Fproductimages%2F1%2F1445716.jpg&w=640&q=90
Scentory Aerosol Desert Lime & Coconut | 165g,,3.5,,https://www.coles.com.au/_next/image?url=https%3A%2F%2Fcdn.productimages.coles.com.au%2Fproductimages%2F4%2F4951605.jpg&w=640&q=90
Pilot V Board Whiteboard Marker | 2 Pack,,4.0,,https://www.coles.com.au/_next/image?url=https%3A%2F%2Fcdn.productimages.coles.com.au%2Fproductimages%2F1%2F1302071.jpg&w=640&q=90
Bonds Girls Kids Bikini Size 14/16 | 4 Pack,,9.5,,https://www.coles.com.au/_next/image?url=https%3A%2F%2Fcdn.productimages.coles.com.au%2Fproductimages%2F1%2F1401561.jpg&w=640&q=90
Bonds Kids Logo Light Quarter Crew Size 13 - 3 | 3 Pack,,7.0,,https://www.coles.com.au/_next/image?url=https%3A%2F%2Fcdn.productimages.coles.com.au%2Fproductimages%2F3%2F3629753.jpg&w=640&q=90
Bonds Kids Logo Light Quarter Crew Socks Size 13-3 | 4 Pack,,7.0,,https://www.coles.com.au/_next/image?url=https%3A%2F%2Fcdn.productimages.coles.com.au%2Fproductimages%2F2%2F2982277.jpg&w=640&q=90
Bonds 40d Opaque Knee High 1size Nude | 1 Pack,,3.0,,https://www.coles.com.au/_next/image?url=https%3A%2F%2Fcdn.productimages.coles.com.au%2Fproductimages%2F2%2F2145150.jpg&w=640&q=90
Bonds Girls Kids Bikini Size 6/8 | 4 Pack,,9.5,,https://www.coles.com.au/_next/image?url=https%3A%2F%2Fcdn.productimages.coles.com.au%2Fproductimages%2F1%2F1401540.jpg&w=640&q=90
Bonds Girls Kids Bikini Size10/12 | 4 Pack,,9.5,,https://www.coles.com.au/_next/image?url=https%3A%2F%2Fcdn.productimages.coles.com.au%2Fproductimages%2F1%2F1401550.jpg&w=640&q=90
Razza Light Slimming Pantyhose Nat Tall | 2 Pack,,4.0,,https://www.coles.com.au/_next/image?url=https%3A%2F%2Fcdn.productimages.coles.com.au%2Fproductimages%2F4%2F4164746.jpg&w=640&q=90
Bonds Men's Brief Size XL | 5 Pack,,14.0,,https://www.coles.com.au/_next/image?url=https%3A%2F%2Fcdn.productimages.coles.com.au%2Fproductimages%2F8%2F8946276.jpg&w=640&q=90
Razza Value Anklet Sock Tan | 2 Pack,,1.5,,https://www.coles.com.au/_next/image?url=https%3A%2F%2Fcdn.productimages.coles.com.au%2Fproductimages%2F8%2F8966728.jpg&w=640&q=90
Bonds 120d Black Opaque Tights Small/medium | 1 Pack,,7.5,,https://www.coles.com.au/_next/image?url=https%3A%2F%2Fcdn.productimages.coles.com.au%2Fproductimages%2F7%2F7432229.jpg&w=640&q=90
Bonds 40d Opaque Knee High Tights 1 Size | 1 Pack,,3.0,,https://www.coles.com.au/_next/image?url=https%3A%2F%2Fcdn.productimages.coles.com.au%2Fproductimages%2F2%2F2145172.jpg&w=640&q=90
Sheer Relief Pantyhose 20 Denier X-tall | 1 each,,5.0,,https://www.coles.com.au/_next/image?url=https%3A%2F%2Fcdn.productimages.coles.com.au%2Fproductimages%2F4%2F4163594.jpg&w=640&q=90
Bonds Womens Seamless Bikini Size 10 | 2 Pack,,13.0,,https://www.coles.com.au/_next/image?url=https%3A%2F%2Fcdn.productimages.coles.com.au%2Fproductimages%2F6%2F6845529.jpg&w=640&q=90
Sheer Relief Pantyhose Beige Average | 1 each,,5.0,,https://www.coles.com.au/_next/image?url=https%3A%2F%2Fcdn.productimages.coles.com.au%2Fproductimages%2F4%2F4163970.jpg&w=640&q=90
Bonds Kids Logo Light Quarter Crew Size 2 - 8 | 4 Pack,,7.0,,https://www.coles.com.au/_next/image?url=https%3A%2F%2Fcdn.productimages.coles.com.au%2Fproductimages%2F2%2F2982288.jpg&w=640&q=90
Decor XL Double Wall Smoothie Tumbler | 1 each,,12.75,,https://www.coles.com.au/_next/image?url=https%3A%2F%2Fcdn.productimages.coles.com.au%2Fproductimages%2F3%2F3783119.jpg&w=640&q=90
Bonds Sheer Pantyhose Slim Nude Medium | 1 each,,4.5,,https://www.coles.com.au/_next/image?url=https%3A%2F%2Fcdn.productimages.coles.com.au%2Fproductimages%2F4%2F4163798.jpg&w=640&q=90
Bonds Sheer Pantyhose Slim Black Medium | 1 each,,4.5,,https://www.coles.com.au/_next/image?url=https%3A%2F%2Fcdn.productimages.coles.com.au%2Fproductimages%2F4%2F4163823.jpg&w=640&q=90
Bonds Womens Xtemp Sneaker Footlet 4+ | 1 Pack,,2.5,,https://www.coles.com.au/_next/image?url=https%3A%2F%2Fcdn.productimages.coles.com.au%2Fproductimages%2F5%2F5696911.jpg&w=640&q=90
Bonds Kids Logo Qtr Crew Size 9-12 | 3 Pack,,7.0,,https://www.coles.com.au/_next/image?url=https%3A%2F%2Fcdn.productimages.coles.com.au%2Fproductimages%2F6%2F6845085.jpg&w=640&q=90
Bonds Kids Logo Quarter Crew Socks Size Size 2-8 | 3 Pack,,7.0,,https://www.coles.com.au/_next/image?url=https%3A%2F%2Fcdn.productimages.coles.com.au%2Fproductimages%2F3%2F3629764.jpg&w=640&q=90
Bonds Womens Half Crew 8+ Socks | 4 Pack,,8.0,,https://www.coles.com.au/_next/image?url=https%3A%2F%2Fcdn.productimages.coles.com.au%2Fproductimages%2F1%2F1388907.jpg&w=640&q=90
Scentory Fragrance Diffuser Desert Lime And Coconut | 120mL,,11.0,,https://www.coles.com.au/_next/image?url=https%3A%2F%2Fcdn.productimages.coles.com.au%2Fproductimages%2F3%2F3996481.jpg&w=640&q=90
Bonds Smooth Footlet 1 Size Black | 1 Pack,,3.0,,https://www.coles.com.au/_next/image?url=https%3A%2F%2Fcdn.productimages.coles.com.au%2Fproductimages%2F1%2F1531603.jpg&w=640&q=90
Razza Ladder Resist Natural Average | 1 each,,3.0,,https://www.coles.com.au/_next/image?url=https%3A%2F%2Fcdn.productimages.coles.com.au%2Fproductimages%2F4%2F4163856.jpg&w=640&q=90
Coles B5 Perforated Notebook 160 Page | 1 Each,,3.0,,https://www.coles.com.au/_next/image?url=https%3A%2F%2Fcdn.productimages.coles.com.au%2Fproductimages%2F1%2F1170196.jpg&w=640&q=90
Bonds 150d Flex Leggings Sm-md | 1 each,,12.5,,https://www.coles.com.au/_next/image?url=https%3A%2F%2Fcdn.productimages.coles.com.au%2Fproductimages%2F3%2F3997509.jpg&w=640&q=90
Bonds Womens Logo Sport Crew Sock 3+ | 3 Pack,,8.0,,https://www.coles.com.au/_next/image?url=https%3A%2F%2Fcdn.productimages.coles.com.au%2Fproductimages%2F1%2F1389014.jpg&w=640&q=90
Scentory Room Spray Fig Blossom Air Freshener | 250mL,,5.0,,https://www.coles.com.au/_next/image?url=https%3A%2F%2Fcdn.productimages.coles.com.au%2Fproductimages%2F3%2F3982487.jpg&w=640&q=90
Bonds 70d Opaque/ No Dig Tight Black Sm/med | 1 Pack,,6.5,,https://www.coles.com.au/_next/image?url=https%3A%2F%2Fcdn.productimages.coles.com.au%2Fproductimages%2F1%2F1721880.jpg&w=640&q=90
Bonds Womensi Seamless Brief Bikin Size 14 | 2 Pack,,13.0,,https://www.coles.com.au/_next/image?url=https%3A%2F%2Fcdn.productimages.coles.com.au%2Fproductimages%2F8%2F8927602.jpg&w=640&q=90
Sheer Relief Knee Hi Pantyhose Osfa Assorted | 1 Pair,,4.0,,https://www.coles.com.au/_next/image?url=https%3A%2F%2Fcdn.productimages.coles.com.au%2Fproductimages%2F8%2F8005799.jpg&w=640&q=90
Sheer Relief 32800 Pantyhose Beige Tall | 1 each,,5.0,,https://www.coles.com.au/_next/image?url=https%3A%2F%2Fcdn.productimages.coles.com.au%2Fproductimages%2F4%2F4163991.jpg&w=640&q=90
Bonds Womens Seamless Bikini Size 8 | 2 Pack,,13.0,,https://www.coles.com.au/_next/image?url=https%3A%2F%2Fcdn.productimages.coles.com.au%2Fproductimages%2F1%2F1391967.jpg&w=640&q=90
Razza Light Slimming Brief Nat Xtall | 2 Pack,,4.0,,https://www.coles.com.au/_next/image?url=https%3A%2F%2Fcdn.productimages.coles.com.au%2Fproductimages%2F4%2F4165024.jpg&w=640&q=90
Bonds Mens Total Package Trunk Assorted XL | 1 Pack,,12.5,,https://www.coles.com.au/_next/image?url=https%3A%2F%2Fcdn.productimages.coles.com.au%2Fproductimages%2F1%2F1390862.jpg&w=640&q=90
Bonds Womens Xtemp Sneaker Footlet Nude 8+ | 1 Pack,,2.5,,https://www.coles.com.au/_next/image?url=https%3A%2F%2Fcdn.productimages.coles.com.au%2Fproductimages%2F5%2F5696922.jpg&w=640&q=90
Scentory Fragrance Diffuser Luscious Petals | 120mL,,11.0,,https://www.coles.com.au/_next/image?url=https%3A%2F%2Fcdn.productimages.coles.com.au%2Fproductimages%2F3%2F3996506.jpg&w=640&q=90
Scentory Fragrance Reed Diffuser Fig Blossom | 120mL,,11.0,,https://www.coles.com.au/_next/image?url=https%3A%2F%2Fcdn.productimages.coles.com.au%2Fproductimages%2F6%2F6744157.jpg&w=640&q=90
Razza 40d Elastane Opaque Black Tights Tall/xtall | 1 Pack,,4.0,,https://www.coles.com.au/_next/image?url=https%3A%2F%2Fcdn.productimages.coles.com.au%2Fproductimages%2F5%2F5960259.jpg&w=640&q=90
Sheer Relief 32800 Pantyhose Black Tall | 1 each,,5.0,,https://www.coles.com.au/_next/image?url=https%3A%2F%2Fcdn.productimages.coles.com.au%2Fproductimages%2F4%2F4163630.jpg&w=640&q=90
Razza Light Slimming Brief Natural Average | 1 each,,4.0,,https://www.coles.com.au/_next/image?url=https%3A%2F%2Fcdn.productimages.coles.com.au%2Fproductimages%2F4%2F4164382.jpg&w=640&q=90
Bonds Mens Chesty Size 22 | 1 Pack,,8.5,,https://www.coles.com.au/_next/image?url=https%3A%2F%2Fcdn.productimages.coles.com.au%2Fproductimages%2F1%2F1390910.jpg&w=640&q=90
Bonds Kids Logo Crew Socks 13-3 | 3 Pack,,7.0,,https://www.coles.com.au/_next/image?url=https%3A%2F%2Fcdn.productimages.coles.com.au%2Fproductimages%2F1%2F1388995.jpg&w=640&q=90
Sheer Relief 40d Compression Tall/xtall | 1 Pack,,5.5,,https://www.coles.com.au/_next/image?url=https%3A%2F%2Fcdn.productimages.coles.com.au%2Fproductimages%2F7%2F7017227.jpg&w=640&q=90
Razza Ladder Resist Natural/ X Tall | 1 each,,3.0,,https://www.coles.com.au/_next/image?url=https%3A%2F%2Fcdn.productimages.coles.com.au%2Fproductimages%2F4%2F4163890.jpg&w=640&q=90
Bonds Mens Sneaker Logo Lite 6+ | 4 Pack,,8.0,,https://www.coles.com.au/_next/image?url=https%3A%2F%2Fcdn.productimages.coles.com.au%2Fproductimages%2F1%2F1401583.jpg&w=640&q=90
Bonds Mens Sneaker Logo Lite 11+ | 4 Pack,,8.0,,https://www.coles.com.au/_next/image?url=https%3A%2F%2Fcdn.productimages.coles.com.au%2Fproductimages%2F3%2F3711162.jpg&w=640&q=90
Bonds Textured Rib Legging S-m/m-l | 1 Pack,,10.0,,https://www.coles.com.au/_next/image?url=https%3A%2F%2Fcdn.productimages.coles.com.au%2Fproductimages%2F3%2F3137497.jpg&w=640&q=90
Bonds Men's Action Brief Size M | 5 Pack,,14.0,,https://www.coles.com.au/_next/image?url=https%3A%2F%2Fcdn.productimages.coles.com.au%2Fproductimages%2F5%2F5746521.jpg&w=640&q=90
Bonds Sheer Pantyhose Slim Nude Small | 1 each,,4.5,,https://www.coles.com.au/_next/image?url=https%3A%2F%2Fcdn.productimages.coles.com.au%2Fproductimages%2F4%2F4163787.jpg&w=640&q=90
Razza Value Anklet Socks Black | 2 Pack,,1.5,,https://www.coles.com.au/_next/image?url=https%3A%2F%2Fcdn.productimages.coles.com.au%2Fproductimages%2F8%2F8966692.jpg&w=640&q=90
Bonds Womens Hipster Boyleg Brief Size 12 | 2 Pack,,12.0,,https://www.coles.com.au/_next/image?url=https%3A%2F%2Fcdn.productimages.coles.com.au%2Fproductimages%2F6%2F6590701.jpg&w=640&q=90
Bonds Sheer Pantyhose Slim Black Small | 1 each,,4.5,,https://www.coles.com.au/_next/image?url=https%3A%2F%2Fcdn.productimages.coles.com.au%2Fproductimages%2F4%2F4163812.jpg&w=640&q=90
Sheer Relief 40d Compression Size Ave / Tall | 1 Each,,5.5,,https://www.coles.com.au/_next/image?url=https%3A%2F%2Fcdn.productimages.coles.com.au%2Fproductimages%2F7%2F7016745.jpg&w=640&q=90
Razza Ladder Resist Natural Tall | 1 each,,3.0,,https://www.coles.com.au/_next/image?url=https%3A%2F%2Fcdn.productimages.coles.com.au%2Fproductimages%2F4%2F4163878.jpg&w=640&q=90
Sheer Relief Pantyhose Beige X-tall | 1 each,,5.0,,https://www.coles.com.au/_next/image?url=https%3A%2F%2Fcdn.productimages.coles.com.au%2Fproductimages%2F4%2F4164123.jpg&w=640&q=90
Bonds Mens Action Brief L | 5 Pack,,14.0,,https://www.coles.com.au/_next/image?url=https%3A%2F%2Fcdn.productimages.coles.com.au%2Fproductimages%2F5%2F5746554.jpg&w=640&q=90
Bonds Bucket Hat | 1 each,,7.0,,https://www.coles.com.au/_next/image?url=https%3A%2F%2Fcdn.productimages.coles.com.au%2Fproductimages%2F8%2F8842260.jpg&w=640&q=90
Bonds Womens Hipster Boyleg Brief Size 10 | 2 Pack,,12.0,,https://www.coles.com.au/_next/image?url=https%3A%2F%2Fcdn.productimages.coles.com.au%2Fproductimages%2F1%2F1400591.jpg&w=640&q=90
Sheer Relief Pantyhose Black Average | 1 each,,5.0,,https://www.coles.com.au/_next/image?url=https%3A%2F%2Fcdn.productimages.coles.com.au%2Fproductimages%2F4%2F4163619.jpg&w=640&q=90
Bonds Kids Logo Low Cut 13-3 | 3 Pack,,7.0,,https://www.coles.com.au/_next/image?url=https%3A%2F%2Fcdn.productimages.coles.com.au%2Fproductimages%2F7%2F7665500.jpg&w=640&q=90
Decor Double Wall 2 In 1 Travel Tumbler | 900mL,,19.0,,https://www.coles.com.au/_next/image?url=https%3A%2F%2Fcdn.productimages.coles.com.au%2Fproductimages%2F8%2F8706625.jpg&w=640&q=90
Razza Classic Fishnet Black One Size | 1 Pack,,4.0,,https://www.coles.com.au/_next/image?url=https%3A%2F%2Fcdn.productimages.coles.com.au%2Fproductimages%2F3%2F3131720.jpg&w=640&q=90
Bonds Flex Leggings 150d 1pk Md-lg | 1 each,,12.5,,https://www.coles.com.au/_next/image?url=https%3A%2F%2Fcdn.productimages.coles.com.au%2Fproductimages%2F3%2F3997510.jpg&w=640&q=90
Bonds Skinny Legging Mix Colour Small/medium | 1 Pack,,11.0,,https://www.coles.com.au/_next/image?url=https%3A%2F%2Fcdn.productimages.coles.com.au%2Fproductimages%2F1%2F1721915.jpg&w=640&q=90
Bonds Skinny Legging Mix Colour Medium/large | 1 Pack,,11.0,,https://www.coles.com.au/_next/image?url=https%3A%2F%2Fcdn.productimages.coles.com.au%2Fproductimages%2F1%2F1721926.jpg&w=640&q=90
Air Wick Pure Ultimate Getaways Amalfi Coast Automatic Spray Re ... 159g,,11.0,,https://www.coles.com.au/_next/image?url=https%3A%2F%2Fcdn.productimages.coles.com.au%2Fproductimages%2F6%2F6133903.jpg&w=640&q=90
Zak Reusable Cutlery License 2 | 1 Each,,5.0,,https://www.coles.com.au/_next/image?url=https%3A%2F%2Fcdn.productimages.coles.com.au%2Fproductimages%2F9%2F9193967.jpg&w=640&q=90
Zak Reusable Plate License 1 | 1 Each,,5.0,,https://www.coles.com.au/_next/image?url=https%3A%2F%2Fcdn.productimages.coles.com.au%2Fproductimages%2F9%2F9193854.jpg&w=640&q=90
Zak Reusable Cutlery License 1 | 1 Each,,5.0,,https://www.coles.com.au/_next/image?url=https%3A%2F%2Fcdn.productimages.coles.com.au%2Fproductimages%2F9%2F9193956.jpg&w=640&q=90
Zak Reusable Mug License 1 | 1 Each,,5.0,,https://www.coles.com.au/_next/image?url=https%3A%2F%2Fcdn.productimages.coles.com.au%2Fproductimages%2F9%2F9193978.jpg&w=640&q=90
Zak Reusable Plate License 2 | 1 Each,,5.0,,https://www.coles.com.au/_next/image?url=https%3A%2F%2Fcdn.productimages.coles.com.au%2Fproductimages%2F9%2F9193901.jpg&w=640&q=90
Zak Reusable Mug License 2 | 1 Each,,5.0,,https://www.coles.com.au/_next/image?url=https%3A%2F%2Fcdn.productimages.coles.com.au%2Fproductimages%2F9%2F9193989.jpg&w=640&q=90
Zak Reusable Bowl License 1 | 1 Each,,5.0,,https://www.coles.com.au/_next/image?url=https%3A%2F%2Fcdn.productimages.coles.com.au%2Fproductimages%2F9%2F9193912.jpg&w=640&q=90
Zak Reusable Bowl License 2 | 1 Each,,5.0,,https://www.coles.com.au/_next/image?url=https%3A%2F%2Fcdn.productimages.coles.com.au%2Fproductimages%2F9%2F9193923.jpg&w=640&q=90
Bic Mega Lighter | 1 each,,6.0,,https://www.coles.com.au/_next/image?url=https%3A%2F%2Fcdn.productimages.coles.com.au%2Fproductimages%2F2%2F2396252.jpg&w=640&q=90
Ziploc Resealable Sandwich Bags | 100 Pack,,6.6,,https://www.coles.com.au/_next/image?url=https%3A%2F%2Fcdn.productimages.coles.com.au%2Fproductimages%2F3%2F3975561.jpg&w=640&q=90
Bic Ez Reach Lighters | 2 Pack,,6.6,,https://www.coles.com.au/_next/image?url=https%3A%2F%2Fcdn.productimages.coles.com.au%2Fproductimages%2F6%2F6438638.jpg&w=640&q=90
Pyrex Iconics Glass Bowl 3l | 1 each,,9.9,,https://www.coles.com.au/_next/image?url=https%3A%2F%2Fcdn.productimages.coles.com.au%2Fproductimages%2F5%2F5306733.jpg&w=640&q=90
Pyrex Bake N Serve Roaster | 4.2L,,14.4,,https://www.coles.com.au/_next/image?url=https%3A%2F%2Fcdn.productimages.coles.com.au%2Fproductimages%2F1%2F1616976.jpg&w=640&q=90
Bic Multi Purpose Flex Wand Lighter | 1 Pack,,8.1,,https://www.coles.com.au/_next/image?url=https%3A%2F%2Fcdn.productimages.coles.com.au%2Fproductimages%2F2%2F2940197.jpg&w=640&q=90
Pyrex Iconics Glass Bowl 1l | 1 each,,6.6,,https://www.coles.com.au/_next/image?url=https%3A%2F%2Fcdn.productimages.coles.com.au%2Fproductimages%2F5%2F5306573.jpg&w=640&q=90
Coles Party Paper Cups | 10 Pack,,3.0,,https://www.coles.com.au/_next/image?url=https%3A%2F%2Fcdn.productimages.coles.com.au%2Fproductimages%2F1%2F1511490.jpg&w=640&q=90
Bic Multi Purpose Lighter | 1 each,,7.5,,https://www.coles.com.au/_next/image?url=https%3A%2F%2Fcdn.productimages.coles.com.au%2Fproductimages%2F3%2F3660287.jpg&w=640&q=90
Pyrex Ultra Glass Bake N Reheat Square Container | 520mL,,13.0,,https://www.coles.com.au/_next/image?url=https%3A%2F%2Fcdn.productimages.coles.com.au%2Fproductimages%2F1%2F1616921.jpg&w=640&q=90
Coles Novelty Toothpicks | 20 Pack,,3.5,,https://www.coles.com.au/_next/image?url=https%3A%2F%2Fcdn.productimages.coles.com.au%2Fproductimages%2F1%2F1511504.jpg&w=640&q=90
Aerogard Home Flying Light Trap Starter | 1 Each,,30.0,,https://www.coles.com.au/_next/image?url=https%3A%2F%2Fcdn.productimages.coles.com.au%2Fproductimages%2F1%2F1307949.jpg&w=640&q=90
Pyrex Ultra Glass Bake N Reheat Square Container | 800mL,,16.0,,https://www.coles.com.au/_next/image?url=https%3A%2F%2Fcdn.productimages.coles.com.au%2Fproductimages%2F1%2F1616943.jpg&w=640&q=90
Coles Loot Bag | 8 Pack,,5.0,,https://www.coles.com.au/_next/image?url=https%3A%2F%2Fcdn.productimages.coles.com.au%2Fproductimages%2F1%2F1511526.jpg&w=640&q=90
Aerogard Home Flying Light Trap Refill | 2 Pack,,15.0,,https://www.coles.com.au/_next/image?url=https%3A%2F%2Fcdn.productimages.coles.com.au%2Fproductimages%2F1%2F1307938.jpg&w=640&q=90
Coles Balloon Pump | 1 Each,,3.0,,https://www.coles.com.au/_next/image?url=https%3A%2F%2Fcdn.productimages.coles.com.au%2Fproductimages%2F1%2F1510750.jpg&w=640&q=90
Pyrex Bake N Serve Roaster | 2.6L,,12.0,,https://www.coles.com.au/_next/image?url=https%3A%2F%2Fcdn.productimages.coles.com.au%2Fproductimages%2F1%2F1616954.jpg&w=640&q=90
Pyrex Bake N Serve Roaster | 3.6L,,22.0,,https://www.coles.com.au/_next/image?url=https%3A%2F%2Fcdn.productimages.coles.com.au%2Fproductimages%2F1%2F1616965.jpg&w=640&q=90
Coles 25 Piece Coloured Candle Set With Mini Cake Topper | 1 Set,,4.0,,https://www.coles.com.au/_next/image?url=https%3A%2F%2Fcdn.productimages.coles.com.au%2Fproductimages%2F1%2F1511548.jpg&w=640&q=90
Coles 13 Piece Metallic Candle Set With Mini Cake Topper | 1 Set,,4.0,,https://www.coles.com.au/_next/image?url=https%3A%2F%2Fcdn.productimages.coles.com.au%2Fproductimages%2F1%2F1511559.jpg&w=640&q=90
Pyrex Ultra Glass Bake N Reheat Round Container | 650mL,,13.0,,https://www.coles.com.au/_next/image?url=https%3A%2F%2Fcdn.productimages.coles.com.au%2Fproductimages%2F1%2F1616706.jpg&w=640&q=90
Decor Microsafe Dual Stack Steamer | 2.6L,,15.0,,https://www.coles.com.au/_next/image?url=https%3A%2F%2Fcdn.productimages.coles.com.au%2Fproductimages%2F1%2F1618042.jpg&w=640&q=90
Artwrap Happy Birthday Candle Sparkler | 12 Pack,,6.0,,https://www.coles.com.au/_next/image?url=https%3A%2F%2Fcdn.productimages.coles.com.au%2Fproductimages%2F1%2F1510680.jpg&w=640&q=90
Pyrex Ultra Glass Bake N Reheat Round Container | 950mL,,16.0,,https://www.coles.com.au/_next/image?url=https%3A%2F%2Fcdn.productimages.coles.com.au%2Fproductimages%2F1%2F1616900.jpg&w=640&q=90
Pyrex Simply Store Glass Round Container | 236mL,,8.5,,https://www.coles.com.au/_next/image?url=https%3A%2F%2Fcdn.productimages.coles.com.au%2Fproductimages%2F1%2F1616557.jpg&w=640&q=90
Pyrex Bake N Store Glass Deep Container 1370ml | 1 Each,,24.0,,https://www.coles.com.au/_next/image?url=https%3A%2F%2Fcdn.productimages.coles.com.au%2Fproductimages%2F1%2F1616579.jpg&w=640&q=90
Coles Birthday Badge | 1 Each,,2.5,,https://www.coles.com.au/_next/image?url=https%3A%2F%2Fcdn.productimages.coles.com.au%2Fproductimages%2F1%2F1511537.jpg&w=640&q=90
Coles Birthday Bunting | 1 Each,,4.0,,https://www.coles.com.au/_next/image?url=https%3A%2F%2Fcdn.productimages.coles.com.au%2Fproductimages%2F1%2F1511515.jpg&w=640&q=90
Coles Simply White Serviettes | 100 Pack,,0.95,,https://www.coles.com.au/_next/image?url=https%3A%2F%2Fcdn.productimages.coles.com.au%2Fproductimages%2F8%2F8766853.jpg&w=640&q=90
Air Wick Pure Cherry Blossom Refill 2x19ml | 2 Pack,,9.5,,https://www.coles.com.au/_next/image?url=https%3A%2F%2Fcdn.productimages.coles.com.au%2Fproductimages%2F3%2F3411001.jpg&w=640&q=90
Sellotape Masking Tape 24mmx18m | 1 each,,2.2,,https://www.coles.com.au/_next/image?url=https%3A%2F%2Fcdn.productimages.coles.com.au%2Fproductimages%2F3%2F3188534.jpg&w=640&q=90
Sellotape Sticky Tape Refill 18mm x 25m | 2 Pack,,3.15,,https://www.coles.com.au/_next/image?url=https%3A%2F%2Fcdn.productimages.coles.com.au%2Fproductimages%2F1%2F1842636.jpg&w=640&q=90
Coles Simply Paper Dinner Plates | 50 Pack,,3.5,,https://www.coles.com.au/_next/image?url=https%3A%2F%2Fcdn.productimages.coles.com.au%2Fproductimages%2F1%2F1610200.jpg&w=640&q=90
Air Wick Aerosol-free Automatic Spray Refill Apple Blossom &  ... 228mL,,9.0,,https://www.coles.com.au/_next/image?url=https%3A%2F%2Fcdn.productimages.coles.com.au%2Fproductimages%2F7%2F7534182.jpg&w=640&q=90
Brunnings 1 Hour Action Weed Kill Rtu | 1L,,9.0,,https://www.coles.com.au/_next/image?url=https%3A%2F%2Fcdn.productimages.coles.com.au%2Fproductimages%2F7%2F7080711.jpg&w=640&q=90
Air Wick Pure Scented Oils Refill Lemon Blossom & Jasmine 2x19ml | 18mL,,9.5,,https://www.coles.com.au/_next/image?url=https%3A%2F%2Fcdn.productimages.coles.com.au%2Fproductimages%2F8%2F8163417.jpg&w=640&q=90
Glade Sense & Spray Air Freshener Refill Sheer Vanilla Embrace | 12g,,6.5,,https://www.coles.com.au/_next/image?url=https%3A%2F%2Fcdn.productimages.coles.com.au%2Fproductimages%2F3%2F3057627.jpg&w=640&q=90
Air Wick Aerosol-free Automatic Spray Refill Island Breeze | 228mL,,9.0,,https://www.coles.com.au/_next/image?url=https%3A%2F%2Fcdn.productimages.coles.com.au%2Fproductimages%2F7%2F7534150.jpg&w=640&q=90
Redheads Flex Gasmatch | 1 each,,7.0,,https://www.coles.com.au/_next/image?url=https%3A%2F%2Fcdn.productimages.coles.com.au%2Fproductimages%2F5%2F5580316.jpg&w=640&q=90
Botanica Origins Reed Diffuser Madagascan Vanilla | 85mL,,15.6,,https://www.coles.com.au/_next/image?url=https%3A%2F%2Fcdn.productimages.coles.com.au%2Fproductimages%2F1%2F1061350.jpg&w=640&q=90
All Day Mens Cushion Foot Crew Size 7-10 | 2 Pack,,7.65,,https://www.coles.com.au/_next/image?url=https%3A%2F%2Fcdn.productimages.coles.com.au%2Fproductimages%2F2%2F2208374.jpg&w=640&q=90
Glade Sense & Spray Prime Refill Tropical Blossom | 12g,,6.5,,https://www.coles.com.au/_next/image?url=https%3A%2F%2Fcdn.productimages.coles.com.au%2Fproductimages%2F4%2F4888247.jpg&w=640&q=90
Post-it Super Sticky Notes Miami | 3 Pack,,4.8,,https://www.coles.com.au/_next/image?url=https%3A%2F%2Fcdn.productimages.coles.com.au%2Fproductimages%2F3%2F3938770.jpg&w=640&q=90
Brunnings Organic+ Blood & Bone Fertiliser | 2.5kg,,8.7,,https://www.coles.com.au/_next/image?url=https%3A%2F%2Fcdn.productimages.coles.com.au%2Fproductimages%2F5%2F5621901.jpg&w=640&q=90
Raid One Shot Pest Odourless Flying Insect Spray Killer With Do ... 320g,,6.3,,https://www.coles.com.au/_next/image?url=https%3A%2F%2Fcdn.productimages.coles.com.au%2Fproductimages%2F3%2F3852131.jpg&w=640&q=90
Glade Sense & Spray Automatic Air Freshener Refill Bali Sandalwoo ... 12g,,6.5,,https://www.coles.com.au/_next/image?url=https%3A%2F%2Fcdn.productimages.coles.com.au%2Fproductimages%2F3%2F3963755.jpg&w=640&q=90
Mortein Kill & Protect Barrier Surface Spray Outdoor | 350g,,14.0,,https://www.coles.com.au/_next/image?url=https%3A%2F%2Fcdn.productimages.coles.com.au%2Fproductimages%2F4%2F4448460.jpg&w=640&q=90
Botanica Origins Candle French Clary Sage | 1 each,,15.6,,https://www.coles.com.au/_next/image?url=https%3A%2F%2Fcdn.productimages.coles.com.au%2Fproductimages%2F8%2F8163643.jpg&w=640&q=90
Botanica Origins Reed Diffuser French Clary Sage | 85mL,,15.6,,https://www.coles.com.au/_next/image?url=https%3A%2F%2Fcdn.productimages.coles.com.au%2Fproductimages%2F1%2F1061099.jpg&w=640&q=90
Sabco Multi Fit Sponge Mop Refill | 2 Pack,,10.8,,https://www.coles.com.au/_next/image?url=https%3A%2F%2Fcdn.productimages.coles.com.au%2Fproductimages%2F6%2F6362547.jpg&w=640&q=90
Post-it Original Yellow Notes | 4 Pack,,4.8,,https://www.coles.com.au/_next/image?url=https%3A%2F%2Fcdn.productimages.coles.com.au%2Fproductimages%2F3%2F3938736.jpg&w=640&q=90
Armor All Ultra Shine Wash & Wax | 1L,,7.5,,https://www.coles.com.au/_next/image?url=https%3A%2F%2Fcdn.productimages.coles.com.au%2Fproductimages%2F7%2F7040025.jpg&w=640&q=90
Glade Sense & Spray Air Freshener Refill Hawaiian Breeze | 12.2g,,6.5,,https://www.coles.com.au/_next/image?url=https%3A%2F%2Fcdn.productimages.coles.com.au%2Fproductimages%2F7%2F7588170.jpg&w=640&q=90
Botanica Origins Scented Candle Madagascan Vanilla | 1 each,,15.6,,https://www.coles.com.au/_next/image?url=https%3A%2F%2Fcdn.productimages.coles.com.au%2Fproductimages%2F8%2F8163687.jpg&w=640&q=90
Pilot Frixion Ball Black/ Blue/ Red | 3 Pack,,7.9,,https://www.coles.com.au/_next/image?url=https%3A%2F%2Fcdn.productimages.coles.com.au%2Fproductimages%2F3%2F3671986.jpg&w=640&q=90
Brunnings Concentrate Weed Kill | 1L,,12.0,,https://www.coles.com.au/_next/image?url=https%3A%2F%2Fcdn.productimages.coles.com.au%2Fproductimages%2F7%2F7868858.jpg&w=640&q=90
Sellotape Double Sided Tape | 1 Each,,3.8,,https://www.coles.com.au/_next/image?url=https%3A%2F%2Fcdn.productimages.coles.com.au%2Fproductimages%2F1%2F1302082.jpg&w=640&q=90
Botanica Origins Scented Candle Pine & Spanish Sage | 1 Each,,15.6,,https://www.coles.com.au/_next/image?url=https%3A%2F%2Fcdn.productimages.coles.com.au%2Fproductimages%2F1%2F1687227.jpg&w=640&q=90
Air Wick Essential Mist Peace Lavender-eucalyptus & Sage Diffuser Refill | 20mL,,6.3,,https://www.coles.com.au/_next/image?url=https%3A%2F%2Fcdn.productimages.coles.com.au%2Fproductimages%2F4%2F4883210.jpg&w=640&q=90
Sabco Bucket 12.5l | 1 each,,11.9,,https://www.coles.com.au/_next/image?url=https%3A%2F%2Fcdn.productimages.coles.com.au%2Fproductimages%2F3%2F3879670.jpg&w=640&q=90
Mortein Powergard Crawling Insect Surface Spray | 350g,,14.0,,https://www.coles.com.au/_next/image?url=https%3A%2F%2Fcdn.productimages.coles.com.au%2Fproductimages%2F3%2F3573375.jpg&w=640&q=90
Duracell Optimum AAA Alkaline Batteries | 16 Pack,,19.2,,https://www.coles.com.au/_next/image?url=https%3A%2F%2Fcdn.productimages.coles.com.au%2Fproductimages%2F7%2F7654344.jpg&w=640&q=90
Oates Ezy Spray Mop Refill | 1 each,,11.5,,https://www.coles.com.au/_next/image?url=https%3A%2F%2Fcdn.productimages.coles.com.au%2Fproductimages%2F3%2F3862190.jpg&w=640&q=90
Pilot Frixion Ball Black | 2 Pack,,5.9,,https://www.coles.com.au/_next/image?url=https%3A%2F%2Fcdn.productimages.coles.com.au%2Fproductimages%2F4%2F4481465.jpg&w=640&q=90
Glade Sense & Spray Refill Berry Pop | 12g,,6.5,,https://www.coles.com.au/_next/image?url=https%3A%2F%2Fcdn.productimages.coles.com.au%2Fproductimages%2F6%2F6134881.jpg&w=640&q=90
All Day Mens Cushion Foot Crew Size 11-13 | 2 Pack,,7.65,,https://www.coles.com.au/_next/image?url=https%3A%2F%2Fcdn.productimages.coles.com.au%2Fproductimages%2F2%2F2208385.jpg&w=640&q=90
Bic 4 Colour Pen | 1 Each,,2.8,,https://www.coles.com.au/_next/image?url=https%3A%2F%2Fcdn.productimages.coles.com.au%2Fproductimages%2F1%2F1840211.jpg&w=640&q=90
Air Wick Essential Mist Happiness Pineapple-peach & Wild Mint Air Fres ... 20mL,,6.3,,https://www.coles.com.au/_next/image?url=https%3A%2F%2Fcdn.productimages.coles.com.au%2Fproductimages%2F4%2F4883447.jpg&w=640&q=90
Duracell Optimum AA Alkaline Batteries | 16 Pack,,19.2,,https://www.coles.com.au/_next/image?url=https%3A%2F%2Fcdn.productimages.coles.com.au%2Fproductimages%2F7%2F7654300.jpg&w=640&q=90
Amaysim $40 Sim Starter Pack | 1 Each,,14.0,,https://www.coles.com.au/_next/image?url=https%3A%2F%2Fcdn.productimages.coles.com.au%2Fproductimages%2F1%2F1982952.jpg&w=640&q=90
Armor All Super Heavy Duty Wash | 1L,,7.5,,https://www.coles.com.au/_next/image?url=https%3A%2F%2Fcdn.productimages.coles.com.au%2Fproductimages%2F7%2F7039988.jpg&w=640&q=90
Power Grip | 8g,,8.32,,https://www.coles.com.au/_next/image?url=https%3A%2F%2Fcdn.productimages.coles.com.au%2Fproductimages%2F3%2F3796278.jpg&w=640&q=90
Sabco Super Swish Xtra Wet Refill | 1 each,,9.75,,https://www.coles.com.au/_next/image?url=https%3A%2F%2Fcdn.productimages.coles.com.au%2Fproductimages%2F3%2F3146294.jpg&w=640&q=90
Mortein Powergard All In One Insect Spray Eucalyptus | 300g,,14.0,,https://www.coles.com.au/_next/image?url=https%3A%2F%2Fcdn.productimages.coles.com.au%2Fproductimages%2F3%2F3849115.jpg&w=640&q=90
Amaysim $30 Sim Starter Pack | 1 Each,,11.0,,https://www.coles.com.au/_next/image?url=https%3A%2F%2Fcdn.productimages.coles.com.au%2Fproductimages%2F1%2F1982941.jpg&w=640&q=90
Pilot Frixion Clicker 1 Pack And 3 Refills | 1 each,,7.4,,https://www.coles.com.au/_next/image?url=https%3A%2F%2Fcdn.productimages.coles.com.au%2Fproductimages%2F4%2F4481454.jpg&w=640&q=90
Brunnings Green Up Organic+ Lawn Food | 2.5kg,,8.7,,https://www.coles.com.au/_next/image?url=https%3A%2F%2Fcdn.productimages.coles.com.au%2Fproductimages%2F5%2F5445627.jpg&w=640&q=90
Pilot Frixion Ballpen Blue | 2 Pack,,5.9,,https://www.coles.com.au/_next/image?url=https%3A%2F%2Fcdn.productimages.coles.com.au%2Fproductimages%2F4%2F4481487.jpg&w=640&q=90
Pilot Frixion Clicker Assorted 0.7mm | 3 Pack,,11.1,,https://www.coles.com.au/_next/image?url=https%3A%2F%2Fcdn.productimages.coles.com.au%2Fproductimages%2F8%2F8796093.jpg&w=640&q=90
Brunnings Fast Action Path Weeder Rtu | 1L,,9.0,,https://www.coles.com.au/_next/image?url=https%3A%2F%2Fcdn.productimages.coles.com.au%2Fproductimages%2F7%2F7080744.jpg&w=640&q=90
Pilot Frixion Erasable Highlighters | 3 Pack,,6.6,,https://www.coles.com.au/_next/image?url=https%3A%2F%2Fcdn.productimages.coles.com.au%2Fproductimages%2F6%2F6821768.jpg&w=640&q=90
Pilot Frixion Ball Pens Limited Edition | 2 Pack,,5.9,,https://www.coles.com.au/_next/image?url=https%3A%2F%2Fcdn.productimages.coles.com.au%2Fproductimages%2F1%2F1302050.jpg&w=640&q=90
Pilot Frixon Refill Black | 3 Pack,,6.0,,https://www.coles.com.au/_next/image?url=https%3A%2F%2Fcdn.productimages.coles.com.au%2Fproductimages%2F7%2F7063472.jpg&w=640&q=90
Duracell Recharge AAA Rechargeable Batteries | 4 Pack,,20.3,,https://www.coles.com.au/_next/image?url=https%3A%2F%2Fcdn.productimages.coles.com.au%2Fproductimages%2F1%2F1014543.jpg&w=640&q=90
Duracell Recharge AA Rechargeable Batteries | 4 Pack,,20.3,,https://www.coles.com.au/_next/image?url=https%3A%2F%2Fcdn.productimages.coles.com.au%2Fproductimages%2F1%2F1014598.jpg&w=640&q=90
Joseph Joseph Duo Compact Knife Organiser | 1 Each,,17.5,,https://www.coles.com.au/_next/image?url=https%3A%2F%2Fcdn.productimages.coles.com.au%2Fproductimages%2F8%2F8177499.jpg&w=640&q=90
Joseph Joseph Duo Compact Cutlery Organiser | 1 Each,,14.0,,https://www.coles.com.au/_next/image?url=https%3A%2F%2Fcdn.productimages.coles.com.au%2Fproductimages%2F8%2F8177444.jpg&w=640&q=90
Spirax Platinum Linen A5 Journal 160 Page | 1 Each,,8.0,,https://www.coles.com.au/_next/image?url=https%3A%2F%2Fcdn.productimages.coles.com.au%2Fproductimages%2F1%2F1363407.jpg&w=640&q=90
Post-it Super Sticky Assorted Colours | 1 Pack,,4.0,,https://www.coles.com.au/_next/image?url=https%3A%2F%2Fcdn.productimages.coles.com.au%2Fproductimages%2F1%2F1331739.jpg&w=640&q=90
Duracell Coppertop AA Alkaline Batteries | 16 Pack,,28.0,,https://www.coles.com.au/_next/image?url=https%3A%2F%2Fcdn.productimages.coles.com.au%2Fproductimages%2F6%2F6806866.jpg&w=640&q=90
Coles Simply Small Cups 250ml | 50 Pack,,5.0,,https://www.coles.com.au/_next/image?url=https%3A%2F%2Fcdn.productimages.coles.com.au%2Fproductimages%2F1%2F1474543.jpg&w=640&q=90
Coles Simply Paper Snack Plates | 50 Pack,,3.0,,https://www.coles.com.au/_next/image?url=https%3A%2F%2Fcdn.productimages.coles.com.au%2Fproductimages%2F3%2F3864072.jpg&w=640&q=90
Duracell Coppertop AAA Alkaline Batteries | 14 Pack,,28.0,,https://www.coles.com.au/_next/image?url=https%3A%2F%2Fcdn.productimages.coles.com.au%2Fproductimages%2F7%2F7628050.jpg&w=640&q=90
Nevia A4 Copy Paper 500 Sheets | 1 each,,8.5,,https://www.coles.com.au/_next/image?url=https%3A%2F%2Fcdn.productimages.coles.com.au%2Fproductimages%2F7%2F7208484.jpg&w=640&q=90
Deeko White Lunch Napkins 1ply | 150 Pack,,5.5,,https://www.coles.com.au/_next/image?url=https%3A%2F%2Fcdn.productimages.coles.com.au%2Fproductimages%2F4%2F4329960.jpg&w=640&q=90
BE Distilled Water | 1L,,2.4,,https://www.coles.com.au/_next/image?url=https%3A%2F%2Fcdn.productimages.coles.com.au%2Fproductimages%2F5%2F5475118.jpg&w=640&q=90
Coles BBQ Aluminium Medium Trays | 10 Pack,,11.0,,https://www.coles.com.au/_next/image?url=https%3A%2F%2Fcdn.productimages.coles.com.au%2Fproductimages%2F4%2F4289130.jpg&w=640&q=90
Vileda Easy Wring & Clean Mop Set | 1 each,,59.0,,https://www.coles.com.au/_next/image?url=https%3A%2F%2Fcdn.productimages.coles.com.au%2Fproductimages%2F1%2F1721314.jpg&w=640&q=90
Coles Firelighters | 24 Pack,,3.6,,https://www.coles.com.au/_next/image?url=https%3A%2F%2Fcdn.productimages.coles.com.au%2Fproductimages%2F5%2F5083763.jpg&w=640&q=90
Coles Air Freshener Fresh Linen 1 Pack | 150g,,3.0,,https://www.coles.com.au/_next/image?url=https%3A%2F%2Fcdn.productimages.coles.com.au%2Fproductimages%2F3%2F3059032.jpg&w=640&q=90
Coles Timber Forks | 60 Pack,,4.5,,https://www.coles.com.au/_next/image?url=https%3A%2F%2Fcdn.productimages.coles.com.au%2Fproductimages%2F1%2F1829580.jpg&w=640&q=90
Coles Timber Spoons | 60 Pack,,4.5,,https://www.coles.com.au/_next/image?url=https%3A%2F%2Fcdn.productimages.coles.com.au%2Fproductimages%2F1%2F1829605.jpg&w=640&q=90
Coles Alkaline+ AAA | 10 Pack,,6.0,,https://www.coles.com.au/_next/image?url=https%3A%2F%2Fcdn.productimages.coles.com.au%2Fproductimages%2F8%2F8481219.jpg&w=640&q=90
Coles Simply White Serviettes | 200 Pack,,1.89,,https://www.coles.com.au/_next/image?url=https%3A%2F%2Fcdn.productimages.coles.com.au%2Fproductimages%2F9%2F9335530.jpg&w=640&q=90
Coles Alkaline+ AA | 10 Pack,,6.0,,https://www.coles.com.au/_next/image?url=https%3A%2F%2Fcdn.productimages.coles.com.au%2Fproductimages%2F6%2F6878765.jpg&w=640&q=90
Deeko White Lunch Napkins 1 Ply | 75 Pack,,3.0,,https://www.coles.com.au/_next/image?url=https%3A%2F%2Fcdn.productimages.coles.com.au%2Fproductimages%2F4%2F4329959.jpg&w=640&q=90
Coles Air Freshener Cherry Blossom | 150g,,3.0,,https://www.coles.com.au/_next/image?url=https%3A%2F%2Fcdn.productimages.coles.com.au%2Fproductimages%2F2%2F2682488.jpg&w=640&q=90
Coles Large Patterned Cups 470ml | 20 Pack,,4.5,,https://www.coles.com.au/_next/image?url=https%3A%2F%2Fcdn.productimages.coles.com.au%2Fproductimages%2F1%2F1474452.jpg&w=640&q=90
Coles Simply Paper Bowls | 50 Pack,,3.5,,https://www.coles.com.au/_next/image?url=https%3A%2F%2Fcdn.productimages.coles.com.au%2Fproductimages%2F3%2F3864040.jpg&w=640&q=90
Coles Lunch Serviettes | 50 Pack,,2.0,,https://www.coles.com.au/_next/image?url=https%3A%2F%2Fcdn.productimages.coles.com.au%2Fproductimages%2F2%2F2361451.jpg&w=640&q=90
Coles Simply Demineralized Water | 2L,,2.0,,https://www.coles.com.au/_next/image?url=https%3A%2F%2Fcdn.productimages.coles.com.au%2Fproductimages%2F5%2F5173301.jpg&w=640&q=90
Glad Large BBQ Tray | 4 Pack,,6.0,,https://www.coles.com.au/_next/image?url=https%3A%2F%2Fcdn.productimages.coles.com.au%2Fproductimages%2F6%2F6071577.jpg&w=640&q=90
Coles Timber Spoons | 25 Pack,,2.3,,https://www.coles.com.au/_next/image?url=https%3A%2F%2Fcdn.productimages.coles.com.au%2Fproductimages%2F9%2F9319646.jpg&w=640&q=90
Diggers Methylated Spirits | 1L,,5.85,,https://www.coles.com.au/_next/image?url=https%3A%2F%2Fcdn.productimages.coles.com.au%2Fproductimages%2F7%2F7081237.jpg&w=640&q=90
Coles Coffee Cups | 15 Pack,,4.0,,https://www.coles.com.au/_next/image?url=https%3A%2F%2Fcdn.productimages.coles.com.au%2Fproductimages%2F1%2F1474510.jpg&w=640&q=90
Ambi Pur Febreze Extra Strength Fabric Freshener Trigger Spray | 370mL,,6.5,,https://www.coles.com.au/_next/image?url=https%3A%2F%2Fcdn.productimages.coles.com.au%2Fproductimages%2F1%2F1020397.jpg&w=640&q=90
Redheads Firelighter Mega Block | 64 Pack,,8.8,,https://www.coles.com.au/_next/image?url=https%3A%2F%2Fcdn.productimages.coles.com.au%2Fproductimages%2F3%2F3670928.jpg&w=640&q=90
Coles Simply Small Cups 250ml | 20 Pack,,3.0,,https://www.coles.com.au/_next/image?url=https%3A%2F%2Fcdn.productimages.coles.com.au%2Fproductimages%2F1%2F1474532.jpg&w=640&q=90
Coles Air Freshener Vanilla Orchid & Ylang Ylang | 150g,,3.0,,https://www.coles.com.au/_next/image?url=https%3A%2F%2Fcdn.productimages.coles.com.au%2Fproductimages%2F2%2F2682455.jpg&w=640&q=90
Green Nation Air Freshener Mandarin & Lemon Myrtle | 200mL,,6.0,,https://www.coles.com.au/_next/image?url=https%3A%2F%2Fcdn.productimages.coles.com.au%2Fproductimages%2F6%2F6134393.jpg&w=640&q=90
Jiffy Firelighters | 24 Pack,,6.0,,https://www.coles.com.au/_next/image?url=https%3A%2F%2Fcdn.productimages.coles.com.au%2Fproductimages%2F1%2F112638.jpg&w=640&q=90
Coles Alkaline+ AA | 24 Pack,,14.0,,https://www.coles.com.au/_next/image?url=https%3A%2F%2Fcdn.productimages.coles.com.au%2Fproductimages%2F3%2F3858648.jpg&w=640&q=90
Sharpie Permanent Markers Fine Tip | 8 Pack,,15.0,,https://www.coles.com.au/_next/image?url=https%3A%2F%2Fcdn.productimages.coles.com.au%2Fproductimages%2F5%2F5152538.jpg&w=640&q=90
Coles Alkaline+ AAA | 24 Pack,,14.0,,https://www.coles.com.au/_next/image?url=https%3A%2F%2Fcdn.productimages.coles.com.au%2Fproductimages%2F3%2F3858626.jpg&w=640&q=90
Air Wick Scented Oil Plug-in Oil Diffuser + Refill Sweet Vanilla & Shea But ... 1 Pack,,17.0,,https://www.coles.com.au/_next/image?url=https%3A%2F%2Fcdn.productimages.coles.com.au%2Fproductimages%2F1%2F1061521.jpg&w=640&q=90
Wet Ones Antibacterial Hand Wipes Be Fresh | 80 Pack,,6.0,,https://www.coles.com.au/_next/image?url=https%3A%2F%2Fcdn.productimages.coles.com.au%2Fproductimages%2F1%2F1276288.jpg&w=640&q=90
Duracell Optimum AA Alkaline Batteries | 10 Pack,,23.0,,https://www.coles.com.au/_next/image?url=https%3A%2F%2Fcdn.productimages.coles.com.au%2Fproductimages%2F7%2F7654275.jpg&w=640&q=90
Bostik Blu Tack | 1 Pack,,3.1,,https://www.coles.com.au/_next/image?url=https%3A%2F%2Fcdn.productimages.coles.com.au%2Fproductimages%2F5%2F5412934.jpg&w=640&q=90
Yates Premium Potting Mix | 6L,,7.9,,https://www.coles.com.au/_next/image?url=https%3A%2F%2Fcdn.productimages.coles.com.au%2Fproductimages%2F7%2F7117050.jpg&w=640&q=90
Coles Timber Forks | 25 Pack,,2.3,,https://www.coles.com.au/_next/image?url=https%3A%2F%2Fcdn.productimages.coles.com.au%2Fproductimages%2F9%2F9318020.jpg&w=640&q=90
Coles BBQ Aluminium Large Trays | 2 Pack,,6.0,,https://www.coles.com.au/_next/image?url=https%3A%2F%2Fcdn.productimages.coles.com.au%2Fproductimages%2F4%2F4289195.jpg&w=640&q=90
Coles BBQ Aluminium Small Trays | 5 Pack,,5.0,,https://www.coles.com.au/_next/image?url=https%3A%2F%2Fcdn.productimages.coles.com.au%2Fproductimages%2F4%2F4289275.jpg&w=640&q=90
Coles Table Forks | 4 Pack,,7.0,,https://www.coles.com.au/_next/image?url=https%3A%2F%2Fcdn.productimages.coles.com.au%2Fproductimages%2F3%2F3145586.jpg&w=640&q=90
Air Wick Sparkling Citrus Air Freshener Spray | 237g,,3.5,,https://www.coles.com.au/_next/image?url=https%3A%2F%2Fcdn.productimages.coles.com.au%2Fproductimages%2F1%2F1182876.jpg&w=640&q=90
Bic Mega Lighters | 2 Pack,,15.0,,https://www.coles.com.au/_next/image?url=https%3A%2F%2Fcdn.productimages.coles.com.au%2Fproductimages%2F3%2F3645013.jpg&w=640&q=90
Coles Simply White Paper Straws | 50 Pack,,2.0,,https://www.coles.com.au/_next/image?url=https%3A%2F%2Fcdn.productimages.coles.com.au%2Fproductimages%2F9%2F9405781.jpg&w=640&q=90
Coles Air Freshener Lavender & Aromatic Sage | 150g,,3.0,,https://www.coles.com.au/_next/image?url=https%3A%2F%2Fcdn.productimages.coles.com.au%2Fproductimages%2F2%2F2682466.jpg&w=640&q=90
Air Wick Lavender Air Freshener Spray | 237g,,3.5,,https://www.coles.com.au/_next/image?url=https%3A%2F%2Fcdn.productimages.coles.com.au%2Fproductimages%2F1%2F1182956.jpg&w=640&q=90
Combat Ant Rid Ant Bait | 4 Pack,,9.0,,https://www.coles.com.au/_next/image?url=https%3A%2F%2Fcdn.productimages.coles.com.au%2Fproductimages%2F7%2F7664166.jpg&w=640&q=90
Duracell Coppertop AAA Alkaline Batteries | 20 Pack,,30.0,,https://www.coles.com.au/_next/image?url=https%3A%2F%2Fcdn.productimages.coles.com.au%2Fproductimages%2F3%2F3756648.jpg&w=640&q=90
Duracell Coppertop AA Alkaline Batteries | 20 Pack,,30.0,,https://www.coles.com.au/_next/image?url=https%3A%2F%2Fcdn.productimages.coles.com.au%2Fproductimages%2F7%2F7654195.jpg&w=640&q=90
Duracell Optimum AAA Alkaline Batteries | 10 Pack,,23.0,,https://www.coles.com.au/_next/image?url=https%3A%2F%2Fcdn.productimages.coles.com.au%2Fproductimages%2F7%2F7654286.jpg&w=640&q=90
Vileda Super Microfibre Plus Mop Refill | 1 each,,13.9,,https://www.coles.com.au/_next/image?url=https%3A%2F%2Fcdn.productimages.coles.com.au%2Fproductimages%2F6%2F6068572.jpg&w=640&q=90
Vileda Easy Wring & Clean Refill | 1 Pack,,15.0,,https://www.coles.com.au/_next/image?url=https%3A%2F%2Fcdn.productimages.coles.com.au%2Fproductimages%2F2%2F2594507.jpg&w=640&q=90
Coles Plant Based Dinner Plates | 20 Pack,,5.7,,https://www.coles.com.au/_next/image?url=https%3A%2F%2Fcdn.productimages.coles.com.au%2Fproductimages%2F6%2F6543075.jpg&w=640&q=90
Botanica French Lavender & Honey Blossom Air Freshener Room S ... 236mL,,10.0,,https://www.coles.com.au/_next/image?url=https%3A%2F%2Fcdn.productimages.coles.com.au%2Fproductimages%2F3%2F3721279.jpg&w=640&q=90
Coles Tealight Candles | 100 Pack,,11.0,,https://www.coles.com.au/_next/image?url=https%3A%2F%2Fcdn.productimages.coles.com.au%2Fproductimages%2F6%2F6678937.jpg&w=640&q=90
Duracell Coppertop AAA Alkaline Batteries | 26 Pack,,32.0,,https://www.coles.com.au/_next/image?url=https%3A%2F%2Fcdn.productimages.coles.com.au%2Fproductimages%2F6%2F6313224.jpg&w=640&q=90
Duracell Coppertop AA Alkaline Batteries | 26 Pack,,32.0,,https://www.coles.com.au/_next/image?url=https%3A%2F%2Fcdn.productimages.coles.com.au%2Fproductimages%2F7%2F7654253.jpg&w=640&q=90
Mortein Fast Knockdown Multi Insect Spray | 300g,,11.0,,https://www.coles.com.au/_next/image?url=https%3A%2F%2Fcdn.productimages.coles.com.au%2Fproductimages%2F5%2F5435077.jpg&w=640&q=90
Sabco Tile & Grout Brush | 1 each,,5.0,,https://www.coles.com.au/_next/image?url=https%3A%2F%2Fcdn.productimages.coles.com.au%2Fproductimages%2F3%2F3913564.jpg&w=640&q=90
Coles Timber Knives | 25 Pack,,2.3,,https://www.coles.com.au/_next/image?url=https%3A%2F%2Fcdn.productimages.coles.com.au%2Fproductimages%2F9%2F9319362.jpg&w=640&q=90
Coles BBQ Aluminium Trays With Lids | 4 Pack,,6.5,,https://www.coles.com.au/_next/image?url=https%3A%2F%2Fcdn.productimages.coles.com.au%2Fproductimages%2F4%2F4289231.jpg&w=640&q=90
Botanica Caribbean Vetiver & Sandalwood Candle | 1 each,,22.0,,https://www.coles.com.au/_next/image?url=https%3A%2F%2Fcdn.productimages.coles.com.au%2Fproductimages%2F3%2F3721359.jpg&w=640&q=90
Coles Dinner Serviettes | 25 Pack,,3.0,,https://www.coles.com.au/_next/image?url=https%3A%2F%2Fcdn.productimages.coles.com.au%2Fproductimages%2F2%2F2361440.jpg&w=640&q=90
Coles Mini Cups | 25 Pack,,3.0,,https://www.coles.com.au/_next/image?url=https%3A%2F%2Fcdn.productimages.coles.com.au%2Fproductimages%2F9%2F9468635.jpg&w=640&q=90
Coles Simply Mango Air Freshener | 237g,,2.75,,https://www.coles.com.au/_next/image?url=https%3A%2F%2Fcdn.productimages.coles.com.au%2Fproductimages%2F4%2F4952415.jpg&w=640&q=90
Coles Mini Tongs | 2 Pack,,5.0,,https://www.coles.com.au/_next/image?url=https%3A%2F%2Fcdn.productimages.coles.com.au%2Fproductimages%2F3%2F3121250.jpg&w=640&q=90
Air Wick Scented Oil Plug-in-diffuser + Refill Ocean Waves & Sea Salt | 19mL,,17.0,,https://www.coles.com.au/_next/image?url=https%3A%2F%2Fcdn.productimages.coles.com.au%2Fproductimages%2F1%2F1061587.jpg&w=640&q=90
Coles Patterned Dinner Plates | 25 Pack,,5.5,,https://www.coles.com.au/_next/image?url=https%3A%2F%2Fcdn.productimages.coles.com.au%2Fproductimages%2F1%2F1052940.jpg&w=640&q=90
Brita Water Filter Maxtra Pro Limescale Expert | 4 Pack,,58.0,,https://www.coles.com.au/_next/image?url=https%3A%2F%2Fcdn.productimages.coles.com.au%2Fproductimages%2F3%2F3641930.jpg&w=640&q=90
Botanica Island Rose & African Geranium Air Freshener Room S ... 236mL,,10.0,,https://www.coles.com.au/_next/image?url=https%3A%2F%2Fcdn.productimages.coles.com.au%2Fproductimages%2F3%2F3721268.jpg&w=640&q=90
Botanica Caribbean Vetiver & Sandalwood Reed Diffuser | 80mL,,22.0,,https://www.coles.com.au/_next/image?url=https%3A%2F%2Fcdn.productimages.coles.com.au%2Fproductimages%2F3%2F3721337.jpg&w=640&q=90
Botanica Vanilla & Himalayan Magnolia Reed Diffuser | 80mL,,22.0,,https://www.coles.com.au/_next/image?url=https%3A%2F%2Fcdn.productimages.coles.com.au%2Fproductimages%2F3%2F3721326.jpg&w=640&q=90
Seiki Everyday Kettle | 1.7L,,25.0,,https://www.coles.com.au/_next/image?url=https%3A%2F%2Fcdn.productimages.coles.com.au%2Fproductimages%2F4%2F4799533.jpg&w=640&q=90
Air Wick Carpet Fresh Country Vanilla | 500g,,6.0,,https://www.coles.com.au/_next/image?url=https%3A%2F%2Fcdn.productimages.coles.com.au%2Fproductimages%2F6%2F6120231.jpg&w=640&q=90
Ratsak Rat & Mouse Bait | 350g,,9.8,,https://www.coles.com.au/_next/image?url=https%3A%2F%2Fcdn.productimages.coles.com.au%2Fproductimages%2F2%2F221713.jpg&w=640&q=90
Coles Teaspoons | 4 Pack,,6.0,,https://www.coles.com.au/_next/image?url=https%3A%2F%2Fcdn.productimages.coles.com.au%2Fproductimages%2F3%2F3145699.jpg&w=640&q=90
Raid Pest Odourless Flying Insect Spray Killer | 350g,,5.0,,https://www.coles.com.au/_next/image?url=https%3A%2F%2Fcdn.productimages.coles.com.au%2Fproductimages%2F9%2F9374531.jpg&w=640&q=90
Air Wick Raspberry & Lime Air Freshener Room Spray | 236mL,,6.0,,https://www.coles.com.au/_next/image?url=https%3A%2F%2Fcdn.productimages.coles.com.au%2Fproductimages%2F4%2F4883458.jpg&w=640&q=90
Coles Paper Table Cover | 1 each,,4.0,,https://www.coles.com.au/_next/image?url=https%3A%2F%2Fcdn.productimages.coles.com.au%2Fproductimages%2F4%2F4160803.jpg&w=640&q=90
Dymo Tape Plastic | 1 each,,18.5,,https://www.coles.com.au/_next/image?url=https%3A%2F%2Fcdn.productimages.coles.com.au%2Fproductimages%2F3%2F3887384.jpg&w=640&q=90
Air Wick Scented Oil Fragrance Refills Sweet Vanilla & Shea Butt ... 57mL,,16.0,,https://www.coles.com.au/_next/image?url=https%3A%2F%2Fcdn.productimages.coles.com.au%2Fproductimages%2F1%2F1061736.jpg&w=640&q=90
Botanica Caribbean Vetiver & Sandalwood Air Freshener Room S ... 236mL,,10.0,,https://www.coles.com.au/_next/image?url=https%3A%2F%2Fcdn.productimages.coles.com.au%2Fproductimages%2F3%2F3964328.jpg&w=640&q=90
Air Wick Scented Oil Fragrance Refill Sweet Vanilla Shea Butter  ... 38mL,,17.0,,https://www.coles.com.au/_next/image?url=https%3A%2F%2Fcdn.productimages.coles.com.au%2Fproductimages%2F1%2F1061747.jpg&w=640&q=90
Botanica By Air Wick Plug In Diffuser Refill Vanilla Himalayan Magnoli ... 44mL,,19.0,,https://www.coles.com.au/_next/image?url=https%3A%2F%2Fcdn.productimages.coles.com.au%2Fproductimages%2F1%2F1061656.jpg&w=640&q=90
Coles Bamboo Skewers | 250 Pack,,4.0,,https://www.coles.com.au/_next/image?url=https%3A%2F%2Fcdn.productimages.coles.com.au%2Fproductimages%2F4%2F4462085.jpg&w=640&q=90
Hovex Camphor | 2 each,,3.0,,https://www.coles.com.au/_next/image?url=https%3A%2F%2Fcdn.productimages.coles.com.au%2Fproductimages%2F5%2F5569062.jpg&w=640&q=90
Mortein Fast Knockdown Fly & Mosquito Killer Odourless | 350g,,7.5,,https://www.coles.com.au/_next/image?url=https%3A%2F%2Fcdn.productimages.coles.com.au%2Fproductimages%2F5%2F5817142.jpg&w=640&q=90
Coles Digital Kitchen Scales | 1 Each,,15.0,,https://www.coles.com.au/_next/image?url=https%3A%2F%2Fcdn.productimages.coles.com.au%2Fproductimages%2F3%2F3124190.jpg&w=640&q=90
Yates Zero Weed Kill Value Pack Spray Twin | 2 Pack,,15.4,,https://www.coles.com.au/_next/image?url=https%3A%2F%2Fcdn.productimages.coles.com.au%2Fproductimages%2F6%2F6010164.jpg&w=640&q=90
Brunnings Tough Lawn Seed | 1kg,,11.0,,https://www.coles.com.au/_next/image?url=https%3A%2F%2Fcdn.productimages.coles.com.au%2Fproductimages%2F5%2F5445605.jpg&w=640&q=90
Korbond Lint Roller Refill 90 Sheets | 1 Each,,7.0,,https://www.coles.com.au/_next/image?url=https%3A%2F%2Fcdn.productimages.coles.com.au%2Fproductimages%2F1%2F1466997.jpg&w=640&q=90
Coles Dessert Spoons | 4 Pack,,7.0,,https://www.coles.com.au/_next/image?url=https%3A%2F%2Fcdn.productimages.coles.com.au%2Fproductimages%2F3%2F3145531.jpg&w=640&q=90
Coles Bamboo Skewers | 150 Pack,,3.5,,https://www.coles.com.au/_next/image?url=https%3A%2F%2Fcdn.productimages.coles.com.au%2Fproductimages%2F4%2F4462121.jpg&w=640&q=90
Air Wick 2X Essential Oil Reed Diffuser Cherry Blossom Raspberry | 42mL,,16.0,,https://www.coles.com.au/_next/image?url=https%3A%2F%2Fcdn.productimages.coles.com.au%2Fproductimages%2F1%2F1687180.jpg&w=640&q=90
Seiki Everyday Stick Mixer | 1 Each,,25.0,,https://www.coles.com.au/_next/image?url=https%3A%2F%2Fcdn.productimages.coles.com.au%2Fproductimages%2F4%2F4799657.jpg&w=640&q=90
Cook & Dine Terry Tea Towels | 5 Pack,,12.0,,https://www.coles.com.au/_next/image?url=https%3A%2F%2Fcdn.productimages.coles.com.au%2Fproductimages%2F7%2F7707655.jpg&w=640&q=90
Coles BBQ Trays | 4 Pack,,4.8,,https://www.coles.com.au/_next/image?url=https%3A%2F%2Fcdn.productimages.coles.com.au%2Fproductimages%2F1%2F1451661.jpg&w=640&q=90
Redheads Handy Pack Matches | 270 Pack,,3.5,,https://www.coles.com.au/_next/image?url=https%3A%2F%2Fcdn.productimages.coles.com.au%2Fproductimages%2F5%2F5115316.jpg&w=640&q=90
Raid One Shot Pest Multipurpose Insect Killer Odourless | 320g,,9.0,,https://www.coles.com.au/_next/image?url=https%3A%2F%2Fcdn.productimages.coles.com.au%2Fproductimages%2F3%2F3852095.jpg&w=640&q=90
Combat Ant Rid Ant Killing Gel Baits | 4 Pack,,14.0,,https://www.coles.com.au/_next/image?url=https%3A%2F%2Fcdn.productimages.coles.com.au%2Fproductimages%2F3%2F3582784.jpg&w=640&q=90
Coles Patterned Snack Plates | 25 Pack,,4.5,,https://www.coles.com.au/_next/image?url=https%3A%2F%2Fcdn.productimages.coles.com.au%2Fproductimages%2F1%2F1052961.jpg&w=640&q=90
Coles Simply Paper Dinner Plates | 20 Pack,,2.0,,https://www.coles.com.au/_next/image?url=https%3A%2F%2Fcdn.productimages.coles.com.au%2Fproductimages%2F1%2F1547294.jpg&w=640&q=90
Duracell Coppertop AA Alkaline Batteries | 10 Pack,,15.0,,https://www.coles.com.au/_next/image?url=https%3A%2F%2Fcdn.productimages.coles.com.au%2Fproductimages%2F5%2F5519982.jpg&w=640&q=90
Hovex Vaporgard Moth Killer Cloth | 2 Pack,,6.7,,https://www.coles.com.au/_next/image?url=https%3A%2F%2Fcdn.productimages.coles.com.au%2Fproductimages%2F1%2F1517170.jpg&w=640&q=90
Coles Air Freshener Auto Spray Refill Cherry Blossom | 180g,,3.75,,https://www.coles.com.au/_next/image?url=https%3A%2F%2Fcdn.productimages.coles.com.au%2Fproductimages%2F2%2F2682660.jpg&w=640&q=90
Coles Alkaline+ 9v | 2 Pack,,5.25,,https://www.coles.com.au/_next/image?url=https%3A%2F%2Fcdn.productimages.coles.com.au%2Fproductimages%2F6%2F6876318.jpg&w=640&q=90
Grillman BBQ Digital Flip Tip Thermometer | 1 each,,15.0,,https://www.coles.com.au/_next/image?url=https%3A%2F%2Fcdn.productimages.coles.com.au%2Fproductimages%2F3%2F3670994.jpg&w=640&q=90
Pledge Grab It Duster Heads Refill | 1 Pack,,10.8,,https://www.coles.com.au/_next/image?url=https%3A%2F%2Fcdn.productimages.coles.com.au%2Fproductimages%2F4%2F4359144.jpg&w=640&q=90
Coles Patterned Serviettes | 100 Pack,,4.5,,https://www.coles.com.au/_next/image?url=https%3A%2F%2Fcdn.productimages.coles.com.au%2Fproductimages%2F2%2F2371874.jpg&w=640&q=90
Coles Cutlery Set | 16 Piece,,17.0,,https://www.coles.com.au/_next/image?url=https%3A%2F%2Fcdn.productimages.coles.com.au%2Fproductimages%2F3%2F3660276.jpg&w=640&q=90
Redheads Natural Firelighter Blocks | 32 Pack,,3.85,,https://www.coles.com.au/_next/image?url=https%3A%2F%2Fcdn.productimages.coles.com.au%2Fproductimages%2F8%2F8868252.jpg&w=640&q=90
Air Wick Pure Scented Oil Diffuser & Refill Cherry Blossom | 19mL,,9.5,,https://www.coles.com.au/_next/image?url=https%3A%2F%2Fcdn.productimages.coles.com.au%2Fproductimages%2F3%2F3411056.jpg&w=640&q=90
Seiki Everyday Hand Mixer | 1 Each,,25.0,,https://www.coles.com.au/_next/image?url=https%3A%2F%2Fcdn.productimages.coles.com.au%2Fproductimages%2F4%2F4799602.jpg&w=640&q=90
Coles Simply Paper Snack Plates | 20 Pack,,1.5,,https://www.coles.com.au/_next/image?url=https%3A%2F%2Fcdn.productimages.coles.com.au%2Fproductimages%2F1%2F1547261.jpg&w=640&q=90
Selleys Fix 'n' Go Supa Glue | 3mL,,3.1,,https://www.coles.com.au/_next/image?url=https%3A%2F%2Fcdn.productimages.coles.com.au%2Fproductimages%2F5%2F5393840.jpg&w=640&q=90
Duracell Coppertop C Alkaline Batteries | 4 Pack,,17.0,,https://www.coles.com.au/_next/image?url=https%3A%2F%2Fcdn.productimages.coles.com.au%2Fproductimages%2F5%2F5425197.jpg&w=640&q=90
Coles Bamboo Cocktail Skewers | 75 Pack,,3.5,,https://www.coles.com.au/_next/image?url=https%3A%2F%2Fcdn.productimages.coles.com.au%2Fproductimages%2F5%2F5005330.jpg&w=640&q=90
Hovex Mothballs | 2 each,,3.7,,https://www.coles.com.au/_next/image?url=https%3A%2F%2Fcdn.productimages.coles.com.au%2Fproductimages%2F5%2F5316781.jpg&w=640&q=90
Geelong Brush Dustpan Set | 1 Each,,2.6,,https://www.coles.com.au/_next/image?url=https%3A%2F%2Fcdn.productimages.coles.com.au%2Fproductimages%2F2%2F2387987.jpg&w=640&q=90
Redheads Turbo Gas Match | 1 each,,14.0,,https://www.coles.com.au/_next/image?url=https%3A%2F%2Fcdn.productimages.coles.com.au%2Fproductimages%2F7%2F7030542.jpg&w=640&q=90
Coles Multi Insect Killer | 300g,,3.5,,https://www.coles.com.au/_next/image?url=https%3A%2F%2Fcdn.productimages.coles.com.au%2Fproductimages%2F2%2F2542547.jpg&w=640&q=90
Gasmate Butane Gas Cartridges | 4 Pack,,11.0,,https://www.coles.com.au/_next/image?url=https%3A%2F%2Fcdn.productimages.coles.com.au%2Fproductimages%2F5%2F5096335.jpg&w=640&q=90
Botanica Vanilla & Himalayan Magnolia Candle | 1 each,,22.0,,https://www.coles.com.au/_next/image?url=https%3A%2F%2Fcdn.productimages.coles.com.au%2Fproductimages%2F3%2F3721370.jpg&w=640&q=90
Coles Reporters Note Pad 300 Page | 1 each,,4.0,,https://www.coles.com.au/_next/image?url=https%3A%2F%2Fcdn.productimages.coles.com.au%2Fproductimages%2F3%2F3935046.jpg&w=640&q=90
Ambi Pur Air Effects Spray Linen & Sky | 185g,,6.0,,https://www.coles.com.au/_next/image?url=https%3A%2F%2Fcdn.productimages.coles.com.au%2Fproductimages%2F8%2F8386218.jpg&w=640&q=90
Coles Spiral Candles | 24 Pack,,3.0,,https://www.coles.com.au/_next/image?url=https%3A%2F%2Fcdn.productimages.coles.com.au%2Fproductimages%2F6%2F6838840.jpg&w=640&q=90
Duracell Ultra 9V Alkaline Batteries | 2 Pack,,20.0,,https://www.coles.com.au/_next/image?url=https%3A%2F%2Fcdn.productimages.coles.com.au%2Fproductimages%2F3%2F3912867.jpg&w=640&q=90
Glade Solid Air Freshener Floral Whisper | 180g,,4.0,,https://www.coles.com.au/_next/image?url=https%3A%2F%2Fcdn.productimages.coles.com.au%2Fproductimages%2F4%2F4886150.jpg&w=640&q=90
Botanica By Air Wick Vanilla & Himalayan Magnolia Automatic Spray S ... 228mL,,28.0,,https://www.coles.com.au/_next/image?url=https%3A%2F%2Fcdn.productimages.coles.com.au%2Fproductimages%2F6%2F6133233.jpg&w=640&q=90
Air Wick Aerosol-free Auto Spray Essential Oil Refill Sweet Vanilla & S ... 228mL,,16.0,,https://www.coles.com.au/_next/image?url=https%3A%2F%2Fcdn.productimages.coles.com.au%2Fproductimages%2F1%2F1061816.jpg&w=640&q=90
Green Nation Air Freshener Vanilla + Coconut | 200mL,,6.0,,https://www.coles.com.au/_next/image?url=https%3A%2F%2Fcdn.productimages.coles.com.au%2Fproductimages%2F6%2F6134360.jpg&w=640&q=90
Coles Sticky Tape Dispenser | 1 Set,,3.0,,https://www.coles.com.au/_next/image?url=https%3A%2F%2Fcdn.productimages.coles.com.au%2Fproductimages%2F3%2F3933572.jpg&w=640&q=90
Air Wick Pure Spring Delight Refills 3x19ml | 3 Pack,,15.0,,https://www.coles.com.au/_next/image?url=https%3A%2F%2Fcdn.productimages.coles.com.au%2Fproductimages%2F4%2F4883957.jpg&w=640&q=90
Green Nation Soy Wax Candle Lemongrass 200g | 1 each,,16.0,,https://www.coles.com.au/_next/image?url=https%3A%2F%2Fcdn.productimages.coles.com.au%2Fproductimages%2F7%2F7534091.jpg&w=640&q=90
Air Wick Vi Poo Fruity Pin Up | 55mL,,11.5,,https://www.coles.com.au/_next/image?url=https%3A%2F%2Fcdn.productimages.coles.com.au%2Fproductimages%2F3%2F3041300.jpg&w=640&q=90
Air Wick Fresh Dew & Jasmine Air Freshener Room Spray | 236mL,,6.0,,https://www.coles.com.au/_next/image?url=https%3A%2F%2Fcdn.productimages.coles.com.au%2Fproductimages%2F3%2F3963890.jpg&w=640&q=90
Duracell Specialty LR44 Alkaline Batteries | 4 Pack,,10.0,,https://www.coles.com.au/_next/image?url=https%3A%2F%2Fcdn.productimages.coles.com.au%2Fproductimages%2F3%2F3331795.jpg&w=640&q=90
Seiki Everyday Toaster | 1 Each,,25.0,,https://www.coles.com.au/_next/image?url=https%3A%2F%2Fcdn.productimages.coles.com.au%2Fproductimages%2F4%2F4799511.jpg&w=640&q=90
Nilodor Concentrated Deodoriser Odour Neutralising Elimi ... 7.5mL,,9.0,,https://www.coles.com.au/_next/image?url=https%3A%2F%2Fcdn.productimages.coles.com.au%2Fproductimages%2F2%2F277886.jpg&w=640&q=90
Sharpie Fluo Xl Highlighters Assorted | 4 Pack,,8.75,,https://www.coles.com.au/_next/image?url=https%3A%2F%2Fcdn.productimages.coles.com.au%2Fproductimages%2F1%2F1842283.jpg&w=640&q=90
Fix & Go Tripple Pack | 3 Pack,,5.1,,https://www.coles.com.au/_next/image?url=https%3A%2F%2Fcdn.productimages.coles.com.au%2Fproductimages%2F3%2F3796267.jpg&w=640&q=90
Nilodor Spray Mist Deodoriser Air Freshener | 100mL,,9.0,,https://www.coles.com.au/_next/image?url=https%3A%2F%2Fcdn.productimages.coles.com.au%2Fproductimages%2F5%2F5241208.jpg&w=640&q=90
Play-Doh Classic Colors & Themes | 4 Pack,,7.5,,https://www.coles.com.au/_next/image?url=https%3A%2F%2Fcdn.productimages.coles.com.au%2Fproductimages%2F5%2F5177030.jpg&w=640&q=90
Korbond Lint Roller 90 Sheets | 1 Each,,7.5,,https://www.coles.com.au/_next/image?url=https%3A%2F%2Fcdn.productimages.coles.com.au%2Fproductimages%2F1%2F1466986.jpg&w=640&q=90
Glade Aerosol Air Freshener Essence Of Vanilla | 200g,,3.5,,https://www.coles.com.au/_next/image?url=https%3A%2F%2Fcdn.productimages.coles.com.au%2Fproductimages%2F5%2F5916133.jpg&w=640&q=90
Command Large Picture Hanging Strips White | 4 Pack,,9.35,,https://www.coles.com.au/_next/image?url=https%3A%2F%2Fcdn.productimages.coles.com.au%2Fproductimages%2F4%2F4868603.jpg&w=640&q=90
Coles Sticky Tape Refills | 4 Pack,,5.2,,https://www.coles.com.au/_next/image?url=https%3A%2F%2Fcdn.productimages.coles.com.au%2Fproductimages%2F3%2F3933540.jpg&w=640&q=90
Redheads Extra Long Matches | 90 Pack,,5.8,,https://www.coles.com.au/_next/image?url=https%3A%2F%2Fcdn.productimages.coles.com.au%2Fproductimages%2F3%2F3978661.jpg&w=640&q=90
Air Wick Pure Cherry Blossom Refill 3x19ml | 57mL,,15.0,,https://www.coles.com.au/_next/image?url=https%3A%2F%2Fcdn.productimages.coles.com.au%2Fproductimages%2F4%2F4883924.jpg&w=640&q=90
Duracell Everyday Alkaline AA Alkaline Batteries | 18 Pack,,18.0,,https://www.coles.com.au/_next/image?url=https%3A%2F%2Fcdn.productimages.coles.com.au%2Fproductimages%2F7%2F7654118.jpg&w=640&q=90
Coles Mixed Rubber Bands Box | 100g,,4.45,,https://www.coles.com.au/_next/image?url=https%3A%2F%2Fcdn.productimages.coles.com.au%2Fproductimages%2F3%2F3931850.jpg&w=640&q=90
Glade Gel Air Freshener Jasmine | 70g,,3.5,,https://www.coles.com.au/_next/image?url=https%3A%2F%2Fcdn.productimages.coles.com.au%2Fproductimages%2F3%2F3963733.jpg&w=640&q=90
Cook & Dine Mixed Tea Towels | 3 Pack,,8.0,,https://www.coles.com.au/_next/image?url=https%3A%2F%2Fcdn.productimages.coles.com.au%2Fproductimages%2F7%2F7707611.jpg&w=640&q=90
Coles Toy Mix | 30 Pack,,12.0,,https://www.coles.com.au/_next/image?url=https%3A%2F%2Fcdn.productimages.coles.com.au%2Fproductimages%2F9%2F9194121.jpg&w=640&q=90
Raid One Shot Pest Surface Crawling Insects Spray Target Kill | 300g,,9.7,,https://www.coles.com.au/_next/image?url=https%3A%2F%2Fcdn.productimages.coles.com.au%2Fproductimages%2F2%2F2768619.jpg&w=640&q=90
Air Wick Spray Refill Linen & White Orchid | 228mL,,16.0,,https://www.coles.com.au/_next/image?url=https%3A%2F%2Fcdn.productimages.coles.com.au%2Fproductimages%2F1%2F1061805.jpg&w=640&q=90
Pledge Grab It Duster With Extendable Handle | 1 each,,13.7,,https://www.coles.com.au/_next/image?url=https%3A%2F%2Fcdn.productimages.coles.com.au%2Fproductimages%2F4%2F4663870.jpg&w=640&q=90
Brita Water Filter Jug Style Eco Soft Green | 1 Each,,69.5,,https://www.coles.com.au/_next/image?url=https%3A%2F%2Fcdn.productimages.coles.com.au%2Fproductimages%2F8%2F8673887.jpg&w=640&q=90
Coles Tealight Candles | 30 Pack,,5.0,,https://www.coles.com.au/_next/image?url=https%3A%2F%2Fcdn.productimages.coles.com.au%2Fproductimages%2F3%2F3575949.jpg&w=640&q=90
Coles Pastel/party Mix Assorted Balloons | 20 Pack,,3.0,,https://www.coles.com.au/_next/image?url=https%3A%2F%2Fcdn.productimages.coles.com.au%2Fproductimages%2F6%2F6839402.jpg&w=640&q=90
Oates Tilt-a-matic Squeeze Mop Refill | 2 Pack,,10.0,,https://www.coles.com.au/_next/image?url=https%3A%2F%2Fcdn.productimages.coles.com.au%2Fproductimages%2F5%2F5199622.jpg&w=640&q=90
Botanica By Air Wick Air Freshener Plug In Diffuser Le Vanilla & Himala ... 22mL,,19.0,,https://www.coles.com.au/_next/image?url=https%3A%2F%2Fcdn.productimages.coles.com.au%2Fproductimages%2F1%2F1061601.jpg&w=640&q=90
Duracell Coppertop AA Alkaline Batteries | 4 Pack,,8.0,,https://www.coles.com.au/_next/image?url=https%3A%2F%2Fcdn.productimages.coles.com.au%2Fproductimages%2F2%2F244344.jpg&w=640&q=90
Geelong Brush Laundry Scrub Brush | 1 each,,5.25,,https://www.coles.com.au/_next/image?url=https%3A%2F%2Fcdn.productimages.coles.com.au%2Fproductimages%2F3%2F3164060.jpg&w=640&q=90
Scotts Osmocote Plus Organics Plant Food | 800g,,11.0,,https://www.coles.com.au/_next/image?url=https%3A%2F%2Fcdn.productimages.coles.com.au%2Fproductimages%2F2%2F2602412.jpg&w=640&q=90
Coles Air Freshener Auto Refill Spray Vanilla Orchid & Ylang Ylang | 180g,,3.75,,https://www.coles.com.au/_next/image?url=https%3A%2F%2Fcdn.productimages.coles.com.au%2Fproductimages%2F2%2F2682659.jpg&w=640&q=90
Coles Wooden Spoon | 1 Each,,5.0,,https://www.coles.com.au/_next/image?url=https%3A%2F%2Fcdn.productimages.coles.com.au%2Fproductimages%2F3%2F3112554.jpg&w=640&q=90
Botanica By Air Wick Plug- In Diffuser Refill Jasmine & Sri Lankan Cinnam ... 44mL,,19.0,,https://www.coles.com.au/_next/image?url=https%3A%2F%2Fcdn.productimages.coles.com.au%2Fproductimages%2F1%2F1061634.jpg&w=640&q=90
Mortein Powergard Multi Insect Killer Spray | 300g,,14.0,,https://www.coles.com.au/_next/image?url=https%3A%2F%2Fcdn.productimages.coles.com.au%2Fproductimages%2F3%2F3260620.jpg&w=640&q=90
Yates Blitzem Snail Slug Killer Bait Pellets | 500g,,4.4,,https://www.coles.com.au/_next/image?url=https%3A%2F%2Fcdn.productimages.coles.com.au%2Fproductimages%2F5%2F5658184.jpg&w=640&q=90
Deeko Printed Serviettes | 80 Pack,,3.5,,https://www.coles.com.au/_next/image?url=https%3A%2F%2Fcdn.productimages.coles.com.au%2Fproductimages%2F2%2F2163.jpg&w=640&q=90
Sabco Cleanline Dustpan Set | 1 each,,9.0,,https://www.coles.com.au/_next/image?url=https%3A%2F%2Fcdn.productimages.coles.com.au%2Fproductimages%2F3%2F3912211.jpg&w=640&q=90
Air Wick Freshener Refill Linen & White Orchid | 38 mL,,17.0,,https://www.coles.com.au/_next/image?url=https%3A%2F%2Fcdn.productimages.coles.com.au%2Fproductimages%2F1%2F1061725.jpg&w=640&q=90
Air Wick Pure Freshmatic Cherry Blossom Air Freshener | 157g,,22.0,,https://www.coles.com.au/_next/image?url=https%3A%2F%2Fcdn.productimages.coles.com.au%2Fproductimages%2F3%2F3448657.jpg&w=640&q=90
Glade 2 in 1 Vanilla Passionfruit & Hawaiian Breeze Candle | 1 each,,7.3,,https://www.coles.com.au/_next/image?url=https%3A%2F%2Fcdn.productimages.coles.com.au%2Fproductimages%2F8%2F8393585.jpg&w=640&q=90
Coles Glue Stick 35g | 2 Pack,,5.0,,https://www.coles.com.au/_next/image?url=https%3A%2F%2Fcdn.productimages.coles.com.au%2Fproductimages%2F3%2F3931930.jpg&w=640&q=90
Coles Light Globes Led Es 5w 470lum 2700k | 2 Pack,,10.0,,https://www.coles.com.au/_next/image?url=https%3A%2F%2Fcdn.productimages.coles.com.au%2Fproductimages%2F3%2F3630071.jpg&w=640&q=90
Glade Aerosol Air Freshener Hawaiian Breeze | 200g,,3.5,,https://www.coles.com.au/_next/image?url=https%3A%2F%2Fcdn.productimages.coles.com.au%2Fproductimages%2F8%2F8411530.jpg&w=640&q=90
Coles Lead Extension 3m | 1 Each,,5.0,,https://www.coles.com.au/_next/image?url=https%3A%2F%2Fcdn.productimages.coles.com.au%2Fproductimages%2F9%2F9015765.jpg&w=640&q=90
Seiki 5 Cup Rice Cooker | 1 each,,30.0,,https://www.coles.com.au/_next/image?url=https%3A%2F%2Fcdn.productimages.coles.com.au%2Fproductimages%2F7%2F7500839.jpg&w=640&q=90
Botanica By Air Wick Plug-in Diffuser Refill Coconut Milk & Indonesian Patch ... 44mL,,19.0,,https://www.coles.com.au/_next/image?url=https%3A%2F%2Fcdn.productimages.coles.com.au%2Fproductimages%2F1%2F1061645.jpg&w=640&q=90
Air Wick Eucalyptus & Freesia Air Freshener Room Spray | 236mL,,6.0,,https://www.coles.com.au/_next/image?url=https%3A%2F%2Fcdn.productimages.coles.com.au%2Fproductimages%2F3%2F3963915.jpg&w=640&q=90
Botanica Moroccan Mint & Pink Grapefruit Candle | 1 each,,22.0,,https://www.coles.com.au/_next/image?url=https%3A%2F%2Fcdn.productimages.coles.com.au%2Fproductimages%2F3%2F3721381.jpg&w=640&q=90
Sunbeam Stainless Steel 4 Slice Toaster | 1 each,,65.0,,https://www.coles.com.au/_next/image?url=https%3A%2F%2Fcdn.productimages.coles.com.au%2Fproductimages%2F3%2F3790883.jpg&w=640&q=90
Coles Tongs 30cm | 1 Each,,6.0,,https://www.coles.com.au/_next/image?url=https%3A%2F%2Fcdn.productimages.coles.com.au%2Fproductimages%2F3%2F3116330.jpg&w=640&q=90
Ambi Pur Air Effects Spray Blossom Breeze | 185g,,6.0,,https://www.coles.com.au/_next/image?url=https%3A%2F%2Fcdn.productimages.coles.com.au%2Fproductimages%2F8%2F8385576.jpg&w=640&q=90
Oates Antibacterial Mop Head Refill Large | 1 each,,11.0,,https://www.coles.com.au/_next/image?url=https%3A%2F%2Fcdn.productimages.coles.com.au%2Fproductimages%2F4%2F448912.jpg&w=640&q=90
Sellotape Sticky Tape 18mmx66mm | 1 Pack,,3.7,,https://www.coles.com.au/_next/image?url=https%3A%2F%2Fcdn.productimages.coles.com.au%2Fproductimages%2F1%2F1842567.jpg&w=640&q=90
Sharpie Permanent Markers Bullet Tip | 2 Pack,,6.5,,https://www.coles.com.au/_next/image?url=https%3A%2F%2Fcdn.productimages.coles.com.au%2Fproductimages%2F1%2F1842374.jpg&w=640&q=90
Snazzee 2l Hot Water Bottle | 1 each,,8.0,,https://www.coles.com.au/_next/image?url=https%3A%2F%2Fcdn.productimages.coles.com.au%2Fproductimages%2F4%2F4742321.jpg&w=640&q=90
Brita Water Filter Jug Premium Pack (3 Filters) 3.5l | 3 Pack,,63.0,,https://www.coles.com.au/_next/image?url=https%3A%2F%2Fcdn.productimages.coles.com.au%2Fproductimages%2F5%2F5299933.jpg&w=640&q=90
Duracell Coppertop D Alkaline Batteries | 4 Pack,,17.0,,https://www.coles.com.au/_next/image?url=https%3A%2F%2Fcdn.productimages.coles.com.au%2Fproductimages%2F5%2F5425186.jpg&w=640&q=90
Mortein Powergard Easy Reach Crawling Insect Surface Spray | 350g,,18.5,,https://www.coles.com.au/_next/image?url=https%3A%2F%2Fcdn.productimages.coles.com.au%2Fproductimages%2F4%2F4448448.jpg&w=640&q=90
Mirabella Led Gls BC 14w 1500lum 4000k Cool White | 2 Pack,,16.5,,https://www.coles.com.au/_next/image?url=https%3A%2F%2Fcdn.productimages.coles.com.au%2Fproductimages%2F4%2F4488588.jpg&w=640&q=90
Grillman BBQ Bamboo Skewers 50 Pieces | 1 Pack,,5.0,,https://www.coles.com.au/_next/image?url=https%3A%2F%2Fcdn.productimages.coles.com.au%2Fproductimages%2F2%2F2153782.jpg&w=640&q=90
Duracell Coppertop 9V Alkaline Batteries | 4 Pack,,25.0,,https://www.coles.com.au/_next/image?url=https%3A%2F%2Fcdn.productimages.coles.com.au%2Fproductimages%2F4%2F4661570.jpg&w=640&q=90
Aerogard Home Multi Insect Killer | 300mL,,14.0,,https://www.coles.com.au/_next/image?url=https%3A%2F%2Fcdn.productimages.coles.com.au%2Fproductimages%2F6%2F6846995.jpg&w=640&q=90
Botanica Island Rose & African Geranium Reed Diffuser | 80mL,,22.0,,https://www.coles.com.au/_next/image?url=https%3A%2F%2Fcdn.productimages.coles.com.au%2Fproductimages%2F3%2F3721304.jpg&w=640&q=90
WD-40 Lubricating Spray | 255g,,10.0,,https://www.coles.com.au/_next/image?url=https%3A%2F%2Fcdn.productimages.coles.com.au%2Fproductimages%2F5%2F5231543.jpg&w=640&q=90
Mirabella Led Gls BC 14w 1500lum 2700k Warm White | 2 Pack,,16.5,,https://www.coles.com.au/_next/image?url=https%3A%2F%2Fcdn.productimages.coles.com.au%2Fproductimages%2F4%2F4488555.jpg&w=640&q=90
Coles Crawling Insect Killer | 350g,,3.5,,https://www.coles.com.au/_next/image?url=https%3A%2F%2Fcdn.productimages.coles.com.au%2Fproductimages%2F2%2F2542536.jpg&w=640&q=90
Brita Water Filter Flow Cask Soft Blue 8.2l | 1 Each,,85.0,,https://www.coles.com.au/_next/image?url=https%3A%2F%2Fcdn.productimages.coles.com.au%2Fproductimages%2F6%2F6842270.jpg&w=640&q=90
Coles Dl Envelopes | 50 Pack,,6.0,,https://www.coles.com.au/_next/image?url=https%3A%2F%2Fcdn.productimages.coles.com.au%2Fproductimages%2F3%2F3933889.jpg&w=640&q=90
Ratsak Pre Bait Mouse Trap | 2 Pack,,9.5,,https://www.coles.com.au/_next/image?url=https%3A%2F%2Fcdn.productimages.coles.com.au%2Fproductimages%2F5%2F5363373.jpg&w=640&q=90
Coles Plastic Spout Bucket | 1 each,,2.0,,https://www.coles.com.au/_next/image?url=https%3A%2F%2Fcdn.productimages.coles.com.au%2Fproductimages%2F4%2F4167391.jpg&w=640&q=90
Duracell Ultra D Alkaline Batteries | 2 Pack,,11.0,,https://www.coles.com.au/_next/image?url=https%3A%2F%2Fcdn.productimages.coles.com.au%2Fproductimages%2F3%2F3912878.jpg&w=640&q=90
Coles Alkaline+ C | 2 Pack,,3.4,,https://www.coles.com.au/_next/image?url=https%3A%2F%2Fcdn.productimages.coles.com.au%2Fproductimages%2F6%2F6876409.jpg&w=640&q=90
Smash Gel Ice Medium | 2 Pack,,7.0,,https://www.coles.com.au/_next/image?url=https%3A%2F%2Fcdn.productimages.coles.com.au%2Fproductimages%2F1%2F1089462.jpg&w=640&q=90
Surv Reusable Spoons | 10 Pack,,3.0,,https://www.coles.com.au/_next/image?url=https%3A%2F%2Fcdn.productimages.coles.com.au%2Fproductimages%2F9%2F9188640.jpg&w=640&q=90
Artwrap Colour Hair Spray | 1each,,4.5,,https://www.coles.com.au/_next/image?url=https%3A%2F%2Fcdn.productimages.coles.com.au%2Fproductimages%2F3%2F3866806.jpg&w=640&q=90
Coles Bamboo Straws | 40 Pack,,4.0,,https://www.coles.com.au/_next/image?url=https%3A%2F%2Fcdn.productimages.coles.com.au%2Fproductimages%2F9%2F9320383.jpg&w=640&q=90
NRG Powerboard 4 Outlet Switch With Surge Protection | 1 Each,,20.0,,https://www.coles.com.au/_next/image?url=https%3A%2F%2Fcdn.productimages.coles.com.au%2Fproductimages%2F9%2F9019370.jpg&w=640&q=90
Coles Patterned Bowls | 25 Pack,,5.5,,https://www.coles.com.au/_next/image?url=https%3A%2F%2Fcdn.productimages.coles.com.au%2Fproductimages%2F1%2F1053705.jpg&w=640&q=90
Fix & Go Supa Glue Brush | 5mL,,7.75,,https://www.coles.com.au/_next/image?url=https%3A%2F%2Fcdn.productimages.coles.com.au%2Fproductimages%2F3%2F3796675.jpg&w=640&q=90
Sodastream Terra White Sparkling Water Maker | 1 each,,109.0,,https://www.coles.com.au/_next/image?url=https%3A%2F%2Fcdn.productimages.coles.com.au%2Fproductimages%2F7%2F7532482.jpg&w=640&q=90
Lego Mini Figures | 1 each,,6.0,,https://www.coles.com.au/_next/image?url=https%3A%2F%2Fcdn.productimages.coles.com.au%2Fproductimages%2F8%2F8095328.jpg&w=640&q=90
Brita Water Filter Maxtra Pro Limescale Expert | 2 Pack,,35.0,,https://www.coles.com.au/_next/image?url=https%3A%2F%2Fcdn.productimages.coles.com.au%2Fproductimages%2F3%2F3233967.jpg&w=640&q=90
Vileda Super Mop Wringer Bucket | 1 each,,25.0,,https://www.coles.com.au/_next/image?url=https%3A%2F%2Fcdn.productimages.coles.com.au%2Fproductimages%2F9%2F9534660.jpg&w=640&q=90
Cook & Dine Classic Woven Tea Towels | 3 Pack,,8.0,,https://www.coles.com.au/_next/image?url=https%3A%2F%2Fcdn.productimages.coles.com.au%2Fproductimages%2F7%2F7707666.jpg&w=640&q=90
Coles Heavy Duty Storage Bag | 1 Pack,,4.7,,https://www.coles.com.au/_next/image?url=https%3A%2F%2Fcdn.productimages.coles.com.au%2Fproductimages%2F3%2F3220207.jpg&w=640&q=90
NRG Rechargeable Battery AA | 4 Pack,,16.15,,https://www.coles.com.au/_next/image?url=https%3A%2F%2Fcdn.productimages.coles.com.au%2Fproductimages%2F3%2F3858670.jpg&w=640&q=90
Coles Staples | 2 Pack,,2.5,,https://www.coles.com.au/_next/image?url=https%3A%2F%2Fcdn.productimages.coles.com.au%2Fproductimages%2F3%2F3932922.jpg&w=640&q=90
Coles Light Globes Led Gls Es 13w 1520lum 4000k | 2 Pack,,12.5,,https://www.coles.com.au/_next/image?url=https%3A%2F%2Fcdn.productimages.coles.com.au%2Fproductimages%2F3%2F3629946.jpg&w=640&q=90
Coles Light Globes Led Gls Es 10w 1055lum 2700k | 2 Pack,,12.0,,https://www.coles.com.au/_next/image?url=https%3A%2F%2Fcdn.productimages.coles.com.au%2Fproductimages%2F3%2F3629990.jpg&w=640&q=90
Mirabella Tubular Globe Appliance Small Edison Screw 40 Watt Clear | 2 Pack,,5.5,,https://www.coles.com.au/_next/image?url=https%3A%2F%2Fcdn.productimages.coles.com.au%2Fproductimages%2F2%2F2049179.jpg&w=640&q=90
Glade Sense & Spray Automatic Air Freshener Sheer Vanilla Emb ... 1 each,,17.5,,https://www.coles.com.au/_next/image?url=https%3A%2F%2Fcdn.productimages.coles.com.au%2Fproductimages%2F3%2F3057591.jpg&w=640&q=90
Hovex Pantry Moth Trap | 2 Pack,,10.0,,https://www.coles.com.au/_next/image?url=https%3A%2F%2Fcdn.productimages.coles.com.au%2Fproductimages%2F9%2F9828865.jpg&w=640&q=90
Coles Bamboo Cocktail Sticks | 300 Pack,,4.2,,https://www.coles.com.au/_next/image?url=https%3A%2F%2Fcdn.productimages.coles.com.au%2Fproductimages%2F4%2F4462100.jpg&w=640&q=90
Korbond Household Scissors | 1 each,,4.0,,https://www.coles.com.au/_next/image?url=https%3A%2F%2Fcdn.productimages.coles.com.au%2Fproductimages%2F5%2F5323448.jpg&w=640&q=90
Botanica By Air Wick Caribbean Vetiver & Sandalwood Auto ... 228mL,,17.0,,https://www.coles.com.au/_next/image?url=https%3A%2F%2Fcdn.productimages.coles.com.au%2Fproductimages%2F6%2F6133390.jpg&w=640&q=90
Ratsak Naturals Rodenticide Bait Pellets | 100g,,11.5,,https://www.coles.com.au/_next/image?url=https%3A%2F%2Fcdn.productimages.coles.com.au%2Fproductimages%2F1%2F1155942.jpg&w=640&q=90
LocknLock Freezer Fit Rectangular Container 1.05l | 1 Each,,10.0,,https://www.coles.com.au/_next/image?url=https%3A%2F%2Fcdn.productimages.coles.com.au%2Fproductimages%2F1%2F1575030.jpg&w=640&q=90
Mortein Naturgard Mik Automatic Spray Fragrance Free Refill | 304g,,32.5,,https://www.coles.com.au/_next/image?url=https%3A%2F%2Fcdn.productimages.coles.com.au%2Fproductimages%2F6%2F6874334.jpg&w=640&q=90
Coles Plant Based Oval Plates | 10 Pack,,4.0,,https://www.coles.com.au/_next/image?url=https%3A%2F%2Fcdn.productimages.coles.com.au%2Fproductimages%2F6%2F6544680.jpg&w=640&q=90
Duracell Coppertop 9V Alkaline Batteries | 2 Pack,,15.0,,https://www.coles.com.au/_next/image?url=https%3A%2F%2Fcdn.productimages.coles.com.au%2Fproductimages%2F5%2F5697630.jpg&w=640&q=90
Wild Deodorant Stick Bee Case With Honey & Cactus | 40g,,28.0,,https://www.coles.com.au/_next/image?url=https%3A%2F%2Fcdn.productimages.coles.com.au%2Fproductimages%2F1%2F1709975.jpg&w=640&q=90
Duracell Coppertop AAA Alkaline Batteries | 8 Pack,,15.0,,https://www.coles.com.au/_next/image?url=https%3A%2F%2Fcdn.productimages.coles.com.au%2Fproductimages%2F9%2F9618545.jpg&w=640&q=90
Air Wick Scented Oil Fragrance Refill Blue Eucalyptus & Cedar ... 38mL,,17.0,,https://www.coles.com.au/_next/image?url=https%3A%2F%2Fcdn.productimages.coles.com.au%2Fproductimages%2F1%2F1061690.jpg&w=640&q=90
Glade Solid Air Freshener Lavender | 180g,,4.0,,https://www.coles.com.au/_next/image?url=https%3A%2F%2Fcdn.productimages.coles.com.au%2Fproductimages%2F4%2F4886161.jpg&w=640&q=90
Liquid Paper Dryline Correction Tape | 1 Each,,6.0,,https://www.coles.com.au/_next/image?url=https%3A%2F%2Fcdn.productimages.coles.com.au%2Fproductimages%2F1%2F1842261.jpg&w=640&q=90
Surv Reusable Forks | 10 Pack,,3.0,,https://www.coles.com.au/_next/image?url=https%3A%2F%2Fcdn.productimages.coles.com.au%2Fproductimages%2F9%2F9188617.jpg&w=640&q=90
Palm Jug & Lid 1.3l | 1 Each,,12.0,,https://www.coles.com.au/_next/image?url=https%3A%2F%2Fcdn.productimages.coles.com.au%2Fproductimages%2F9%2F9188581.jpg&w=640&q=90
Command Hooks Medium Value Pack | 6 Pack,,15.8,,https://www.coles.com.au/_next/image?url=https%3A%2F%2Fcdn.productimages.coles.com.au%2Fproductimages%2F7%2F7630890.jpg&w=640&q=90
Quell Q501 Smoke Alarm Photoelectric | 1 Each,,23.0,,https://www.coles.com.au/_next/image?url=https%3A%2F%2Fcdn.productimages.coles.com.au%2Fproductimages%2F1%2F1145461.jpg&w=640&q=90
Elmer's Slime Celebration Kit | 1 each,,54.0,,https://www.coles.com.au/_next/image?url=https%3A%2F%2Fcdn.productimages.coles.com.au%2Fproductimages%2F3%2F3887544.jpg&w=640&q=90
Command Mixed Wall Hooks Value Pack White | 8 Pack,,19.4,,https://www.coles.com.au/_next/image?url=https%3A%2F%2Fcdn.productimages.coles.com.au%2Fproductimages%2F4%2F4230884.jpg&w=640&q=90
3M Command Adhesive Hook Large | 1 each,,7.3,,https://www.coles.com.au/_next/image?url=https%3A%2F%2Fcdn.productimages.coles.com.au%2Fproductimages%2F6%2F6797540.jpg&w=640&q=90
Coles Insect Bomb | 3 Pack,,10.0,,https://www.coles.com.au/_next/image?url=https%3A%2F%2Fcdn.productimages.coles.com.au%2Fproductimages%2F3%2F3563247.jpg&w=640&q=90
Scotch 2010 Beige Masking Tape 24mm | 24m,,5.35,,https://www.coles.com.au/_next/image?url=https%3A%2F%2Fcdn.productimages.coles.com.au%2Fproductimages%2F3%2F3801480.jpg&w=640&q=90
Coles Ice Cream Scoop | 1 Each,,5.0,,https://www.coles.com.au/_next/image?url=https%3A%2F%2Fcdn.productimages.coles.com.au%2Fproductimages%2F8%2F8419237.jpg&w=640&q=90
Coles Pillar Candle | 1 each,,5.0,,https://www.coles.com.au/_next/image?url=https%3A%2F%2Fcdn.productimages.coles.com.au%2Fproductimages%2F8%2F8170106.jpg&w=640&q=90
Combat Ant Rid Indoor Ant Liquid | 50mL,,7.5,,https://www.coles.com.au/_next/image?url=https%3A%2F%2Fcdn.productimages.coles.com.au%2Fproductimages%2F3%2F3582795.jpg&w=640&q=90
Little Tree Air Freshener Black Ice | 1 Pack,,3.15,,https://www.coles.com.au/_next/image?url=https%3A%2F%2Fcdn.productimages.coles.com.au%2Fproductimages%2F5%2F5163068.jpg&w=640&q=90
Coles Clear Packaging Tape | 3 Pack,,9.0,,https://www.coles.com.au/_next/image?url=https%3A%2F%2Fcdn.productimages.coles.com.au%2Fproductimages%2F3%2F3932183.jpg&w=640&q=90
Expo Whiteboard Markers Chisel Tip | 4 Pack,,13.0,,https://www.coles.com.au/_next/image?url=https%3A%2F%2Fcdn.productimages.coles.com.au%2Fproductimages%2F3%2F3937960.jpg&w=640&q=90
3M Command Adhesive Hook Jumbo | 1 each,,8.25,,https://www.coles.com.au/_next/image?url=https%3A%2F%2Fcdn.productimages.coles.com.au%2Fproductimages%2F7%2F7291637.jpg&w=640&q=90
NRG Powerboard 4 Outlet With Surge Protection And Usb-a & Usb-c | 1 Each,,30.0,,https://www.coles.com.au/_next/image?url=https%3A%2F%2Fcdn.productimages.coles.com.au%2Fproductimages%2F9%2F9019405.jpg&w=640&q=90
Hatchimals Alive | 1 Pack,,7.0,,https://www.coles.com.au/_next/image?url=https%3A%2F%2Fcdn.productimages.coles.com.au%2Fproductimages%2F7%2F7849161.jpg&w=640&q=90
Coles Plant Based Cups | 10 Pack,,4.0,,https://www.coles.com.au/_next/image?url=https%3A%2F%2Fcdn.productimages.coles.com.au%2Fproductimages%2F6%2F6542662.jpg&w=640&q=90
Korbond Horizontal Lint Roller | 1 Pack,,7.2,,https://www.coles.com.au/_next/image?url=https%3A%2F%2Fcdn.productimages.coles.com.au%2Fproductimages%2F3%2F3973828.jpg&w=640&q=90
Coles Foil Platters | 5 Pack,,4.4,,https://www.coles.com.au/_next/image?url=https%3A%2F%2Fcdn.productimages.coles.com.au%2Fproductimages%2F1%2F1547228.jpg&w=640&q=90
Air Wick Freshener Refill Ocean Waves & Sea Salt | 57mL,,16.0,,https://www.coles.com.au/_next/image?url=https%3A%2F%2Fcdn.productimages.coles.com.au%2Fproductimages%2F1%2F1061667.jpg&w=640&q=90
Glade Fresh Air Freshener Mandarin & Sweet Blossom | 210g,,6.0,,https://www.coles.com.au/_next/image?url=https%3A%2F%2Fcdn.productimages.coles.com.au%2Fproductimages%2F1%2F1060992.jpg&w=640&q=90
Sharpie Permanent Markers Ultra Fine Tip | 2 Pack,,5.6,,https://www.coles.com.au/_next/image?url=https%3A%2F%2Fcdn.productimages.coles.com.au%2Fproductimages%2F5%2F5152550.jpg&w=640&q=90
Mirabella Led Gls Es 14w 1400lum 4000k Cool White | 2 Pack,,16.5,,https://www.coles.com.au/_next/image?url=https%3A%2F%2Fcdn.productimages.coles.com.au%2Fproductimages%2F4%2F4488613.jpg&w=640&q=90
Coles Automatic Insect Control Refill Odourless | 152g,,4.0,,https://www.coles.com.au/_next/image?url=https%3A%2F%2Fcdn.productimages.coles.com.au%2Fproductimages%2F2%2F2797617.jpg&w=640&q=90
Seiki Compact Food Processor | 1 each,,35.0,,https://www.coles.com.au/_next/image?url=https%3A%2F%2Fcdn.productimages.coles.com.au%2Fproductimages%2F4%2F4799668.jpg&w=640&q=90
Brunnings Feed 'n' Weed | 2.7L,,13.0,,https://www.coles.com.au/_next/image?url=https%3A%2F%2Fcdn.productimages.coles.com.au%2Fproductimages%2F5%2F5318288.jpg&w=640&q=90
Bushman Plus 20% Deet With Sunscreen Pump | 100mL,,11.45,,https://www.coles.com.au/_next/image?url=https%3A%2F%2Fcdn.productimages.coles.com.au%2Fproductimages%2F2%2F2770279.jpg&w=640&q=90
Coles Stapler With Staples | 1 each,,8.0,,https://www.coles.com.au/_next/image?url=https%3A%2F%2Fcdn.productimages.coles.com.au%2Fproductimages%2F3%2F3932911.jpg&w=640&q=90
Coles Pva Craft Glue | 250mL,,4.8,,https://www.coles.com.au/_next/image?url=https%3A%2F%2Fcdn.productimages.coles.com.au%2Fproductimages%2F3%2F3932966.jpg&w=640&q=90
Coles Slotted Turner | 1 Each,,7.0,,https://www.coles.com.au/_next/image?url=https%3A%2F%2Fcdn.productimages.coles.com.au%2Fproductimages%2F5%2F5016165.jpg&w=640&q=90
Paper Mate Inkjoy Black Ball Point | 4 Pack,,5.0,,https://www.coles.com.au/_next/image?url=https%3A%2F%2Fcdn.productimages.coles.com.au%2Fproductimages%2F3%2F3667661.jpg&w=640&q=90
Botanica By Air Wick Air Plug In Diffuser Refill Coconut Milk & Ind ... 22mL,,19.0,,https://www.coles.com.au/_next/image?url=https%3A%2F%2Fcdn.productimages.coles.com.au%2Fproductimages%2F1%2F1061612.jpg&w=640&q=90
Coles Reusable Bowls | 6 Pack,,6.0,,https://www.coles.com.au/_next/image?url=https%3A%2F%2Fcdn.productimages.coles.com.au%2Fproductimages%2F9%2F9283243.jpg&w=640&q=90
Selleys Spakfilla Rapid | 180g,,14.35,,https://www.coles.com.au/_next/image?url=https%3A%2F%2Fcdn.productimages.coles.com.au%2Fproductimages%2F5%2F5790534.jpg&w=640&q=90
Botanica By Air Wick Vanilla & Himalayan Magnolia Automatic Spray  ... 228mL,,17.0,,https://www.coles.com.au/_next/image?url=https%3A%2F%2Fcdn.productimages.coles.com.au%2Fproductimages%2F6%2F6133346.jpg&w=640&q=90
Elmers Clear School Glue | 147mL,,7.8,,https://www.coles.com.au/_next/image?url=https%3A%2F%2Fcdn.productimages.coles.com.au%2Fproductimages%2F3%2F3087275.jpg&w=640&q=90
Multicrop Bug Green Organic Slow Release Fertiliser | 600g,,6.5,,https://www.coles.com.au/_next/image?url=https%3A%2F%2Fcdn.productimages.coles.com.au%2Fproductimages%2F2%2F2601760.jpg&w=640&q=90
Expo Whiteboard Markers Starter Set | 6 Pack,,17.0,,https://www.coles.com.au/_next/image?url=https%3A%2F%2Fcdn.productimages.coles.com.au%2Fproductimages%2F3%2F3887351.jpg&w=640&q=90
Coles Light Globes Led Gls Es 13w 1520lum 2700k | 2 Pack,,12.0,,https://www.coles.com.au/_next/image?url=https%3A%2F%2Fcdn.productimages.coles.com.au%2Fproductimages%2F3%2F3629866.jpg&w=640&q=90
NRG Bluetooth Portable Speaker | 1 Each,,33.0,,https://www.coles.com.au/_next/image?url=https%3A%2F%2Fcdn.productimages.coles.com.au%2Fproductimages%2F8%2F8770475.jpg&w=640&q=90
Coles Happy Birthday Balloons | 20 Pack,,3.0,,https://www.coles.com.au/_next/image?url=https%3A%2F%2Fcdn.productimages.coles.com.au%2Fproductimages%2F6%2F6839435.jpg&w=640&q=90
Scotch 944 Pvc Duct Tape Silver | 1 Pack,,6.85,,https://www.coles.com.au/_next/image?url=https%3A%2F%2Fcdn.productimages.coles.com.au%2Fproductimages%2F3%2F3801470.jpg&w=640&q=90
Seasol Complete Garden Health Treatment | 600mL,,10.0,,https://www.coles.com.au/_next/image?url=https%3A%2F%2Fcdn.productimages.coles.com.au%2Fproductimages%2F3%2F3733530.jpg&w=640&q=90
Botanica By Air Wick Jasmine & Sri Lankan Cinnamon Leaf Au ... 228mL,,28.0,,https://www.coles.com.au/_next/image?url=https%3A%2F%2Fcdn.productimages.coles.com.au%2Fproductimages%2F6%2F6133324.jpg&w=640&q=90
Outdoor Life Trigger Sprayer | 500mL,,2.0,,https://www.coles.com.au/_next/image?url=https%3A%2F%2Fcdn.productimages.coles.com.au%2Fproductimages%2F7%2F7839893.jpg&w=640&q=90
Coles 4 Outlet Powerboard | 1 each,,7.5,,https://www.coles.com.au/_next/image?url=https%3A%2F%2Fcdn.productimages.coles.com.au%2Fproductimages%2F5%2F5583530.jpg&w=640&q=90
Scholl Gel Activ Insole Work & Boot Large | 1 each,,28.0,,https://www.coles.com.au/_next/image?url=https%3A%2F%2Fcdn.productimages.coles.com.au%2Fproductimages%2F3%2F3810426.jpg&w=640&q=90
Air Wick Scented Oil Fragrance Refill Linen & White Orchid 3x19ml | 57mL,,16.0,,https://www.coles.com.au/_next/image?url=https%3A%2F%2Fcdn.productimages.coles.com.au%2Fproductimages%2F1%2F1061703.jpg&w=640&q=90
Air Wick 2X Essential Oil Freshmatic Refill Spray Linen & White Orchid | 157g,,12.0,,https://www.coles.com.au/_next/image?url=https%3A%2F%2Fcdn.productimages.coles.com.au%2Fproductimages%2F1%2F1686880.jpg&w=640&q=90
Coles Correction Tape | 2 Pack,,4.5,,https://www.coles.com.au/_next/image?url=https%3A%2F%2Fcdn.productimages.coles.com.au%2Fproductimages%2F3%2F3933062.jpg&w=640&q=90
Mortein Naturgard Flying Insect Spray Eucalyptus | 320g,,11.5,,https://www.coles.com.au/_next/image?url=https%3A%2F%2Fcdn.productimages.coles.com.au%2Fproductimages%2F4%2F4448007.jpg&w=640&q=90
Aerogard Body Odourless Protection Insect Repellent Spray | 250mL,,15.0,,https://www.coles.com.au/_next/image?url=https%3A%2F%2Fcdn.productimages.coles.com.au%2Fproductimages%2F3%2F3014191.jpg&w=640&q=90
Maison&muse Paper Car Freshener Coconut & Sea Salt | 1 Pack,,4.0,,https://www.coles.com.au/_next/image?url=https%3A%2F%2Fcdn.productimages.coles.com.au%2Fproductimages%2F1%2F1022982.jpg&w=640&q=90
Sharpie Metallic Markers | 2 Pack,,6.5,,https://www.coles.com.au/_next/image?url=https%3A%2F%2Fcdn.productimages.coles.com.au%2Fproductimages%2F1%2F1823482.jpg&w=640&q=90
Coles Simply Paper Bowls | 20 Pack,,2.0,,https://www.coles.com.au/_next/image?url=https%3A%2F%2Fcdn.productimages.coles.com.au%2Fproductimages%2F3%2F3864039.jpg&w=640&q=90
Coles Light Globes Led Gls Bc 10w 1055lum 4000k | 2 Pack,,12.75,,https://www.coles.com.au/_next/image?url=https%3A%2F%2Fcdn.productimages.coles.com.au%2Fproductimages%2F3%2F3630038.jpg&w=640&q=90
Coles A5 Fashion Spiral Notebook | 1 Each,,6.5,,https://www.coles.com.au/_next/image?url=https%3A%2F%2Fcdn.productimages.coles.com.au%2Fproductimages%2F1%2F1170301.jpg&w=640&q=90
Sabco Multi-fit Flat Mop Pad | 1 each,,12.5,,https://www.coles.com.au/_next/image?url=https%3A%2F%2Fcdn.productimages.coles.com.au%2Fproductimages%2F6%2F6404534.jpg&w=640&q=90
Mortein Naturgard Multi Insect Killer Aerosol | 300g,,14.0,,https://www.coles.com.au/_next/image?url=https%3A%2F%2Fcdn.productimages.coles.com.au%2Fproductimages%2F5%2F5398243.jpg&w=640&q=90
Artwrap Colour Flame Candles | 10 Pack,,4.0,,https://www.coles.com.au/_next/image?url=https%3A%2F%2Fcdn.productimages.coles.com.au%2Fproductimages%2F4%2F4256968.jpg&w=640&q=90
NRG Recharge Battery AAA | 4 Pack,,16.15,,https://www.coles.com.au/_next/image?url=https%3A%2F%2Fcdn.productimages.coles.com.au%2Fproductimages%2F3%2F3858681.jpg&w=640&q=90
SecondBite $2 Donation | 1 Each,,2.0,,https://www.coles.com.au/_next/image?url=https%3A%2F%2Fcdn.productimages.coles.com.au%2Fproductimages%2F1%2F1899189.jpg&w=640&q=90
Mortein Powergard Diy | 2L,,40.0,,https://www.coles.com.au/_next/image?url=https%3A%2F%2Fcdn.productimages.coles.com.au%2Fproductimages%2F9%2F9563997.jpg&w=640&q=90
Paper Mate Kilometrico Pens Black | 10 Pack,,5.0,,https://www.coles.com.au/_next/image?url=https%3A%2F%2Fcdn.productimages.coles.com.au%2Fproductimages%2F1%2F1842465.jpg&w=640&q=90
Air Wick Life Scents Mystical Garden Reed Diffuser | 30mL,,8.0,,https://www.coles.com.au/_next/image?url=https%3A%2F%2Fcdn.productimages.coles.com.au%2Fproductimages%2F2%2F2346866.jpg&w=640&q=90
Scotch Gaffa Tape 15m | 1 each,,6.95,,https://www.coles.com.au/_next/image?url=https%3A%2F%2Fcdn.productimages.coles.com.au%2Fproductimages%2F3%2F3811906.jpg&w=640&q=90
Coles Plant Based Side Plates | 10 Pack,,4.0,,https://www.coles.com.au/_next/image?url=https%3A%2F%2Fcdn.productimages.coles.com.au%2Fproductimages%2F6%2F6544635.jpg&w=640&q=90
Coles Sticky Notes Assorted Colours | 5 Pack,,6.0,,https://www.coles.com.au/_next/image?url=https%3A%2F%2Fcdn.productimages.coles.com.au%2Fproductimages%2F3%2F3932140.jpg&w=640&q=90
Coles Party Hats | 10 Pack,,3.0,,https://www.coles.com.au/_next/image?url=https%3A%2F%2Fcdn.productimages.coles.com.au%2Fproductimages%2F5%2F5142137.jpg&w=640&q=90
Dymo Letra Tag Labeller Blue | 1 each,,55.0,,https://www.coles.com.au/_next/image?url=https%3A%2F%2Fcdn.productimages.coles.com.au%2Fproductimages%2F3%2F3671830.jpg&w=640&q=90
Scholl Fresh Step Antiperspirant Foot Spray | 96g,,9.0,,https://www.coles.com.au/_next/image?url=https%3A%2F%2Fcdn.productimages.coles.com.au%2Fproductimages%2F6%2F6531735.jpg&w=640&q=90
Spirax A4 Notebook 240pg | 1 Each,,6.0,,https://www.coles.com.au/_next/image?url=https%3A%2F%2Fcdn.productimages.coles.com.au%2Fproductimages%2F8%2F8962159.jpg&w=640&q=90
Belkin Boostcharge Lightning To Usb-a Cable 1m White | 1 Pack,,24.95,,https://www.coles.com.au/_next/image?url=https%3A%2F%2Fcdn.productimages.coles.com.au%2Fproductimages%2F5%2F5159366.jpg&w=640&q=90
Coles Light Globes Led Gls Bc 13w 1520lum 2700k | 2 Pack,,12.0,,https://www.coles.com.au/_next/image?url=https%3A%2F%2Fcdn.productimages.coles.com.au%2Fproductimages%2F3%2F3629902.jpg&w=640&q=90
Coles Patterned Lunch Serviettes | 50 Pack,,2.5,,https://www.coles.com.au/_next/image?url=https%3A%2F%2Fcdn.productimages.coles.com.au%2Fproductimages%2F2%2F2361430.jpg&w=640&q=90
Coles Retractable Ballpoint Pen Assorted | 10 Pack,,1.0,,https://www.coles.com.au/_next/image?url=https%3A%2F%2Fcdn.productimages.coles.com.au%2Fproductimages%2F3%2F3940261.jpg&w=640&q=90
Heat Beads Hardwood Lump Charcoal | 2kg,,9.95,,https://www.coles.com.au/_next/image?url=https%3A%2F%2Fcdn.productimages.coles.com.au%2Fproductimages%2F7%2F7036040.jpg&w=640&q=90
Green Nation Soy Wax Candle Vanilla 200g | 1 each,,16.0,,https://www.coles.com.au/_next/image?url=https%3A%2F%2Fcdn.productimages.coles.com.au%2Fproductimages%2F6%2F6134214.jpg&w=640&q=90
Air Wick Pure Scented Oil Diffuser & Refill Spring Delight | 19mL,,9.5,,https://www.coles.com.au/_next/image?url=https%3A%2F%2Fcdn.productimages.coles.com.au%2Fproductimages%2F3%2F3411045.jpg&w=640&q=90
Coles Twisted Candles | 12 Pack,,6.0,,https://www.coles.com.au/_next/image?url=https%3A%2F%2Fcdn.productimages.coles.com.au%2Fproductimages%2F6%2F6839333.jpg&w=640&q=90
Coles Silicone Straight Straws | 5 Pack,,5.0,,https://www.coles.com.au/_next/image?url=https%3A%2F%2Fcdn.productimages.coles.com.au%2Fproductimages%2F3%2F3709295.jpg&w=640&q=90
Duracell Coppertop AAA Alkaline Batteries | 4 Pack,,8.0,,https://www.coles.com.au/_next/image?url=https%3A%2F%2Fcdn.productimages.coles.com.au%2Fproductimages%2F5%2F5760089.jpg&w=640&q=90
Glade Electric Scented Oil Refill Sheer Vanilla Embrace | 40mL,,13.0,,https://www.coles.com.au/_next/image?url=https%3A%2F%2Fcdn.productimages.coles.com.au%2Fproductimages%2F6%2F6134644.jpg&w=640&q=90
Coles Milk Frother | 1 Each,,4.0,,https://www.coles.com.au/_next/image?url=https%3A%2F%2Fcdn.productimages.coles.com.au%2Fproductimages%2F8%2F8419281.jpg&w=640&q=90
Coles Table Knives | 4 Pack,,7.0,,https://www.coles.com.au/_next/image?url=https%3A%2F%2Fcdn.productimages.coles.com.au%2Fproductimages%2F3%2F3145622.jpg&w=640&q=90
Air Wick 2X Essential Oil Freshmatic Refill Smooth Satin & Moon Lily | 157g,,12.0,,https://www.coles.com.au/_next/image?url=https%3A%2F%2Fcdn.productimages.coles.com.au%2Fproductimages%2F1%2F1687169.jpg&w=640&q=90
Coles Alkaline+ D | 2 Pack,,3.2,,https://www.coles.com.au/_next/image?url=https%3A%2F%2Fcdn.productimages.coles.com.au%2Fproductimages%2F6%2F6876410.jpg&w=640&q=90
Papermate Flair Candy Pop | 24 Pack,,21.0,,https://www.coles.com.au/_next/image?url=https%3A%2F%2Fcdn.productimages.coles.com.au%2Fproductimages%2F5%2F5245581.jpg&w=640&q=90
Glade Fresh Aerosol Jasmine & Waterlily | 210g,,6.0,,https://www.coles.com.au/_next/image?url=https%3A%2F%2Fcdn.productimages.coles.com.au%2Fproductimages%2F1%2F1061000.jpg&w=640&q=90
Coles Candle Gold Or Silver No 1 | 1 each,,3.0,,https://www.coles.com.au/_next/image?url=https%3A%2F%2Fcdn.productimages.coles.com.au%2Fproductimages%2F6%2F6830011.jpg&w=640&q=90
Coles Coloured Serviettes | 100 Pack,,4.0,,https://www.coles.com.au/_next/image?url=https%3A%2F%2Fcdn.productimages.coles.com.au%2Fproductimages%2F9%2F9320328.jpg&w=640&q=90
Cook & Dine Coupe Cereal Bowls | 2 Pack,,10.0,,https://www.coles.com.au/_next/image?url=https%3A%2F%2Fcdn.productimages.coles.com.au%2Fproductimages%2F7%2F7761843.jpg&w=640&q=90
Sellotape Clear Packaging Tape | 1 each,,5.5,,https://www.coles.com.au/_next/image?url=https%3A%2F%2Fcdn.productimages.coles.com.au%2Fproductimages%2F1%2F1818482.jpg&w=640&q=90
Mortein Powergard Crawling Insect Control Bomb | 3 Pack,,24.0,,https://www.coles.com.au/_next/image?url=https%3A%2F%2Fcdn.productimages.coles.com.au%2Fproductimages%2F8%2F8593154.jpg&w=640&q=90
Command Large Black | 4 Pack,,9.35,,https://www.coles.com.au/_next/image?url=https%3A%2F%2Fcdn.productimages.coles.com.au%2Fproductimages%2F9%2F9894280.jpg&w=640&q=90
Coles Electric Salt & Pepper Grinder | 1 Each,,16.0,,https://www.coles.com.au/_next/image?url=https%3A%2F%2Fcdn.productimages.coles.com.au%2Fproductimages%2F4%2F4651587.jpg&w=640&q=90
Maison & Muse Car Freshener Wild Vanilla & Caramel | 1 Pack,,4.0,,https://www.coles.com.au/_next/image?url=https%3A%2F%2Fcdn.productimages.coles.com.au%2Fproductimages%2F1%2F1022950.jpg&w=640&q=90
Coles Piggyback Extension Cord 2m | 1 Each,,5.0,,https://www.coles.com.au/_next/image?url=https%3A%2F%2Fcdn.productimages.coles.com.au%2Fproductimages%2F9%2F9017272.jpg&w=640&q=90
3M Command Medium Designer Hooks | 2 Pack,,7.4,,https://www.coles.com.au/_next/image?url=https%3A%2F%2Fcdn.productimages.coles.com.au%2Fproductimages%2F4%2F4460625.jpg&w=640&q=90
NRG Powerboard 6 Outlet With 2 Usb-a And 2 Usb-c | 1 Each,,50.0,,https://www.coles.com.au/_next/image?url=https%3A%2F%2Fcdn.productimages.coles.com.au%2Fproductimages%2F9%2F9019358.jpg&w=640&q=90
Coles Extension Lead 10 Mt | 1 Pack,,10.0,,https://www.coles.com.au/_next/image?url=https%3A%2F%2Fcdn.productimages.coles.com.au%2Fproductimages%2F9%2F9738423.jpg&w=640&q=90
Coles Happy Birthday Candles | 12 Pack,,4.0,,https://www.coles.com.au/_next/image?url=https%3A%2F%2Fcdn.productimages.coles.com.au%2Fproductimages%2F6%2F6839162.jpg&w=640&q=90
Command Assorted Refill Strips White | 16 Pack,,12.0,,https://www.coles.com.au/_next/image?url=https%3A%2F%2Fcdn.productimages.coles.com.au%2Fproductimages%2F4%2F4230851.jpg&w=640&q=90
Brita Marella Water Filter Jug 2.4l | 1 Each,,39.5,,https://www.coles.com.au/_next/image?url=https%3A%2F%2Fcdn.productimages.coles.com.au%2Fproductimages%2F5%2F5651152.jpg&w=640&q=90
Squishy Donuts | 1 Each,,8.0,,https://www.coles.com.au/_next/image?url=https%3A%2F%2Fcdn.productimages.coles.com.au%2Fproductimages%2F1%2F1064563.jpg&w=640&q=90
Air Wick 2X Essential Oil Freshmatic Refill Sweet Vanilla & Shea Butter | 157g,,12.0,,https://www.coles.com.au/_next/image?url=https%3A%2F%2Fcdn.productimages.coles.com.au%2Fproductimages%2F1%2F1686891.jpg&w=640&q=90
Mix All Over Shaper Bronze Tall | 1 each,,6.0,,https://www.coles.com.au/_next/image?url=https%3A%2F%2Fcdn.productimages.coles.com.au%2Fproductimages%2F4%2F4150297.jpg&w=640&q=90
Cook & Dine Porcelain Dinner Plate | 2 Pack,,6.0,,https://www.coles.com.au/_next/image?url=https%3A%2F%2Fcdn.productimages.coles.com.au%2Fproductimages%2F7%2F7739629.jpg&w=640&q=90
Bostik Blu Tack Colour | 1 Each,,4.0,,https://www.coles.com.au/_next/image?url=https%3A%2F%2Fcdn.productimages.coles.com.au%2Fproductimages%2F3%2F3782863.jpg&w=640&q=90
Aerogard Repellent Roll On Tropic | 50mL,,10.0,,https://www.coles.com.au/_next/image?url=https%3A%2F%2Fcdn.productimages.coles.com.au%2Fproductimages%2F2%2F205171.jpg&w=640&q=90
Duracell Everyday Alkaline AA Alkaline Batteries | 10 Pack,,13.0,,https://www.coles.com.au/_next/image?url=https%3A%2F%2Fcdn.productimages.coles.com.au%2Fproductimages%2F6%2F6313450.jpg&w=640&q=90
Oakwood Instant Shoe Polish Black | 75mL,,6.0,,https://www.coles.com.au/_next/image?url=https%3A%2F%2Fcdn.productimages.coles.com.au%2Fproductimages%2F6%2F6436508.jpg&w=640&q=90
Weber BBQ Briquettes | 4kg,,11.0,,https://www.coles.com.au/_next/image?url=https%3A%2F%2Fcdn.productimages.coles.com.au%2Fproductimages%2F3%2F3253421.jpg&w=640&q=90
Licensed Oven Mitt | 1 Each,,8.0,,https://www.coles.com.au/_next/image?url=https%3A%2F%2Fcdn.productimages.coles.com.au%2Fproductimages%2F1%2F1421605.jpg&w=640&q=90
Belkin Boostcharge USB -c To Lightning Cable | 1 Pack,,29.95,,https://www.coles.com.au/_next/image?url=https%3A%2F%2Fcdn.productimages.coles.com.au%2Fproductimages%2F5%2F5159402.jpg&w=640&q=90
Powerfeed All Purpose Plant Food | 600mL,,10.0,,https://www.coles.com.au/_next/image?url=https%3A%2F%2Fcdn.productimages.coles.com.au%2Fproductimages%2F3%2F3733540.jpg&w=640&q=90
Mirabella Led Gls BC 9w 806lum 2700k Warm White | 2 Pack,,13.75,,https://www.coles.com.au/_next/image?url=https%3A%2F%2Fcdn.productimages.coles.com.au%2Fproductimages%2F4%2F4488453.jpg&w=640&q=90
Coles Sugarcane Dinner Plates | 10 Pack,,4.0,,https://www.coles.com.au/_next/image?url=https%3A%2F%2Fcdn.productimages.coles.com.au%2Fproductimages%2F6%2F6542695.jpg&w=640&q=90
Coles A7 Pocket Notebook | 5 Pack,,2.0,,https://www.coles.com.au/_next/image?url=https%3A%2F%2Fcdn.productimages.coles.com.au%2Fproductimages%2F3%2F3934939.jpg&w=640&q=90
Coles Streamers | 6 Pack,,4.0,,https://www.coles.com.au/_next/image?url=https%3A%2F%2Fcdn.productimages.coles.com.au%2Fproductimages%2F6%2F6892610.jpg&w=640&q=90
Duracell 80 Lumen Rubber Flashlight 2 AAA | 1 each,,17.0,,https://www.coles.com.au/_next/image?url=https%3A%2F%2Fcdn.productimages.coles.com.au%2Fproductimages%2F3%2F3919505.jpg&w=640&q=90
Duracell Coppertop 6V Alkaline Battery | 1 Pack,,21.0,,https://www.coles.com.au/_next/image?url=https%3A%2F%2Fcdn.productimages.coles.com.au%2Fproductimages%2F5%2F5621468.jpg&w=640&q=90
LocknLock Fresh Block Container 3.2l | 1 Each,,24.0,,https://www.coles.com.au/_next/image?url=https%3A%2F%2Fcdn.productimages.coles.com.au%2Fproductimages%2F1%2F1579574.jpg&w=640&q=90
Bostik Blu Glu Stik 21g | 2 Pack,,6.1,,https://www.coles.com.au/_next/image?url=https%3A%2F%2Fcdn.productimages.coles.com.au%2Fproductimages%2F2%2F2795270.jpg&w=640&q=90
Korbond Silver Safety Pins Assorted Sizes | 1 Pack,,3.5,,https://www.coles.com.au/_next/image?url=https%3A%2F%2Fcdn.productimages.coles.com.au%2Fproductimages%2F5%2F5323765.jpg&w=640&q=90
Cook & Dine Pattern Noodle Bowls | 2 Pack,,10.0,,https://www.coles.com.au/_next/image?url=https%3A%2F%2Fcdn.productimages.coles.com.au%2Fproductimages%2F7%2F7761912.jpg&w=640&q=90
Coles A4 Sheet Protector | 100 Pack,,7.0,,https://www.coles.com.au/_next/image?url=https%3A%2F%2Fcdn.productimages.coles.com.au%2Fproductimages%2F3%2F3932219.jpg&w=640&q=90
LocknLock Freezer Fit Rectangular Container 2.2l | 1 Each,,16.5,,https://www.coles.com.au/_next/image?url=https%3A%2F%2Fcdn.productimages.coles.com.au%2Fproductimages%2F1%2F1576033.jpg&w=640&q=90
Belkin Boostcharge Usb-c To Usb-c Cable- 1m - White | 1 Pack,,19.95,,https://www.coles.com.au/_next/image?url=https%3A%2F%2Fcdn.productimages.coles.com.au%2Fproductimages%2F5%2F5159480.jpg&w=640&q=90
Mortein Cockroach Baits Nest Kill | 12 Pack,,12.0,,https://www.coles.com.au/_next/image?url=https%3A%2F%2Fcdn.productimages.coles.com.au%2Fproductimages%2F6%2F6162650.jpg&w=640&q=90
USB 2.0 16gb Flash Drive | 3 Pack,,32.0,,https://www.coles.com.au/_next/image?url=https%3A%2F%2Fcdn.productimages.coles.com.au%2Fproductimages%2F3%2F3085167.jpg&w=640&q=90
Coles Adaptor Double | 1 Each,,2.75,,https://www.coles.com.au/_next/image?url=https%3A%2F%2Fcdn.productimages.coles.com.au%2Fproductimages%2F9%2F9015244.jpg&w=640&q=90
Buzz Disposable Fly Trap | 1 each,,11.0,,https://www.coles.com.au/_next/image?url=https%3A%2F%2Fcdn.productimages.coles.com.au%2Fproductimages%2F2%2F2765600.jpg&w=640&q=90
Glade Electric Scented Oil Warmer & Refill Sheer Vanilla Embrace | 20mL,,14.0,,https://www.coles.com.au/_next/image?url=https%3A%2F%2Fcdn.productimages.coles.com.au%2Fproductimages%2F6%2F6134586.jpg&w=640&q=90
Coles Flocked Hangers Black | 10 Pack,,7.0,,https://www.coles.com.au/_next/image?url=https%3A%2F%2Fcdn.productimages.coles.com.au%2Fproductimages%2F2%2F2959435.jpg&w=640&q=90
Command Medium Picture Hanging Strips Value Pack | 8 Pack,,13.8,,https://www.coles.com.au/_next/image?url=https%3A%2F%2Fcdn.productimages.coles.com.au%2Fproductimages%2F4%2F4868647.jpg&w=640&q=90
NRG Super Alkaline AA | 24 Pack,,26.5,,https://www.coles.com.au/_next/image?url=https%3A%2F%2Fcdn.productimages.coles.com.au%2Fproductimages%2F3%2F3858659.jpg&w=640&q=90
Coles 6 Outlet Powerboard | 1 each,,8.5,,https://www.coles.com.au/_next/image?url=https%3A%2F%2Fcdn.productimages.coles.com.au%2Fproductimages%2F5%2F5583584.jpg&w=640&q=90
Wiltshire Classic Gas Lighter | 1 Each,,7.0,,https://www.coles.com.au/_next/image?url=https%3A%2F%2Fcdn.productimages.coles.com.au%2Fproductimages%2F8%2F8386397.jpg&w=640&q=90
Expo Whiteboard Markers Bullet Tip | 4 Pack,,13.0,,https://www.coles.com.au/_next/image?url=https%3A%2F%2Fcdn.productimages.coles.com.au%2Fproductimages%2F3%2F3668482.jpg&w=640&q=90
Coles Non Slip Liner Large | 1 Pack,,7.0,,https://www.coles.com.au/_next/image?url=https%3A%2F%2Fcdn.productimages.coles.com.au%2Fproductimages%2F3%2F3219922.jpg&w=640&q=90
Command Large Picture General Purpose Hooks Value Pack | 3 Pack,,15.56,,https://www.coles.com.au/_next/image?url=https%3A%2F%2Fcdn.productimages.coles.com.au%2Fproductimages%2F4%2F4868614.jpg&w=640&q=90
WD-40 Low Odour | 255g,,10.0,,https://www.coles.com.au/_next/image?url=https%3A%2F%2Fcdn.productimages.coles.com.au%2Fproductimages%2F3%2F3795843.jpg&w=640&q=90
Korbond Travel Lint Roller | 1 Pack,,3.0,,https://www.coles.com.au/_next/image?url=https%3A%2F%2Fcdn.productimages.coles.com.au%2Fproductimages%2F3%2F3973850.jpg&w=640&q=90
Coles Chrome Balloons | 12 Pack,,4.0,,https://www.coles.com.au/_next/image?url=https%3A%2F%2Fcdn.productimages.coles.com.au%2Fproductimages%2F6%2F6839504.jpg&w=640&q=90
BFF Minis Mystery Pack | 1 each,,4.0,,https://www.coles.com.au/_next/image?url=https%3A%2F%2Fcdn.productimages.coles.com.au%2Fproductimages%2F6%2F6400599.jpg&w=640&q=90
Underworks Womens Sports 1/4 Crew Sock Size 5-8 Black | 4 Pack,,10.0,,https://www.coles.com.au/_next/image?url=https%3A%2F%2Fcdn.productimages.coles.com.au%2Fproductimages%2F6%2F6829475.jpg&w=640&q=90
Korbond Soft Touch Scissors 9 Inch | 1 each,,13.2,,https://www.coles.com.au/_next/image?url=https%3A%2F%2Fcdn.productimages.coles.com.au%2Fproductimages%2F9%2F9382766.jpg&w=640&q=90
Cook & Dine Porcelain Salad Bowl | 1 Each,,13.0,,https://www.coles.com.au/_next/image?url=https%3A%2F%2Fcdn.productimages.coles.com.au%2Fproductimages%2F7%2F7739695.jpg&w=640&q=90
Coles Plastic 2 Hole Sharpener | 1 Each,,3.0,,https://www.coles.com.au/_next/image?url=https%3A%2F%2Fcdn.productimages.coles.com.au%2Fproductimages%2F3%2F3931748.jpg&w=640&q=90
Glade Candle Alluring Sheer Vanilla Embrace | 1 each,,7.3,,https://www.coles.com.au/_next/image?url=https%3A%2F%2Fcdn.productimages.coles.com.au%2Fproductimages%2F3%2F3056420.jpg&w=640&q=90
Korbond Compact Lint Roller 4 Refills | 4 Pack,,5.5,,https://www.coles.com.au/_next/image?url=https%3A%2F%2Fcdn.productimages.coles.com.au%2Fproductimages%2F6%2F6421635.jpg&w=640&q=90
Scholl Gel Activ Insole Sport Large | 1 Pack,,28.0,,https://www.coles.com.au/_next/image?url=https%3A%2F%2Fcdn.productimages.coles.com.au%2Fproductimages%2F4%2F4309929.jpg&w=640&q=90
LocknLock Fresh Block Container 640ml | 2 Pack,,12.0,,https://www.coles.com.au/_next/image?url=https%3A%2F%2Fcdn.productimages.coles.com.au%2Fproductimages%2F1%2F1574821.jpg&w=640&q=90
Sharpie Laundry Marker | 1 Each,,3.75,,https://www.coles.com.au/_next/image?url=https%3A%2F%2Fcdn.productimages.coles.com.au%2Fproductimages%2F1%2F1842320.jpg&w=640&q=90
Coles Happy Birthday Bunting | 1 each,,5.0,,https://www.coles.com.au/_next/image?url=https%3A%2F%2Fcdn.productimages.coles.com.au%2Fproductimages%2F5%2F5061126.jpg&w=640&q=90
Coles Stainless Steel Straws | 4 Pack,,5.5,,https://www.coles.com.au/_next/image?url=https%3A%2F%2Fcdn.productimages.coles.com.au%2Fproductimages%2F4%2F4320921.jpg&w=640&q=90
Coles Reusable Tumblers | 6 Pack,,6.0,,https://www.coles.com.au/_next/image?url=https%3A%2F%2Fcdn.productimages.coles.com.au%2Fproductimages%2F9%2F9283232.jpg&w=640&q=90
Outdoor Life Leather Garden Gloves Large | 1 Pack,,7.5,,https://www.coles.com.au/_next/image?url=https%3A%2F%2Fcdn.productimages.coles.com.au%2Fproductimages%2F3%2F3990022.jpg&w=640&q=90
Scholl Shock Reducer Everyday Insole | 1 each,,10.0,,https://www.coles.com.au/_next/image?url=https%3A%2F%2Fcdn.productimages.coles.com.au%2Fproductimages%2F8%2F8925152.jpg&w=640&q=90
Cook & Dine Porcelain Square Serving Platter | 1 each,,10.0,,https://www.coles.com.au/_next/image?url=https%3A%2F%2Fcdn.productimages.coles.com.au%2Fproductimages%2F7%2F7739630.jpg&w=640&q=90
Coles Mixing Bowl | 2L,,5.0,,https://www.coles.com.au/_next/image?url=https%3A%2F%2Fcdn.productimages.coles.com.au%2Fproductimages%2F8%2F8425036.jpg&w=640&q=90
Coles Plant Based Cutlery Set | 30 Pack,,5.0,,https://www.coles.com.au/_next/image?url=https%3A%2F%2Fcdn.productimages.coles.com.au%2Fproductimages%2F9%2F9317957.jpg&w=640&q=90
Coles Reusable Cutlery Set | 18 Pack,,5.5,,https://www.coles.com.au/_next/image?url=https%3A%2F%2Fcdn.productimages.coles.com.au%2Fproductimages%2F9%2F9407845.jpg&w=640&q=90
Mortein Powergard Multi- Insect Automatic Spray | 1 Pack,,40.0,,https://www.coles.com.au/_next/image?url=https%3A%2F%2Fcdn.productimages.coles.com.au%2Fproductimages%2F3%2F3573557.jpg&w=640&q=90
Maseur Weather Guard Protect&waterproof Spray | 125g,,10.5,,https://www.coles.com.au/_next/image?url=https%3A%2F%2Fcdn.productimages.coles.com.au%2Fproductimages%2F6%2F6597777.jpg&w=640&q=90
Master Lock Brass Combination 30mm | 1 Pack,,17.0,,https://www.coles.com.au/_next/image?url=https%3A%2F%2Fcdn.productimages.coles.com.au%2Fproductimages%2F3%2F3798320.jpg&w=640&q=90
Tradie Mens Work Socks 11-13 Black | 3 Pack,,12.0,,https://www.coles.com.au/_next/image?url=https%3A%2F%2Fcdn.productimages.coles.com.au%2Fproductimages%2F3%2F3741254.jpg&w=640&q=90
Coles Reusable Plates | 6 Pack,,6.0,,https://www.coles.com.au/_next/image?url=https%3A%2F%2Fcdn.productimages.coles.com.au%2Fproductimages%2F9%2F9283265.jpg&w=640&q=90
USB 2.0 16gb Flash Drive | 1 Each,,14.0,,https://www.coles.com.au/_next/image?url=https%3A%2F%2Fcdn.productimages.coles.com.au%2Fproductimages%2F3%2F3085269.jpg&w=640&q=90
Artwrap Sparklers | 24 Pack,,3.5,,https://www.coles.com.au/_next/image?url=https%3A%2F%2Fcdn.productimages.coles.com.au%2Fproductimages%2F3%2F3733278.jpg&w=640&q=90
Coles BBQ Briquettes | 4kg,,10.5,,https://www.coles.com.au/_next/image?url=https%3A%2F%2Fcdn.productimages.coles.com.au%2Fproductimages%2F3%2F3837331.jpg&w=640&q=90
Cook & Dine Jumbo Tea Towel | 1 each,,5.0,,https://www.coles.com.au/_next/image?url=https%3A%2F%2Fcdn.productimages.coles.com.au%2Fproductimages%2F7%2F7707622.jpg&w=640&q=90
Sharpie S-gel Pens Black | 4 Pack,,13.0,,https://www.coles.com.au/_next/image?url=https%3A%2F%2Fcdn.productimages.coles.com.au%2Fproductimages%2F5%2F5152436.jpg&w=640&q=90
NRG Super Alkaline AAA | 24 Pack,,26.5,,https://www.coles.com.au/_next/image?url=https%3A%2F%2Fcdn.productimages.coles.com.au%2Fproductimages%2F3%2F3858637.jpg&w=640&q=90
Coles A4 Spiral Notebook 200 Page | 1 Each,,6.2,,https://www.coles.com.au/_next/image?url=https%3A%2F%2Fcdn.productimages.coles.com.au%2Fproductimages%2F3%2F3934950.jpg&w=640&q=90
Air Wick Scented Oil Fragrance Refills Lavender Meadows & Bluebel ... 57mL,,16.0,,https://www.coles.com.au/_next/image?url=https%3A%2F%2Fcdn.productimages.coles.com.au%2Fproductimages%2F1%2F1061689.jpg&w=640&q=90
3M Command Picture Hanging Strips | 4 Pack,,8.25,,https://www.coles.com.au/_next/image?url=https%3A%2F%2Fcdn.productimages.coles.com.au%2Fproductimages%2F9%2F9803263.jpg&w=640&q=90
Grillman Fly Repellent Fan | 1 Each,,5.0,,https://www.coles.com.au/_next/image?url=https%3A%2F%2Fcdn.productimages.coles.com.au%2Fproductimages%2F1%2F1089495.jpg&w=640&q=90
Bic 4 Colour Pens | 3 Pack,,10.0,,https://www.coles.com.au/_next/image?url=https%3A%2F%2Fcdn.productimages.coles.com.au%2Fproductimages%2F1%2F1840095.jpg&w=640&q=90
Selleys Talon Ant Kill Gel | 5g,,10.0,,https://www.coles.com.au/_next/image?url=https%3A%2F%2Fcdn.productimages.coles.com.au%2Fproductimages%2F2%2F2250392.jpg&w=640&q=90
Coles Light Globes Led Candle Ses 5w 470lum 2700k | 2 Pack,,10.0,,https://www.coles.com.au/_next/image?url=https%3A%2F%2Fcdn.productimages.coles.com.au%2Fproductimages%2F3%2F3630173.jpg&w=640&q=90
Aerogard Repellents For Kids Roll On | 50mL,,12.0,,https://www.coles.com.au/_next/image?url=https%3A%2F%2Fcdn.productimages.coles.com.au%2Fproductimages%2F3%2F3849137.jpg&w=640&q=90
NRG Wall Charger Usb-a & C | 1 Each,,20.0,,https://www.coles.com.au/_next/image?url=https%3A%2F%2Fcdn.productimages.coles.com.au%2Fproductimages%2F8%2F8770770.jpg&w=640&q=90
Cook & Dine Double Walled Coffee Glasses | 2 Pack,,10.0,,https://www.coles.com.au/_next/image?url=https%3A%2F%2Fcdn.productimages.coles.com.au%2Fproductimages%2F7%2F7717615.jpg&w=640&q=90
BIC Thin Whiteboard Marker | 4 Pack,,7.0,,https://www.coles.com.au/_next/image?url=https%3A%2F%2Fcdn.productimages.coles.com.au%2Fproductimages%2F1%2F1282644.jpg&w=640&q=90
Fix & Go Shoe Repair | 50mL,,7.85,,https://www.coles.com.au/_next/image?url=https%3A%2F%2Fcdn.productimages.coles.com.au%2Fproductimages%2F3%2F3796584.jpg&w=640&q=90
Coles Kitchen Scissors | 1 Each,,3.0,,https://www.coles.com.au/_next/image?url=https%3A%2F%2Fcdn.productimages.coles.com.au%2Fproductimages%2F8%2F8424951.jpg&w=640&q=90
Heat Beads Coconut Shell Briquettes | 2.5kg,,4.85,,https://www.coles.com.au/_next/image?url=https%3A%2F%2Fcdn.productimages.coles.com.au%2Fproductimages%2F7%2F7036094.jpg&w=640&q=90
LocknLock Fresh Block Container 1.5l | 1 Each,,10.0,,https://www.coles.com.au/_next/image?url=https%3A%2F%2Fcdn.productimages.coles.com.au%2Fproductimages%2F1%2F1579530.jpg&w=640&q=90
Coles Glow Sticks | 15 Pack,,3.0,,https://www.coles.com.au/_next/image?url=https%3A%2F%2Fcdn.productimages.coles.com.au%2Fproductimages%2F6%2F6840682.jpg&w=640&q=90
NRG Wired Earphones With Mic Usb-c | 1 Each,,25.0,,https://www.coles.com.au/_next/image?url=https%3A%2F%2Fcdn.productimages.coles.com.au%2Fproductimages%2F5%2F5884296.jpg&w=640&q=90
Mortein Powergard Fying Insect Killer | 300g,,11.5,,https://www.coles.com.au/_next/image?url=https%3A%2F%2Fcdn.productimages.coles.com.au%2Fproductimages%2F3%2F3014169.jpg&w=640&q=90
3M Command Small & Medium Picture Hanging Strips Value Pack | 12 Pack,,19.9,,https://www.coles.com.au/_next/image?url=https%3A%2F%2Fcdn.productimages.coles.com.au%2Fproductimages%2F6%2F6489457.jpg&w=640&q=90
Palm Salad Bowl | 1 Each,,10.0,,https://www.coles.com.au/_next/image?url=https%3A%2F%2Fcdn.productimages.coles.com.au%2Fproductimages%2F9%2F9188559.jpg&w=640&q=90
Transformers Authentics Bravo | 1 each,,11.0,,https://www.coles.com.au/_next/image?url=https%3A%2F%2Fcdn.productimages.coles.com.au%2Fproductimages%2F3%2F3568058.jpg&w=640&q=90
Duracell Everyday Alkaline AAA Alkaline Batteries | 10 Pack,,13.0,,https://www.coles.com.au/_next/image?url=https%3A%2F%2Fcdn.productimages.coles.com.au%2Fproductimages%2F6%2F6313461.jpg&w=640&q=90
Cook & Dine French Press 600ml | 1 Each,,13.0,,https://www.coles.com.au/_next/image?url=https%3A%2F%2Fcdn.productimages.coles.com.au%2Fproductimages%2F7%2F7717626.jpg&w=640&q=90
Coles Spoon | 1 Each,,7.0,,https://www.coles.com.au/_next/image?url=https%3A%2F%2Fcdn.productimages.coles.com.au%2Fproductimages%2F5%2F5016290.jpg&w=640&q=90
Mirabella Led Gls Es 14w 1400lum 2700k Warm White | 2 Pack,,16.5,,https://www.coles.com.au/_next/image?url=https%3A%2F%2Fcdn.productimages.coles.com.au%2Fproductimages%2F4%2F4488602.jpg&w=640&q=90
Coles A4 Display Folder | 1 Each,,5.0,,https://www.coles.com.au/_next/image?url=https%3A%2F%2Fcdn.productimages.coles.com.au%2Fproductimages%2F3%2F3932194.jpg&w=640&q=90
Scholl 24hr Energy Insole Large | 1 Each,,35.0,,https://www.coles.com.au/_next/image?url=https%3A%2F%2Fcdn.productimages.coles.com.au%2Fproductimages%2F1%2F1461406.jpg&w=640&q=90
Brunnings Premium Garden Hose 12mmx15m | 1 each,,25.0,,https://www.coles.com.au/_next/image?url=https%3A%2F%2Fcdn.productimages.coles.com.au%2Fproductimages%2F7%2F7484266.jpg&w=640&q=90
NRG Wireless Mouse | 1 Each,,25.0,,https://www.coles.com.au/_next/image?url=https%3A%2F%2Fcdn.productimages.coles.com.au%2Fproductimages%2F7%2F7532799.jpg&w=640&q=90
Coles Assorted Binder Clips 24mm | 14 Pack,,5.0,,https://www.coles.com.au/_next/image?url=https%3A%2F%2Fcdn.productimages.coles.com.au%2Fproductimages%2F3%2F3935498.jpg&w=640&q=90
Selleys Liquid Nails | 100g,,9.6,,https://www.coles.com.au/_next/image?url=https%3A%2F%2Fcdn.productimages.coles.com.au%2Fproductimages%2F5%2F5393727.jpg&w=640&q=90
Coles Light Globes Led Gls Bc 10w 1055lum 2700k | 2 Pack,,12.75,,https://www.coles.com.au/_next/image?url=https%3A%2F%2Fcdn.productimages.coles.com.au%2Fproductimages%2F3%2F3630005.jpg&w=640&q=90
Gulf Western Engine Oil Xmp 20w-50 | 1 Each,,35.0,,https://www.coles.com.au/_next/image?url=https%3A%2F%2Fcdn.productimages.coles.com.au%2Fproductimages%2F1%2F1031917.jpg&w=640&q=90
Seiki 30cm Desk Fan | 1 each,,25.0,,https://www.coles.com.au/_next/image?url=https%3A%2F%2Fcdn.productimages.coles.com.au%2Fproductimages%2F5%2F5487398.jpg&w=640&q=90
Coles Candle Gold Or Silver No 2 | 1 each,,3.0,,https://www.coles.com.au/_next/image?url=https%3A%2F%2Fcdn.productimages.coles.com.au%2Fproductimages%2F6%2F6830022.jpg&w=640&q=90
Coles Latte Spoons | 4 Pack,,6.0,,https://www.coles.com.au/_next/image?url=https%3A%2F%2Fcdn.productimages.coles.com.au%2Fproductimages%2F4%2F4149298.jpg&w=640&q=90
Folding Auto Open Umbrella Black | 1 Each,,15.0,,https://www.coles.com.au/_next/image?url=https%3A%2F%2Fcdn.productimages.coles.com.au%2Fproductimages%2F3%2F3505659.jpg&w=640&q=90
Philips Micro X Clean Alkaline Water Filters | 2 Pack,,34.0,,https://www.coles.com.au/_next/image?url=https%3A%2F%2Fcdn.productimages.coles.com.au%2Fproductimages%2F6%2F6823912.jpg&w=640&q=90
Coles Rainbow Balloon Garland | 1 Each,,8.0,,https://www.coles.com.au/_next/image?url=https%3A%2F%2Fcdn.productimages.coles.com.au%2Fproductimages%2F9%2F9194132.jpg&w=640&q=90
Oakwood Polish Pad Black | 1 each,,7.0,,https://www.coles.com.au/_next/image?url=https%3A%2F%2Fcdn.productimages.coles.com.au%2Fproductimages%2F6%2F6417627.jpg&w=640&q=90
Coles Happy Birthday Cake Candle | 1 each,,5.0,,https://www.coles.com.au/_next/image?url=https%3A%2F%2Fcdn.productimages.coles.com.au%2Fproductimages%2F6%2F6839300.jpg&w=640&q=90
Squishmallows Clip On Assorted | 1 Each,,6.0,,https://www.coles.com.au/_next/image?url=https%3A%2F%2Fcdn.productimages.coles.com.au%2Fproductimages%2F9%2F9126573.jpg&w=640&q=90
Belkin 42w (pd30w Pps Usb-c & 12w Usb-a) Universal Wall Cha ... 1 Pack,,39.95,,https://www.coles.com.au/_next/image?url=https%3A%2F%2Fcdn.productimages.coles.com.au%2Fproductimages%2F5%2F5159286.jpg&w=640&q=90
Scholl Party Feet Ball Of Foot Gel Cushions | 1 Pair,,11.0,,https://www.coles.com.au/_next/image?url=https%3A%2F%2Fcdn.productimages.coles.com.au%2Fproductimages%2F9%2F9723700.jpg&w=640&q=90
Mix All Over Shaper Bronze Ave | 1 each,,6.0,,https://www.coles.com.au/_next/image?url=https%3A%2F%2Fcdn.productimages.coles.com.au%2Fproductimages%2F4%2F4150286.jpg&w=640&q=90
NRG Over Ear Wireless Headphone With Anc | 1 Each,,33.0,,https://www.coles.com.au/_next/image?url=https%3A%2F%2Fcdn.productimages.coles.com.au%2Fproductimages%2F8%2F8770883.jpg&w=640&q=90
Coles Tea Strainer | 1 Each,,4.0,,https://www.coles.com.au/_next/image?url=https%3A%2F%2Fcdn.productimages.coles.com.au%2Fproductimages%2F5%2F5004508.jpg&w=640&q=90
Duracell Optimum AAA Alkaline Batteries | 4 Pack,,11.0,,https://www.coles.com.au/_next/image?url=https%3A%2F%2Fcdn.productimages.coles.com.au%2Fproductimages%2F7%2F7748583.jpg&w=640&q=90
Sunbeam Garment Steamer | 1 each,,54.95,,https://www.coles.com.au/_next/image?url=https%3A%2F%2Fcdn.productimages.coles.com.au%2Fproductimages%2F7%2F7639442.jpg&w=640&q=90
Sharpie Clear View Highlighter | 3 Pack,,6.0,,https://www.coles.com.au/_next/image?url=https%3A%2F%2Fcdn.productimages.coles.com.au%2Fproductimages%2F8%2F8860217.jpg&w=640&q=90
Mortein Fast Knockdown Crawling Insect Killer Odourless | 350g,,14.0,,https://www.coles.com.au/_next/image?url=https%3A%2F%2Fcdn.productimages.coles.com.au%2Fproductimages%2F3%2F3024901.jpg&w=640&q=90
Mattel Hot Wheels Gift Pack | 5 Pack,,14.0,,https://www.coles.com.au/_next/image?url=https%3A%2F%2Fcdn.productimages.coles.com.au%2Fproductimages%2F6%2F6024522.jpg&w=640&q=90
David Gray Antex Ant Killer Granules | 500g,,8.3,,https://www.coles.com.au/_next/image?url=https%3A%2F%2Fcdn.productimages.coles.com.au%2Fproductimages%2F2%2F234624.jpg&w=640&q=90
3m Utility Hook XL | 1 Each,,11.75,,https://www.coles.com.au/_next/image?url=https%3A%2F%2Fcdn.productimages.coles.com.au%2Fproductimages%2F1%2F1031892.jpg&w=640&q=90
Coles Coloured Serviettes | 50 Pack,,2.5,,https://www.coles.com.au/_next/image?url=https%3A%2F%2Fcdn.productimages.coles.com.au%2Fproductimages%2F2%2F2361429.jpg&w=640&q=90
NRG 1.2m Usb-a To Lightning Cable White | 1 Each,,17.0,,https://www.coles.com.au/_next/image?url=https%3A%2F%2Fcdn.productimages.coles.com.au%2Fproductimages%2F5%2F5880626.jpg&w=640&q=90
Miirabella Led St58 Filament Amber Es 2w 150lm 1800k | 1 Each,,10.0,,https://www.coles.com.au/_next/image?url=https%3A%2F%2Fcdn.productimages.coles.com.au%2Fproductimages%2F6%2F6423608.jpg&w=640&q=90
Spirax 570 Notebook A5 200 Page | 1 Each,,6.0,,https://www.coles.com.au/_next/image?url=https%3A%2F%2Fcdn.productimages.coles.com.au%2Fproductimages%2F6%2F6820583.jpg&w=640&q=90
Coles Candle Gold Or Silver No 3 | 1 each,,3.0,,https://www.coles.com.au/_next/image?url=https%3A%2F%2Fcdn.productimages.coles.com.au%2Fproductimages%2F6%2F6830033.jpg&w=640&q=90
Coles Reusable Compartment Platter | 1 Each,,4.0,,https://www.coles.com.au/_next/image?url=https%3A%2F%2Fcdn.productimages.coles.com.au%2Fproductimages%2F4%2F4150275.jpg&w=640&q=90
Mirabella Led Globe Fancy Round Small Edison Screw 6 Watt Pearl | 1 each,,7.25,,https://www.coles.com.au/_next/image?url=https%3A%2F%2Fcdn.productimages.coles.com.au%2Fproductimages%2F2%2F2044492.jpg&w=640&q=90
Paper Mate Profile Pen Blue | 2 Pack,,5.75,,https://www.coles.com.au/_next/image?url=https%3A%2F%2Fcdn.productimages.coles.com.au%2Fproductimages%2F1%2F1823336.jpg&w=640&q=90
Licensed Essentials Double Wall Glass Mug | 1 Each,,8.0,,https://www.coles.com.au/_next/image?url=https%3A%2F%2Fcdn.productimages.coles.com.au%2Fproductimages%2F1%2F1421810.jpg&w=640&q=90
Mortein No View No Touch Trap Twin Pack | 2 Pack,,13.0,,https://www.coles.com.au/_next/image?url=https%3A%2F%2Fcdn.productimages.coles.com.au%2Fproductimages%2F3%2F3573513.jpg&w=640&q=90
Coles Chalk Assorted | 6 Pack,,1.0,,https://www.coles.com.au/_next/image?url=https%3A%2F%2Fcdn.productimages.coles.com.au%2Fproductimages%2F8%2F8798871.jpg&w=640&q=90
Aerogard Insect Repellent Odourless | 300g,,13.5,,https://www.coles.com.au/_next/image?url=https%3A%2F%2Fcdn.productimages.coles.com.au%2Fproductimages%2F7%2F7023230.jpg&w=640&q=90
Coles A4 Writing Pad | 3 Pack,,7.0,,https://www.coles.com.au/_next/image?url=https%3A%2F%2Fcdn.productimages.coles.com.au%2Fproductimages%2F3%2F3935013.jpg&w=640&q=90
Jelly Belly 3d Air Freshener Bubblegum | 1 Pack,,7.0,,https://www.coles.com.au/_next/image?url=https%3A%2F%2Fcdn.productimages.coles.com.au%2Fproductimages%2F4%2F4253915.jpg&w=640&q=90
Duracell Specialty LR44 Alkaline Batteries | 2 Pack,,7.0,,https://www.coles.com.au/_next/image?url=https%3A%2F%2Fcdn.productimages.coles.com.au%2Fproductimages%2F3%2F3022510.jpg&w=640&q=90
Odor Eaters Active Wear Insole | 1 Pair,,8.0,,https://www.coles.com.au/_next/image?url=https%3A%2F%2Fcdn.productimages.coles.com.au%2Fproductimages%2F4%2F497667.jpg&w=640&q=90
Ambi Pur Sky Breeze Car Air Freshener Mini Clip | 2mL,,6.0,,https://www.coles.com.au/_next/image?url=https%3A%2F%2Fcdn.productimages.coles.com.au%2Fproductimages%2F1%2F1278159.jpg&w=640&q=90
NRG Wired Earphones With Mic 3.5mm Audio | 1 Each,,10.0,,https://www.coles.com.au/_next/image?url=https%3A%2F%2Fcdn.productimages.coles.com.au%2Fproductimages%2F5%2F5884285.jpg&w=640&q=90
Sabco Long Handled Scrub | 1 Each,,5.0,,https://www.coles.com.au/_next/image?url=https%3A%2F%2Fcdn.productimages.coles.com.au%2Fproductimages%2F3%2F3913510.jpg&w=640&q=90
Coles Light Globes Led Gu10 500lum 2700k 5w | 2 Pack,,10.5,,https://www.coles.com.au/_next/image?url=https%3A%2F%2Fcdn.productimages.coles.com.au%2Fproductimages%2F2%2F2817259.jpg&w=640&q=90
Coles Light Globes Led Gls Bc 13w 1520lum 4000k | 2 Pack,,12.6,,https://www.coles.com.au/_next/image?url=https%3A%2F%2Fcdn.productimages.coles.com.au%2Fproductimages%2F3%2F3629979.jpg&w=640&q=90
Seiki Deep Fill Jaffle Maker | 1 each,,29.0,,https://www.coles.com.au/_next/image?url=https%3A%2F%2Fcdn.productimages.coles.com.au%2Fproductimages%2F7%2F7500817.jpg&w=640&q=90
Coles Tapered Candles | 6 Pack,,4.0,,https://www.coles.com.au/_next/image?url=https%3A%2F%2Fcdn.productimages.coles.com.au%2Fproductimages%2F8%2F8170150.jpg&w=640&q=90
Dymo Plastic Clear Tape | 1 each,,18.5,,https://www.coles.com.au/_next/image?url=https%3A%2F%2Fcdn.productimages.coles.com.au%2Fproductimages%2F4%2F4481396.jpg&w=640&q=90
Matchbox Vehicle Power Grab | 1 each,,3.5,,https://www.coles.com.au/_next/image?url=https%3A%2F%2Fcdn.productimages.coles.com.au%2Fproductimages%2F3%2F3561300.jpg&w=640&q=90
Decor Tellfresh Square Super Storer 5.5l | 1 Each,,15.0,,https://www.coles.com.au/_next/image?url=https%3A%2F%2Fcdn.productimages.coles.com.au%2Fproductimages%2F1%2F1545619.jpg&w=640&q=90
Century Tennis Balls | 3 Pack,,6.0,,https://www.coles.com.au/_next/image?url=https%3A%2F%2Fcdn.productimages.coles.com.au%2Fproductimages%2F2%2F2425328.jpg&w=640&q=90
Rodara Felt Pads | 24 Pack,,8.75,,https://www.coles.com.au/_next/image?url=https%3A%2F%2Fcdn.productimages.coles.com.au%2Fproductimages%2F7%2F7020618.jpg&w=640&q=90
Mortein Powergard Automatic Refill | 154g,,20.0,,https://www.coles.com.au/_next/image?url=https%3A%2F%2Fcdn.productimages.coles.com.au%2Fproductimages%2F3%2F3573568.jpg&w=640&q=90
Mortein Naturgard Automatic Fragrance Free Refill | 152g,,20.0,,https://www.coles.com.au/_next/image?url=https%3A%2F%2Fcdn.productimages.coles.com.au%2Fproductimages%2F4%2F4448233.jpg&w=640&q=90
Palm Tumbler | 1 Each,,4.5,,https://www.coles.com.au/_next/image?url=https%3A%2F%2Fcdn.productimages.coles.com.au%2Fproductimages%2F8%2F8498812.jpg&w=640&q=90
Smash Slim Ice Brick Large | 2 Pack,,7.0,,https://www.coles.com.au/_next/image?url=https%3A%2F%2Fcdn.productimages.coles.com.au%2Fproductimages%2F1%2F1089484.jpg&w=640&q=90
Coles Wooden Wok Spatula | 1 Each,,5.0,,https://www.coles.com.au/_next/image?url=https%3A%2F%2Fcdn.productimages.coles.com.au%2Fproductimages%2F3%2F3112645.jpg&w=640&q=90
Korbond Gilt Safety Pins Assorted Sizes | 1 Pack,,3.5,,https://www.coles.com.au/_next/image?url=https%3A%2F%2Fcdn.productimages.coles.com.au%2Fproductimages%2F5%2F5323776.jpg&w=640&q=90
Mini Manual Umbrella Purple | 1 Each,,15.0,,https://www.coles.com.au/_next/image?url=https%3A%2F%2Fcdn.productimages.coles.com.au%2Fproductimages%2F3%2F3508384.jpg&w=640&q=90
Pepper Pot Shopping List 50 Sheets | 1 Pack,,4.2,,https://www.coles.com.au/_next/image?url=https%3A%2F%2Fcdn.productimages.coles.com.au%2Fproductimages%2F3%2F3518810.jpg&w=640&q=90
Coles Hb Pencils | 12 Pack,,4.0,,https://www.coles.com.au/_next/image?url=https%3A%2F%2Fcdn.productimages.coles.com.au%2Fproductimages%2F3%2F3932172.jpg&w=640&q=90
Faber-Castell Pvc Free Eraser | 2 Pack,,4.5,,https://www.coles.com.au/_next/image?url=https%3A%2F%2Fcdn.productimages.coles.com.au%2Fproductimages%2F1%2F1839802.jpg&w=640&q=90
Coles 3 in 1 Indoor Outdoor & Garden Surface Spray | 2L,,15.0,,https://www.coles.com.au/_next/image?url=https%3A%2F%2Fcdn.productimages.coles.com.au%2Fproductimages%2F1%2F1955290.jpg&w=640&q=90
Mix Luxury Velvet Tights 200 Denier Black Tall/x-tall | 1 Pack,,12.0,,https://www.coles.com.au/_next/image?url=https%3A%2F%2Fcdn.productimages.coles.com.au%2Fproductimages%2F3%2F3121056.jpg&w=640&q=90
Paper Mate Profile Gel Pen Assortment | 4 Pack,,12.0,,https://www.coles.com.au/_next/image?url=https%3A%2F%2Fcdn.productimages.coles.com.au%2Fproductimages%2F3%2F3785577.jpg&w=640&q=90
Armor All Windscreen Wash | 500mL,,8.5,,https://www.coles.com.au/_next/image?url=https%3A%2F%2Fcdn.productimages.coles.com.au%2Fproductimages%2F9%2F9714061.jpg&w=640&q=90
Coles Coloured Candles | 12 Pack,,3.0,,https://www.coles.com.au/_next/image?url=https%3A%2F%2Fcdn.productimages.coles.com.au%2Fproductimages%2F6%2F6839253.jpg&w=640&q=90
Audeeo Silence Pro Renown Earphones | 1 Pack,,19.95,,https://www.coles.com.au/_next/image?url=https%3A%2F%2Fcdn.productimages.coles.com.au%2Fproductimages%2F3%2F3969809.jpg&w=640&q=90
Cook & Dine Porcelain Oval Serving Platter | 1 each,,10.0,,https://www.coles.com.au/_next/image?url=https%3A%2F%2Fcdn.productimages.coles.com.au%2Fproductimages%2F7%2F7739673.jpg&w=640&q=90
Mirabella Led Gls BC 5w 470lum 4000k Cool White | 2 Pack,,13.75,,https://www.coles.com.au/_next/image?url=https%3A%2F%2Fcdn.productimages.coles.com.au%2Fproductimages%2F4%2F4488191.jpg&w=640&q=90
Bic 4 Colours Pen Shine | 3 Pack,,11.5,,https://www.coles.com.au/_next/image?url=https%3A%2F%2Fcdn.productimages.coles.com.au%2Fproductimages%2F2%2F2748509.jpg&w=640&q=90
Oakwood Leather Cream | 75mL,,8.0,,https://www.coles.com.au/_next/image?url=https%3A%2F%2Fcdn.productimages.coles.com.au%2Fproductimages%2F6%2F6420971.jpg&w=640&q=90
Korbond Compact Lint Roller 2 Refills | 1 each,,6.0,,https://www.coles.com.au/_next/image?url=https%3A%2F%2Fcdn.productimages.coles.com.au%2Fproductimages%2F6%2F6421533.jpg&w=640&q=90
Cook & Dine Dip Bowls | 3 Pack,,8.0,,https://www.coles.com.au/_next/image?url=https%3A%2F%2Fcdn.productimages.coles.com.au%2Fproductimages%2F7%2F7741813.jpg&w=640&q=90
Mirabella Led Gls BC 5w 470lum 2700k Warm White | 2 Pack,,13.75,,https://www.coles.com.au/_next/image?url=https%3A%2F%2Fcdn.productimages.coles.com.au%2Fproductimages%2F4%2F4485615.jpg&w=640&q=90
Odor Eaters Super Tuff | 1 Pair,,8.0,,https://www.coles.com.au/_next/image?url=https%3A%2F%2Fcdn.productimages.coles.com.au%2Fproductimages%2F4%2F4797764.jpg&w=640&q=90
Hot Topic Licensed Footed Teacup | 1 Each,,7.0,,https://www.coles.com.au/_next/image?url=https%3A%2F%2Fcdn.productimages.coles.com.au%2Fproductimages%2F3%2F3777954.jpg&w=640&q=90
Mirabella Genio Gls Wifi Es 9w 800lum 2700k-6500k | 1 Pack,,26.0,,https://www.coles.com.au/_next/image?url=https%3A%2F%2Fcdn.productimages.coles.com.au%2Fproductimages%2F4%2F4509349.jpg&w=640&q=90
Tradie Mens Bamboo Fitted Trunk Black Medium | 3 Pack,,26.0,,https://www.coles.com.au/_next/image?url=https%3A%2F%2Fcdn.productimages.coles.com.au%2Fproductimages%2F5%2F5745041.jpg&w=640&q=90
Licensed Stickers | 3 Pack,,4.0,,https://www.coles.com.au/_next/image?url=https%3A%2F%2Fcdn.productimages.coles.com.au%2Fproductimages%2F3%2F3939750.jpg&w=640&q=90
NRG 2m Usb-c To Usb-c Cable Black | 1 Pack,,18.0,,https://www.coles.com.au/_next/image?url=https%3A%2F%2Fcdn.productimages.coles.com.au%2Fproductimages%2F5%2F5882417.jpg&w=640&q=90
Mortein Kill & Protect Crawling Insect Control Bomb 125g | 3 Pack,,18.0,,https://www.coles.com.au/_next/image?url=https%3A%2F%2Fcdn.productimages.coles.com.au%2Fproductimages%2F6%2F6987341.jpg&w=640&q=90
Coles Candle Gold Or Silver No 0 | 1 each,,3.0,,https://www.coles.com.au/_next/image?url=https%3A%2F%2Fcdn.productimages.coles.com.au%2Fproductimages%2F6%2F6830000.jpg&w=640&q=90
Coles Reusable Serving Bowl | 1 Each,,4.0,,https://www.coles.com.au/_next/image?url=https%3A%2F%2Fcdn.productimages.coles.com.au%2Fproductimages%2F3%2F3863932.jpg&w=640&q=90
Mix Kids Qtr Crew Sport Socks White 9-12 | 3 Pack,,7.0,,https://www.coles.com.au/_next/image?url=https%3A%2F%2Fcdn.productimages.coles.com.au%2Fproductimages%2F7%2F7172570.jpg&w=640&q=90
LocknLock Freezer Fit Rectangular Container 750ml | 1 Each,,8.5,,https://www.coles.com.au/_next/image?url=https%3A%2F%2Fcdn.productimages.coles.com.au%2Fproductimages%2F1%2F1575020.jpg&w=640&q=90
Korbond Plastic Handle Scissors | 1 each,,7.5,,https://www.coles.com.au/_next/image?url=https%3A%2F%2Fcdn.productimages.coles.com.au%2Fproductimages%2F5%2F5323459.jpg&w=640&q=90
NRG Battery Charger | 1 each,,26.5,,https://www.coles.com.au/_next/image?url=https%3A%2F%2Fcdn.productimages.coles.com.au%2Fproductimages%2F3%2F3964598.jpg&w=640&q=90
Papermate Woodcase Hb Pencils | 3 Pack,,2.2,,https://www.coles.com.au/_next/image?url=https%3A%2F%2Fcdn.productimages.coles.com.au%2Fproductimages%2F3%2F3937766.jpg&w=640&q=90
Scotch Mount Tape Heavy Duty | 1 pack,,13.3,,https://www.coles.com.au/_next/image?url=https%3A%2F%2Fcdn.productimages.coles.com.au%2Fproductimages%2F6%2F6509565.jpg&w=640&q=90
Mortein Peaceful Nights Mosquito & Fly Plug Prime Pack | 25mL,,17.5,,https://www.coles.com.au/_next/image?url=https%3A%2F%2Fcdn.productimages.coles.com.au%2Fproductimages%2F3%2F3014067.jpg&w=640&q=90
Mortein Naturgard Easy Reach Crawling Insect Killer | 320g,,17.5,,https://www.coles.com.au/_next/image?url=https%3A%2F%2Fcdn.productimages.coles.com.au%2Fproductimages%2F5%2F5396736.jpg&w=640&q=90
3m Hanging Strip White XL | 4 Pack,,11.0,,https://www.coles.com.au/_next/image?url=https%3A%2F%2Fcdn.productimages.coles.com.au%2Fproductimages%2F1%2F1031881.jpg&w=640&q=90
Cook & Dine Clear Jar Labels | 50 Pack,,3.5,,https://www.coles.com.au/_next/image?url=https%3A%2F%2Fcdn.productimages.coles.com.au%2Fproductimages%2F1%2F1422211.jpg&w=640&q=90
Smash Gel Ice | 3 Pack,,7.5,,https://www.coles.com.au/_next/image?url=https%3A%2F%2Fcdn.productimages.coles.com.au%2Fproductimages%2F3%2F3797918.jpg&w=640&q=90
Sharpie Fineliner Pens | 2 Pack,,6.0,,https://www.coles.com.au/_next/image?url=https%3A%2F%2Fcdn.productimages.coles.com.au%2Fproductimages%2F1%2F1823289.jpg&w=640&q=90
Coles Double Adaptor Flat Right Hand | 1 Each,,2.75,,https://www.coles.com.au/_next/image?url=https%3A%2F%2Fcdn.productimages.coles.com.au%2Fproductimages%2F9%2F9015652.jpg&w=640&q=90
Sharpie Creative Markers Bullet | 12 Pack,,30.0,,https://www.coles.com.au/_next/image?url=https%3A%2F%2Fcdn.productimages.coles.com.au%2Fproductimages%2F1%2F1331740.jpg&w=640&q=90
Coles Candle Gold Or Silver No 5 | 1 each,,3.0,,https://www.coles.com.au/_next/image?url=https%3A%2F%2Fcdn.productimages.coles.com.au%2Fproductimages%2F6%2F6830055.jpg&w=640&q=90
Paper Mate Inkjoy Pen Black | 10 Pack,,5.25,,https://www.coles.com.au/_next/image?url=https%3A%2F%2Fcdn.productimages.coles.com.au%2Fproductimages%2F1%2F1823234.jpg&w=640&q=90
Mortein Peaceful Nights Mozzie Zapper Odourless Refill | 2.57mL,,17.5,,https://www.coles.com.au/_next/image?url=https%3A%2F%2Fcdn.productimages.coles.com.au%2Fproductimages%2F2%2F2445427.jpg&w=640&q=90
Oakwood Shoe Brush Small | 1 each,,5.5,,https://www.coles.com.au/_next/image?url=https%3A%2F%2Fcdn.productimages.coles.com.au%2Fproductimages%2F6%2F6448289.jpg&w=640&q=90
Coles Led Globes Es 5w Warm White | 2 Pack,,10.5,,https://www.coles.com.au/_next/image?url=https%3A%2F%2Fcdn.productimages.coles.com.au%2Fproductimages%2F2%2F2005548.jpg&w=640&q=90
3M Command Medium Utility Hooks | 2 Pack,,6.5,,https://www.coles.com.au/_next/image?url=https%3A%2F%2Fcdn.productimages.coles.com.au%2Fproductimages%2F6%2F6799283.jpg&w=640&q=90
Cook & Dine Tall Tumblers | 4 Pack,,9.0,,https://www.coles.com.au/_next/image?url=https%3A%2F%2Fcdn.productimages.coles.com.au%2Fproductimages%2F7%2F7717648.jpg&w=640&q=90
Sistema To Go Fold Over Cooler | 1 Each,,23.0,,https://www.coles.com.au/_next/image?url=https%3A%2F%2Fcdn.productimages.coles.com.au%2Fproductimages%2F6%2F6842247.jpg&w=640&q=90
Fix & Go No More Mess Twin Pack | 2 Pack,,6.0,,https://www.coles.com.au/_next/image?url=https%3A%2F%2Fcdn.productimages.coles.com.au%2Fproductimages%2F4%2F4230283.jpg&w=640&q=90
Cook & Dine Bamboo Chopsticks | 5 Pair,,6.0,,https://www.coles.com.au/_next/image?url=https%3A%2F%2Fcdn.productimages.coles.com.au%2Fproductimages%2F5%2F5016212.jpg&w=640&q=90
Artline 90 Permanent Black Marker | 1 Each,,5.5,,https://www.coles.com.au/_next/image?url=https%3A%2F%2Fcdn.productimages.coles.com.au%2Fproductimages%2F3%2F3188206.jpg&w=640&q=90
Liquid Paper Correction Bond White | 20mL,,2.75,,https://www.coles.com.au/_next/image?url=https%3A%2F%2Fcdn.productimages.coles.com.au%2Fproductimages%2F1%2F1842545.jpg&w=640&q=90
Faber Castell Easy Acrylic Markers | 10 Pack,,10.0,,https://www.coles.com.au/_next/image?url=https%3A%2F%2Fcdn.productimages.coles.com.au%2Fproductimages%2F1%2F1363928.jpg&w=640&q=90
Korbond Scissors 3 Pack | 1 each,,17.0,,https://www.coles.com.au/_next/image?url=https%3A%2F%2Fcdn.productimages.coles.com.au%2Fproductimages%2F5%2F5135426.jpg&w=640&q=90
Belkin Boostcharge Usb-a To Usb-c Cable- 1m Black | 1 Pack,,19.95,,https://www.coles.com.au/_next/image?url=https%3A%2F%2Fcdn.productimages.coles.com.au%2Fproductimages%2F5%2F5159435.jpg&w=640&q=90
Belkin Boostcharge -a To USB -c Cable 1m White | 1 Pack,,19.95,,https://www.coles.com.au/_next/image?url=https%3A%2F%2Fcdn.productimages.coles.com.au%2Fproductimages%2F5%2F5159446.jpg&w=640&q=90
NRG Super Alkaline AAA | 10 Pack,,12.5,,https://www.coles.com.au/_next/image?url=https%3A%2F%2Fcdn.productimages.coles.com.au%2Fproductimages%2F3%2F3858590.jpg&w=640&q=90
Ambi Pur Mini Clip Thai Dragon Fruit Car Air Freshener | 2mL,,6.0,,https://www.coles.com.au/_next/image?url=https%3A%2F%2Fcdn.productimages.coles.com.au%2Fproductimages%2F2%2F2709857.jpg&w=640&q=90
Mix All Over Shaper Bronze X-tall | 1 each,,6.0,,https://www.coles.com.au/_next/image?url=https%3A%2F%2Fcdn.productimages.coles.com.au%2Fproductimages%2F4%2F4150300.jpg&w=640&q=90
Duracell Optimum AA Alkaline Batteries | 4 Pack,,11.0,,https://www.coles.com.au/_next/image?url=https%3A%2F%2Fcdn.productimages.coles.com.au%2Fproductimages%2F7%2F7748470.jpg&w=640&q=90
Belkin Boostcharge Usb A Wall Charger (12w) | 1 Pack,,19.95,,https://www.coles.com.au/_next/image?url=https%3A%2F%2Fcdn.productimages.coles.com.au%2Fproductimages%2F5%2F5159209.jpg&w=640&q=90
Cook & Dine Stemless Wine Glasses 330ml | 2 Pack,,10.0,,https://www.coles.com.au/_next/image?url=https%3A%2F%2Fcdn.productimages.coles.com.au%2Fproductimages%2F7%2F7741675.jpg&w=640&q=90
Paper Mate Profile Pen Black | 2 Pack,,5.75,,https://www.coles.com.au/_next/image?url=https%3A%2F%2Fcdn.productimages.coles.com.au%2Fproductimages%2F1%2F1868673.jpg&w=640&q=90
Duracell 200 Lumen Head Lamp 3 AAA | 1 each,,23.0,,https://www.coles.com.au/_next/image?url=https%3A%2F%2Fcdn.productimages.coles.com.au%2Fproductimages%2F3%2F3919550.jpg&w=640&q=90
Bushman Insect Repellent | 130g,,12.2,,https://www.coles.com.au/_next/image?url=https%3A%2F%2Fcdn.productimages.coles.com.au%2Fproductimages%2F6%2F6939892.jpg&w=640&q=90
Coles Large Tote Carrot Bag | 1 Each,,3.0,,https://www.coles.com.au/_next/image?url=https%3A%2F%2Fcdn.productimages.coles.com.au%2Fproductimages%2F5%2F5435678.jpg&w=640&q=90
Seiki Steam Iron | 1 each,,39.0,,https://www.coles.com.au/_next/image?url=https%3A%2F%2Fcdn.productimages.coles.com.au%2Fproductimages%2F7%2F7500919.jpg&w=640&q=90
Coles Candle Gold Or Silver No 6 | 1 each,,3.0,,https://www.coles.com.au/_next/image?url=https%3A%2F%2Fcdn.productimages.coles.com.au%2Fproductimages%2F6%2F6830066.jpg&w=640&q=90
Mirabella Led Globe Gls Bayonet Cap 9 Watt Warm White | 1 each,,8.25,,https://www.coles.com.au/_next/image?url=https%3A%2F%2Fcdn.productimages.coles.com.au%2Fproductimages%2F2%2F2044368.jpg&w=640&q=90
Coles Assorted Paper Clips 28mm | 200 Pack,,4.8,,https://www.coles.com.au/_next/image?url=https%3A%2F%2Fcdn.productimages.coles.com.au%2Fproductimages%2F3%2F3932944.jpg&w=640&q=90
Raid Max Insect Cockroach Baits Traps | 12 Pack,,11.8,,https://www.coles.com.au/_next/image?url=https%3A%2F%2Fcdn.productimages.coles.com.au%2Fproductimages%2F9%2F9508456.jpg&w=640&q=90
Korbond Bamboo Handle Lint Roller | 1 Pack,,9.5,,https://www.coles.com.au/_next/image?url=https%3A%2F%2Fcdn.productimages.coles.com.au%2Fproductimages%2F3%2F3973792.jpg&w=640&q=90
Coles Candle Gold Or Silver No 4 | 1 each,,3.0,,https://www.coles.com.au/_next/image?url=https%3A%2F%2Fcdn.productimages.coles.com.au%2Fproductimages%2F6%2F6830044.jpg&w=640&q=90
Coles Pastel Highlighters Chisel Tip in Pouch | 6 Pack,,7.0,,https://www.coles.com.au/_next/image?url=https%3A%2F%2Fcdn.productimages.coles.com.au%2Fproductimages%2F3%2F3933506.jpg&w=640&q=90
Mirabella Led Globe Gls Edison Screw 11 Watt Warm White | 1 each,,8.25,,https://www.coles.com.au/_next/image?url=https%3A%2F%2Fcdn.productimages.coles.com.au%2Fproductimages%2F2%2F2044244.jpg&w=640&q=90
NRG Super Alkaline AAA | 4 Pack,,6.35,,https://www.coles.com.au/_next/image?url=https%3A%2F%2Fcdn.productimages.coles.com.au%2Fproductimages%2F3%2F3858444.jpg&w=640&q=90
Command Hook Utensil Clear 17067clr | 3 Pack,,9.15,,https://www.coles.com.au/_next/image?url=https%3A%2F%2Fcdn.productimages.coles.com.au%2Fproductimages%2F9%2F9894269.jpg&w=640&q=90
Coles Ladle | 1 Each,,6.5,,https://www.coles.com.au/_next/image?url=https%3A%2F%2Fcdn.productimages.coles.com.au%2Fproductimages%2F5%2F5016256.jpg&w=640&q=90
Stabilo Boss Highlighter Assorted Fluoro | 4 Pack,,9.4,,https://www.coles.com.au/_next/image?url=https%3A%2F%2Fcdn.productimages.coles.com.au%2Fproductimages%2F6%2F6820517.jpg&w=640&q=90
Bic Kids Magic Erasable Felt Pens | 12 Pack,,7.7,,https://www.coles.com.au/_next/image?url=https%3A%2F%2Fcdn.productimages.coles.com.au%2Fproductimages%2F8%2F8962104.jpg&w=640&q=90
Rodara Cable Ties | 60 Pack,,4.7,,https://www.coles.com.au/_next/image?url=https%3A%2F%2Fcdn.productimages.coles.com.au%2Fproductimages%2F7%2F7026400.jpg&w=640&q=90
Grab & Go Assorted Games | 1 Each,,10.0,,https://www.coles.com.au/_next/image?url=https%3A%2F%2Fcdn.productimages.coles.com.au%2Fproductimages%2F1%2F1447992.jpg&w=640&q=90
Aerogard Body Naturals Insect Repellent Spray | 175g,,15.0,,https://www.coles.com.au/_next/image?url=https%3A%2F%2Fcdn.productimages.coles.com.au%2Fproductimages%2F4%2F4447263.jpg&w=640&q=90
Seiki Rechargeable Hand Held Fan | 1 each,,15.0,,https://www.coles.com.au/_next/image?url=https%3A%2F%2Fcdn.productimages.coles.com.au%2Fproductimages%2F5%2F5487434.jpg&w=640&q=90
Palm Party Clear Pasta Bowl | 1 Each,,6.0,,https://www.coles.com.au/_next/image?url=https%3A%2F%2Fcdn.productimages.coles.com.au%2Fproductimages%2F9%2F9188570.jpg&w=640&q=90
Decor Insulated Double Wall Stainless Steel Travel Mug 350ml | 1 each,,18.0,,https://www.coles.com.au/_next/image?url=https%3A%2F%2Fcdn.productimages.coles.com.au%2Fproductimages%2F5%2F5116512.jpg&w=640&q=90
Fix & Go Multi Grip | 50mL,,8.85,,https://www.coles.com.au/_next/image?url=https%3A%2F%2Fcdn.productimages.coles.com.au%2Fproductimages%2F3%2F3796609.jpg&w=640&q=90
Mirabella Led Globe Gls Bayonet Cap 5.5 Watt Warm White | 1 each,,7.25,,https://www.coles.com.au/_next/image?url=https%3A%2F%2Fcdn.productimages.coles.com.au%2Fproductimages%2F2%2F2044299.jpg&w=640&q=90
Coles Lunch Serviettes | 24 Pack,,3.0,,https://www.coles.com.au/_next/image?url=https%3A%2F%2Fcdn.productimages.coles.com.au%2Fproductimages%2F6%2F6892085.jpg&w=640&q=90
Belkin Boostcharge Lightning To Usb-a Cable 1m Black | 1 Pack,,24.95,,https://www.coles.com.au/_next/image?url=https%3A%2F%2Fcdn.productimages.coles.com.au%2Fproductimages%2F5%2F5159355.jpg&w=640&q=90
Mirabella Led Gls Es 5w 470lum 2700k Warm White | 2 Pack,,13.75,,https://www.coles.com.au/_next/image?url=https%3A%2F%2Fcdn.productimages.coles.com.au%2Fproductimages%2F4%2F4488420.jpg&w=640&q=90
Bostik Glu Stik Blister 35g | 1 each,,3.7,,https://www.coles.com.au/_next/image?url=https%3A%2F%2Fcdn.productimages.coles.com.au%2Fproductimages%2F2%2F2795280.jpg&w=640&q=90
Oakwood Renovating Polish Black | 65g,,5.0,,https://www.coles.com.au/_next/image?url=https%3A%2F%2Fcdn.productimages.coles.com.au%2Fproductimages%2F6%2F6436440.jpg&w=640&q=90
LocknLock Fresh Block Container 760ml | 2 Pack,,15.0,,https://www.coles.com.au/_next/image?url=https%3A%2F%2Fcdn.productimages.coles.com.au%2Fproductimages%2F1%2F1575019.jpg&w=640&q=90
Duracell Ultra C Alkaline Batteries | 2 Pack,,11.0,,https://www.coles.com.au/_next/image?url=https%3A%2F%2Fcdn.productimages.coles.com.au%2Fproductimages%2F3%2F3912845.jpg&w=640&q=90
Outdoor Life Rear Trigger Hand Sprayer | 1 each,,11.0,,https://www.coles.com.au/_next/image?url=https%3A%2F%2Fcdn.productimages.coles.com.au%2Fproductimages%2F3%2F3990769.jpg&w=640&q=90
Dynabook Microsd Card With Sd Adapter 64GB | 1 Each,,35.0,,https://www.coles.com.au/_next/image?url=https%3A%2F%2Fcdn.productimages.coles.com.au%2Fproductimages%2F5%2F5256635.jpg&w=640&q=90
Licensed Tea Cups | 1 each,,7.0,,https://www.coles.com.au/_next/image?url=https%3A%2F%2Fcdn.productimages.coles.com.au%2Fproductimages%2F5%2F5763440.jpg&w=640&q=90
Artline 90 Permanent Markers Black | 3 Pack,,6.0,,https://www.coles.com.au/_next/image?url=https%3A%2F%2Fcdn.productimages.coles.com.au%2Fproductimages%2F8%2F8799604.jpg&w=640&q=90
Coles Led Globes Gls Es 8w 805lum Warm White | 2 Pack,,10.5,,https://www.coles.com.au/_next/image?url=https%3A%2F%2Fcdn.productimages.coles.com.au%2Fproductimages%2F2%2F2005559.jpg&w=640&q=90
NRG Alkaline A76 | 4 Pack,,6.1,,https://www.coles.com.au/_next/image?url=https%3A%2F%2Fcdn.productimages.coles.com.au%2Fproductimages%2F4%2F4720158.jpg&w=640&q=90
Coles Envelopes C6 | 50 Pack,,5.0,,https://www.coles.com.au/_next/image?url=https%3A%2F%2Fcdn.productimages.coles.com.au%2Fproductimages%2F3%2F3933823.jpg&w=640&q=90
NRG 2m Usb-a To Lighting Cable White | 1 Each,,20.0,,https://www.coles.com.au/_next/image?url=https%3A%2F%2Fcdn.productimages.coles.com.au%2Fproductimages%2F5%2F5880659.jpg&w=640&q=90
Versa Double Walled Stainless Steel Insulated Cup | 850mL,,20.0,,https://www.coles.com.au/_next/image?url=https%3A%2F%2Fcdn.productimages.coles.com.au%2Fproductimages%2F6%2F6842291.jpg&w=640&q=90
Mirabella Reflector R63 Es Globe Warm White Led 8w 600 Lumens | 1 each,,11.0,,https://www.coles.com.au/_next/image?url=https%3A%2F%2Fcdn.productimages.coles.com.au%2Fproductimages%2F3%2F3635075.jpg&w=640&q=90
Palm Salad Bowl Lid | 1 Each,,6.0,,https://www.coles.com.au/_next/image?url=https%3A%2F%2Fcdn.productimages.coles.com.au%2Fproductimages%2F9%2F9188560.jpg&w=640&q=90
Armor All Extreme Tyre And Shine | 350g,,19.5,,https://www.coles.com.au/_next/image?url=https%3A%2F%2Fcdn.productimages.coles.com.au%2Fproductimages%2F4%2F4871153.jpg&w=640&q=90
Willow Ice Brick Large Blue 750ml | 1 each,,7.5,,https://www.coles.com.au/_next/image?url=https%3A%2F%2Fcdn.productimages.coles.com.au%2Fproductimages%2F7%2F7126540.jpg&w=640&q=90
Coles Light Globes Led Round BC 5w 470lum 2700k | 2 Pack,,10.0,,https://www.coles.com.au/_next/image?url=https%3A%2F%2Fcdn.productimages.coles.com.au%2Fproductimages%2F3%2F3630049.jpg&w=640&q=90
Brita Liquelli White Water Filter Jug 2.2l | 1 Each,,38.0,,https://www.coles.com.au/_next/image?url=https%3A%2F%2Fcdn.productimages.coles.com.au%2Fproductimages%2F1%2F1135923.jpg&w=640&q=90
Coles Led Push Light 2 Pack | 2 Pack,,10.0,,https://www.coles.com.au/_next/image?url=https%3A%2F%2Fcdn.productimages.coles.com.au%2Fproductimages%2F9%2F9017080.jpg&w=640&q=90
NRG Super Alkaline AA | 4 Pack,,6.35,,https://www.coles.com.au/_next/image?url=https%3A%2F%2Fcdn.productimages.coles.com.au%2Fproductimages%2F3%2F3858502.jpg&w=640&q=90
Mirabella Globe Led Gu 5.3-6w 500 Lumens Warm White | 1 each,,10.25,,https://www.coles.com.au/_next/image?url=https%3A%2F%2Fcdn.productimages.coles.com.au%2Fproductimages%2F2%2F2044437.jpg&w=640&q=90
Kaleidoscope Bulk Craft Pack | 1 Pack,,6.0,,https://www.coles.com.au/_next/image?url=https%3A%2F%2Fcdn.productimages.coles.com.au%2Fproductimages%2F1%2F1363430.jpg&w=640&q=90
Coles Party Glow Pack | 5 Pack,,3.0,,https://www.coles.com.au/_next/image?url=https%3A%2F%2Fcdn.productimages.coles.com.au%2Fproductimages%2F6%2F6841200.jpg&w=640&q=90
Cook & Dine Coupe Dinner Plates | 2 Pack,,10.0,,https://www.coles.com.au/_next/image?url=https%3A%2F%2Fcdn.productimages.coles.com.au%2Fproductimages%2F7%2F7761832.jpg&w=640&q=90
Waxworks Citronella Rose Gold Tin Candle | 1 each,,3.75,,https://www.coles.com.au/_next/image?url=https%3A%2F%2Fcdn.productimages.coles.com.au%2Fproductimages%2F7%2F7645762.jpg&w=640&q=90
Fix & Go Epoxy 5min | 24mL,,12.85,,https://www.coles.com.au/_next/image?url=https%3A%2F%2Fcdn.productimages.coles.com.au%2Fproductimages%2F3%2F3796620.jpg&w=640&q=90
Coles A4 Binder Book 64 Page | 3 Pack,,4.0,,https://www.coles.com.au/_next/image?url=https%3A%2F%2Fcdn.productimages.coles.com.au%2Fproductimages%2F3%2F3935104.jpg&w=640&q=90
Aerogard Repellents For Kids Pump Spray | 135mL,,13.0,,https://www.coles.com.au/_next/image?url=https%3A%2F%2Fcdn.productimages.coles.com.au%2Fproductimages%2F3%2F3849126.jpg&w=640&q=90
Crayola Super Tips Washable Med Tip Markers | 20 Pack,,12.65,,https://www.coles.com.au/_next/image?url=https%3A%2F%2Fcdn.productimages.coles.com.au%2Fproductimages%2F3%2F3944171.jpg&w=640&q=90
Regency Royale Playing Cards | 1 each,,5.3,,https://www.coles.com.au/_next/image?url=https%3A%2F%2Fcdn.productimages.coles.com.au%2Fproductimages%2F8%2F8793335.jpg&w=640&q=90
Mirabella Led Gls Es 9w 806lum 2700k Warm White | 2 Pack,,13.75,,https://www.coles.com.au/_next/image?url=https%3A%2F%2Fcdn.productimages.coles.com.au%2Fproductimages%2F4%2F4488497.jpg&w=640&q=90
Mirabella Globe Led  Bayonet 7 Watt 806 Lumens Warm White | 1 Pack,,12.5,,https://www.coles.com.au/_next/image?url=https%3A%2F%2Fcdn.productimages.coles.com.au%2Fproductimages%2F2%2F2963013.jpg&w=640&q=90
Sellotape Removable Sticky Dots | 1 Each,,3.95,,https://www.coles.com.au/_next/image?url=https%3A%2F%2Fcdn.productimages.coles.com.au%2Fproductimages%2F8%2F8797675.jpg&w=640&q=90
3M Command Adhesive Hook Small | 2 Pack,,6.7,,https://www.coles.com.au/_next/image?url=https%3A%2F%2Fcdn.productimages.coles.com.au%2Fproductimages%2F7%2F7291626.jpg&w=640&q=90
Heroes Of Goo Jit Zu Madness Goo Slingers | 2 Pack,,10.0,,https://www.coles.com.au/_next/image?url=https%3A%2F%2Fcdn.productimages.coles.com.au%2Fproductimages%2F1%2F1448044.jpg&w=640&q=90
Armor All Glass Wipes | 30 Pack,,18.0,,https://www.coles.com.au/_next/image?url=https%3A%2F%2Fcdn.productimages.coles.com.au%2Fproductimages%2F4%2F4503546.jpg&w=640&q=90
Scrunchems Neon Squish Ball | 1 each,,6.0,,https://www.coles.com.au/_next/image?url=https%3A%2F%2Fcdn.productimages.coles.com.au%2Fproductimages%2F6%2F6409210.jpg&w=640&q=90
Bostik Fix Stik Marker And Sticker Remover | 1 Each,,5.0,,https://www.coles.com.au/_next/image?url=https%3A%2F%2Fcdn.productimages.coles.com.au%2Fproductimages%2F1%2F1282666.jpg&w=640&q=90
BFF Handbag Surprise New | 1 each,,10.0,,https://www.coles.com.au/_next/image?url=https%3A%2F%2Fcdn.productimages.coles.com.au%2Fproductimages%2F6%2F6400613.jpg&w=640&q=90
Mortein Powergard Crawling Insect Killer Easy Reach With Germ Kill | 320g,,17.5,,https://www.coles.com.au/_next/image?url=https%3A%2F%2Fcdn.productimages.coles.com.au%2Fproductimages%2F6%2F6847070.jpg&w=640&q=90
Raid Night & Day Fly & Mosquito Protection Refill | 2 Pack,,17.5,,https://www.coles.com.au/_next/image?url=https%3A%2F%2Fcdn.productimages.coles.com.au%2Fproductimages%2F7%2F7796236.jpg&w=640&q=90
Aerogard Home Mosquito Repellent Electric Plug-in Refill | 35mL,,17.5,,https://www.coles.com.au/_next/image?url=https%3A%2F%2Fcdn.productimages.coles.com.au%2Fproductimages%2F8%2F8593121.jpg&w=640&q=90
Fix & Go Kitchen & Bathroom | 1 Each,,12.0,,https://www.coles.com.au/_next/image?url=https%3A%2F%2Fcdn.productimages.coles.com.au%2Fproductimages%2F1%2F1023384.jpg&w=640&q=90
Duracell Coppertop 9V Alkaline Batteries | 1 Pack,,9.0,,https://www.coles.com.au/_next/image?url=https%3A%2F%2Fcdn.productimages.coles.com.au%2Fproductimages%2F1%2F108889.jpg&w=640&q=90
Smash Cooler Bag 24l | 24L,,30.0,,https://www.coles.com.au/_next/image?url=https%3A%2F%2Fcdn.productimages.coles.com.au%2Fproductimages%2F1%2F1089451.jpg&w=640&q=90
Coles Bottle Opener | 1 Each,,5.0,,https://www.coles.com.au/_next/image?url=https%3A%2F%2Fcdn.productimages.coles.com.au%2Fproductimages%2F3%2F3116216.jpg&w=640&q=90
Mix Lux Velvet Tights 200d A/t | 1 Pack,,12.0,,https://www.coles.com.au/_next/image?url=https%3A%2F%2Fcdn.productimages.coles.com.au%2Fproductimages%2F3%2F3121045.jpg&w=640&q=90
Artwrap Colour Mix Sparklers | 12 Pack,,3.0,,https://www.coles.com.au/_next/image?url=https%3A%2F%2Fcdn.productimages.coles.com.au%2Fproductimages%2F7%2F7174644.jpg&w=640&q=90
Waxworks Citronella Pie Dish Candle | 1 each,,5.0,,https://www.coles.com.au/_next/image?url=https%3A%2F%2Fcdn.productimages.coles.com.au%2Fproductimages%2F8%2F8479953.jpg&w=640&q=90
NRG Wireless Sports Earphone | 1 Each,,30.0,,https://www.coles.com.au/_next/image?url=https%3A%2F%2Fcdn.productimages.coles.com.au%2Fproductimages%2F8%2F8770828.jpg&w=640&q=90
NRG Travel Adaptor World To Australia And Nz | 1 Each,,30.0,,https://www.coles.com.au/_next/image?url=https%3A%2F%2Fcdn.productimages.coles.com.au%2Fproductimages%2F9%2F9017873.jpg&w=640&q=90
NRG Travel Adaptor AU/NZ To EU | 1 Each,,30.0,,https://www.coles.com.au/_next/image?url=https%3A%2F%2Fcdn.productimages.coles.com.au%2Fproductimages%2F9%2F9019154.jpg&w=640&q=90
NRG Power Adaptor 1 Outlet With 2 Usb-a And 2 Usb-c | 1 Each,,30.0,,https://www.coles.com.au/_next/image?url=https%3A%2F%2Fcdn.productimages.coles.com.au%2Fproductimages%2F9%2F9021699.jpg&w=640&q=90
3M Command Adhesive Micro Hooks | 3 Pack,,7.6,,https://www.coles.com.au/_next/image?url=https%3A%2F%2Fcdn.productimages.coles.com.au%2Fproductimages%2F9%2F9803241.jpg&w=640&q=90
Coles Pastel Document Wallet | 5 Pack,,6.0,,https://www.coles.com.au/_next/image?url=https%3A%2F%2Fcdn.productimages.coles.com.au%2Fproductimages%2F3%2F3933084.jpg&w=640&q=90
Licensed Micro Plush Assorted | 1 each,,9.0,,https://www.coles.com.au/_next/image?url=https%3A%2F%2Fcdn.productimages.coles.com.au%2Fproductimages%2F8%2F8882071.jpg&w=640&q=90
Mr. Clean Car Wash Sponge | 1 each,,7.0,,https://www.coles.com.au/_next/image?url=https%3A%2F%2Fcdn.productimages.coles.com.au%2Fproductimages%2F7%2F7058993.jpg&w=640&q=90
Mirabella Globe LED Candle 5.5w Small Edison Screw Pearl | 1 each,,7.25,,https://www.coles.com.au/_next/image?url=https%3A%2F%2Fcdn.productimages.coles.com.au%2Fproductimages%2F2%2F2790447.jpg&w=640&q=90
Mirabella Globe Led Small Edison Screw Candle Clear 2 Watt 250 Lumen ... 1 Pack,,7.25,,https://www.coles.com.au/_next/image?url=https%3A%2F%2Fcdn.productimages.coles.com.au%2Fproductimages%2F2%2F2962928.jpg&w=640&q=90
Maseur Heel & Arch Support Women | 1 Pair,,17.0,,https://www.coles.com.au/_next/image?url=https%3A%2F%2Fcdn.productimages.coles.com.au%2Fproductimages%2F3%2F3809824.jpg&w=640&q=90
Coles Reusable Platter | 1 Each,,4.0,,https://www.coles.com.au/_next/image?url=https%3A%2F%2Fcdn.productimages.coles.com.au%2Fproductimages%2F4%2F4288749.jpg&w=640&q=90
Outdoor Life Garden Spade | 1 each,,6.0,,https://www.coles.com.au/_next/image?url=https%3A%2F%2Fcdn.productimages.coles.com.au%2Fproductimages%2F3%2F3990678.jpg&w=640&q=90
Mirabella Night Lights Assorted | 1 Each,,12.0,,https://www.coles.com.au/_next/image?url=https%3A%2F%2Fcdn.productimages.coles.com.au%2Fproductimages%2F9%2F9021098.jpg&w=640&q=90
Rodara Pvc Electrical Tape | 1 each,,2.5,,https://www.coles.com.au/_next/image?url=https%3A%2F%2Fcdn.productimages.coles.com.au%2Fproductimages%2F6%2F6943539.jpg&w=640&q=90
Love All Ways Short Sleeve Ribbed Lounge Set - Cloud Grey - 0-3 Months | 1 Pack,,30.0,,https://www.coles.com.au/_next/image?url=https%3A%2F%2Fcdn.productimages.coles.com.au%2Fproductimages%2F8%2F8481490.jpg&w=640&q=90
Scholl Party Feet Heel Shield | 1 each,,11.0,,https://www.coles.com.au/_next/image?url=https%3A%2F%2Fcdn.productimages.coles.com.au%2Fproductimages%2F4%2F4750909.jpg&w=640&q=90
Decor Lunch Break Ice Wall Small | 2 Pack,,8.0,,https://www.coles.com.au/_next/image?url=https%3A%2F%2Fcdn.productimages.coles.com.au%2Fproductimages%2F3%2F3582649.jpg&w=640&q=90
Bic Multi Purpose Lighters | 2 Pack,,16.5,,https://www.coles.com.au/_next/image?url=https%3A%2F%2Fcdn.productimages.coles.com.au%2Fproductimages%2F5%2F5578937.jpg&w=640&q=90
BIC Cristal Original Pen Assorted | 10 Pack,,5.5,,https://www.coles.com.au/_next/image?url=https%3A%2F%2Fcdn.productimages.coles.com.au%2Fproductimages%2F1%2F1170334.jpg&w=640&q=90
Oakwood Scuff Kids Polish Black | 100mL,,4.5,,https://www.coles.com.au/_next/image?url=https%3A%2F%2Fcdn.productimages.coles.com.au%2Fproductimages%2F7%2F7445480.jpg&w=640&q=90
Bushman Naturals Insect Repellent | 145mL,,17.0,,https://www.coles.com.au/_next/image?url=https%3A%2F%2Fcdn.productimages.coles.com.au%2Fproductimages%2F3%2F3849498.jpg&w=640&q=90
Mortein Peaceful Nights Mosquito & Fly Control Primary | 2.57mL,,28.0,,https://www.coles.com.au/_next/image?url=https%3A%2F%2Fcdn.productimages.coles.com.au%2Fproductimages%2F2%2F2445314.jpg&w=640&q=90
USB 2.0 32gb Flash Drive | 1 Each,,28.0,,https://www.coles.com.au/_next/image?url=https%3A%2F%2Fcdn.productimages.coles.com.au%2Fproductimages%2F5%2F5256985.jpg&w=640&q=90
NRG Power Cube 4 Outlet With 2 Usb-a And 2 Usb-c | 1 Each,,28.0,,https://www.coles.com.au/_next/image?url=https%3A%2F%2Fcdn.productimages.coles.com.au%2Fproductimages%2F5%2F5582672.jpg&w=640&q=90
Tech Deck 96mm Single Assorted | 1 each,,5.0,,https://www.coles.com.au/_next/image?url=https%3A%2F%2Fcdn.productimages.coles.com.au%2Fproductimages%2F6%2F6400828.jpg&w=640&q=90
Audeeo Radiant Wired Headphones | 1 each,,27.95,,https://www.coles.com.au/_next/image?url=https%3A%2F%2Fcdn.productimages.coles.com.au%2Fproductimages%2F3%2F3721042.jpg&w=640&q=90
Coles Vacuum Storage Bags | 2 Pack,,11.5,,https://www.coles.com.au/_next/image?url=https%3A%2F%2Fcdn.productimages.coles.com.au%2Fproductimages%2F3%2F3220150.jpg&w=640&q=90
Organic Choice Soy Candle Neroli Leaf | 240g,,16.0,,https://www.coles.com.au/_next/image?url=https%3A%2F%2Fcdn.productimages.coles.com.au%2Fproductimages%2F1%2F1060970.jpg&w=640&q=90
Decor Microsafe Easy Heat Container 375ml | 1 Each,,5.0,,https://www.coles.com.au/_next/image?url=https%3A%2F%2Fcdn.productimages.coles.com.au%2Fproductimages%2F1%2F1545594.jpg&w=640&q=90
Bluey S2 Plush Assorted | 1 each,,16.0,,https://www.coles.com.au/_next/image?url=https%3A%2F%2Fcdn.productimages.coles.com.au%2Fproductimages%2F3%2F3767735.jpg&w=640&q=90
Bic Intensity Colouring Felt Pens | 12 Pack,,16.0,,https://www.coles.com.au/_next/image?url=https%3A%2F%2Fcdn.productimages.coles.com.au%2Fproductimages%2F3%2F3936923.jpg&w=640&q=90
OFF! Tropical Strength Insect Repellent Spray | 175mL,,10.9,,https://www.coles.com.au/_next/image?url=https%3A%2F%2Fcdn.productimages.coles.com.au%2Fproductimages%2F9%2F9579217.jpg&w=640&q=90
Wiltshire Reusable Coffee Cup | 340mL,,12.0,,https://www.coles.com.au/_next/image?url=https%3A%2F%2Fcdn.productimages.coles.com.au%2Fproductimages%2F1%2F1072845.jpg&w=640&q=90
Artwrap Crazy String | 1each,,4.5,,https://www.coles.com.au/_next/image?url=https%3A%2F%2Fcdn.productimages.coles.com.au%2Fproductimages%2F3%2F3866817.jpg&w=640&q=90
Coles Adaptor Flat Left Hand | 1 Each,,2.75,,https://www.coles.com.au/_next/image?url=https%3A%2F%2Fcdn.productimages.coles.com.au%2Fproductimages%2F9%2F9016837.jpg&w=640&q=90
Cook & Dine Porcelain Mug 390ml | 1 Each,,3.0,,https://www.coles.com.au/_next/image?url=https%3A%2F%2Fcdn.productimages.coles.com.au%2Fproductimages%2F1%2F1422120.jpg&w=640&q=90
Sharpie Creative Markers Bullet Assorted | 5 Pack,,15.0,,https://www.coles.com.au/_next/image?url=https%3A%2F%2Fcdn.productimages.coles.com.au%2Fproductimages%2F7%2F7550666.jpg&w=640&q=90
Minecraft Blind Packasst | 1 Each,,8.0,,https://www.coles.com.au/_next/image?url=https%3A%2F%2Fcdn.productimages.coles.com.au%2Fproductimages%2F8%2F8129521.jpg&w=640&q=90
Bic Whiteboard Marker Black | 1 Pack,,3.3,,https://www.coles.com.au/_next/image?url=https%3A%2F%2Fcdn.productimages.coles.com.au%2Fproductimages%2F7%2F7063461.jpg&w=640&q=90
Sofcomfort Oval Lace Black 45in | 1 Pack,,4.4,,https://www.coles.com.au/_next/image?url=https%3A%2F%2Fcdn.productimages.coles.com.au%2Fproductimages%2F4%2F4309215.jpg&w=640&q=90
Hot Topic Licensed Colour Glazed Wax Relief Mug | 1 Each,,7.0,,https://www.coles.com.au/_next/image?url=https%3A%2F%2Fcdn.productimages.coles.com.au%2Fproductimages%2F1%2F1388838.jpg&w=640&q=90
Cook & Dine Expression Mug | 1 Each,,5.0,,https://www.coles.com.au/_next/image?url=https%3A%2F%2Fcdn.productimages.coles.com.au%2Fproductimages%2F1%2F1422186.jpg&w=640&q=90
Cookeez Makery Toasties | 1 Each,,16.0,,https://www.coles.com.au/_next/image?url=https%3A%2F%2Fcdn.productimages.coles.com.au%2Fproductimages%2F1%2F1448022.jpg&w=640&q=90
Paw Patrol The Mighty Movie Pup Squad Racers Assorted | 1 Pack,,8.0,,https://www.coles.com.au/_next/image?url=https%3A%2F%2Fcdn.productimages.coles.com.au%2Fproductimages%2F7%2F7060736.jpg&w=640&q=90
Coles Led Globes Gls Bc 8w 805l Cool White | 2 Pack,,10.5,,https://www.coles.com.au/_next/image?url=https%3A%2F%2Fcdn.productimages.coles.com.au%2Fproductimages%2F2%2F2005490.jpg&w=640&q=90
Coles Led Globes Gls Bc 5w Warm White | 2 Pack,,10.5,,https://www.coles.com.au/_next/image?url=https%3A%2F%2Fcdn.productimages.coles.com.au%2Fproductimages%2F2%2F2006085.jpg&w=640&q=90
Coles Light Globes Led Mr16 500lum 2700k 5.5w | 2 Pack,,10.5,,https://www.coles.com.au/_next/image?url=https%3A%2F%2Fcdn.productimages.coles.com.au%2Fproductimages%2F2%2F2817612.jpg&w=640&q=90
Smash Blue Glass Coffee Cup 340ml | 1 each,,15.0,,https://www.coles.com.au/_next/image?url=https%3A%2F%2Fcdn.productimages.coles.com.au%2Fproductimages%2F3%2F3380564.jpg&w=640&q=90
Mini Manual Umbrella Pin Dots | 1 each,,15.0,,https://www.coles.com.au/_next/image?url=https%3A%2F%2Fcdn.productimages.coles.com.au%2Fproductimages%2F3%2F3508420.jpg&w=640&q=90
Mirabella Genio Gls Wifi Bc 9w 800lum  2700k-6500k | 1 Pack,,26.0,,https://www.coles.com.au/_next/image?url=https%3A%2F%2Fcdn.productimages.coles.com.au%2Fproductimages%2F4%2F4509429.jpg&w=640&q=90
Snazzee Long Hot Water Bottle With Soft Cover | 1 each,,15.0,,https://www.coles.com.au/_next/image?url=https%3A%2F%2Fcdn.productimages.coles.com.au%2Fproductimages%2F4%2F4742332.jpg&w=640&q=90
Smash Blue Stainless Steel Ceramic Lined Barista Cup | 350mL,,26.0,,https://www.coles.com.au/_next/image?url=https%3A%2F%2Fcdn.productimages.coles.com.au%2Fproductimages%2F5%2F5119022.jpg&w=640&q=90
Seiki 20cm Folding USB Desk Fan | 1 Each,,26.0,,https://www.coles.com.au/_next/image?url=https%3A%2F%2Fcdn.productimages.coles.com.au%2Fproductimages%2F5%2F5487423.jpg&w=640&q=90
Player Golf Ball | 12 Pack,,15.0,,https://www.coles.com.au/_next/image?url=https%3A%2F%2Fcdn.productimages.coles.com.au%2Fproductimages%2F5%2F5919175.jpg&w=640&q=90
Oakwood Instant Shoe Polish White | 75mL,,6.0,,https://www.coles.com.au/_next/image?url=https%3A%2F%2Fcdn.productimages.coles.com.au%2Fproductimages%2F6%2F6512650.jpg&w=640&q=90
Shoe Goo Clear 3.7 Oz Shoe Goo Clear 3.7 Oz | 1 Each,,15.0,,https://www.coles.com.au/_next/image?url=https%3A%2F%2Fcdn.productimages.coles.com.au%2Fproductimages%2F8%2F8925108.jpg&w=640&q=90
Oakwood Magic Eraser Spong | 2 Pack,,4.0,,https://www.coles.com.au/_next/image?url=https%3A%2F%2Fcdn.productimages.coles.com.au%2Fproductimages%2F8%2F8925185.jpg&w=640&q=90
Waxworks Incense Sticks | 12 Pack,,8.0,,https://www.coles.com.au/_next/image?url=https%3A%2F%2Fcdn.productimages.coles.com.au%2Fproductimages%2F5%2F5578802.jpg&w=640&q=90
Coles Sticker Book | 1 Each,,2.5,,https://www.coles.com.au/_next/image?url=https%3A%2F%2Fcdn.productimages.coles.com.au%2Fproductimages%2F8%2F8799138.jpg&w=640&q=90
Mirabella Led Gls BC 9w 806lum 4000k Cool White | 2 Pack,,13.75,,https://www.coles.com.au/_next/image?url=https%3A%2F%2Fcdn.productimages.coles.com.au%2Fproductimages%2F4%2F4488486.jpg&w=640&q=90
Coles B6 Notebooks | 2 Pack,,5.0,,https://www.coles.com.au/_next/image?url=https%3A%2F%2Fcdn.productimages.coles.com.au%2Fproductimages%2F1%2F1170312.jpg&w=640&q=90
Coles Insect Repellent Tropical | 150g,,3.1,,https://www.coles.com.au/_next/image?url=https%3A%2F%2Fcdn.productimages.coles.com.au%2Fproductimages%2F6%2F6466804.jpg&w=640&q=90
Mr Clean Microfibre Plus Wash Pad | 1 Pack,,7.5,,https://www.coles.com.au/_next/image?url=https%3A%2F%2Fcdn.productimages.coles.com.au%2Fproductimages%2F4%2F4866608.jpg&w=640&q=90
Korbond Wool Dryer Balls 6cm | 3 Pack,,10.0,,https://www.coles.com.au/_next/image?url=https%3A%2F%2Fcdn.productimages.coles.com.au%2Fproductimages%2F1%2F1466953.jpg&w=640&q=90
Brunnings Bug & Fungus Kill | 1L,,10.0,,https://www.coles.com.au/_next/image?url=https%3A%2F%2Fcdn.productimages.coles.com.au%2Fproductimages%2F3%2F3739194.jpg&w=640&q=90
Outdoor Life Bypass Pruner | 1 each,,10.0,,https://www.coles.com.au/_next/image?url=https%3A%2F%2Fcdn.productimages.coles.com.au%2Fproductimages%2F3%2F3991295.jpg&w=640&q=90
Brunnings Rose Spray | 1L,,10.0,,https://www.coles.com.au/_next/image?url=https%3A%2F%2Fcdn.productimages.coles.com.au%2Fproductimages%2F4%2F4557308.jpg&w=640&q=90
Coles Stainless Steel Mixing Bowl | 4L,,10.0,,https://www.coles.com.au/_next/image?url=https%3A%2F%2Fcdn.productimages.coles.com.au%2Fproductimages%2F5%2F5015796.jpg&w=640&q=90
Mortein Mosquito Coil Burners | 30 Pack,,11.0,,https://www.coles.com.au/_next/image?url=https%3A%2F%2Fcdn.productimages.coles.com.au%2Fproductimages%2F7%2F7683761.jpg&w=640&q=90
Bunch O Balloons Tropical Party 3pk | 3 Pack,,10.0,,https://www.coles.com.au/_next/image?url=https%3A%2F%2Fcdn.productimages.coles.com.au%2Fproductimages%2F8%2F8014971.jpg&w=640&q=90
DryLine Correction Tape I Mini | 3 Pack,,7.95,,https://www.coles.com.au/_next/image?url=https%3A%2F%2Fcdn.productimages.coles.com.au%2Fproductimages%2F1%2F1842250.jpg&w=640&q=90
Masterlock Tsa Combination Padlock 30ml | 1 Each,,14.5,,https://www.coles.com.au/_next/image?url=https%3A%2F%2Fcdn.productimages.coles.com.au%2Fproductimages%2F1%2F1031928.jpg&w=640&q=90
Faber-Castell Classic Colouring Pencils | 24 Pack,,14.5,,https://www.coles.com.au/_next/image?url=https%3A%2F%2Fcdn.productimages.coles.com.au%2Fproductimages%2F1%2F1839711.jpg&w=640&q=90
Coles Double Sided Palm Cards | 100 Pack,,6.0,,https://www.coles.com.au/_next/image?url=https%3A%2F%2Fcdn.productimages.coles.com.au%2Fproductimages%2F3%2F3935068.jpg&w=640&q=90
Botanica By Air Wick Scented Candle Vanilla & Himalayan Magnol ... 1 each,,35.0,,https://www.coles.com.au/_next/image?url=https%3A%2F%2Fcdn.productimages.coles.com.au%2Fproductimages%2F4%2F4661343.jpg&w=640&q=90
Botanica By Air Wick Scented Candle Caribbean Vetiver & Sandalw ... 1 each,,35.0,,https://www.coles.com.au/_next/image?url=https%3A%2F%2Fcdn.productimages.coles.com.au%2Fproductimages%2F4%2F4661354.jpg&w=640&q=90
Coles 4 Outlets 5m Cassette Reel | 1 each,,25.0,,https://www.coles.com.au/_next/image?url=https%3A%2F%2Fcdn.productimages.coles.com.au%2Fproductimages%2F5%2F5582581.jpg&w=640&q=90
Neat Feat Spandex Gel Heel Sleeves | 1 each,,25.0,,https://www.coles.com.au/_next/image?url=https%3A%2F%2Fcdn.productimages.coles.com.au%2Fproductimages%2F6%2F6420530.jpg&w=640&q=90
Coles Plant Based Bowls | 10 Pack,,4.0,,https://www.coles.com.au/_next/image?url=https%3A%2F%2Fcdn.productimages.coles.com.au%2Fproductimages%2F6%2F6543734.jpg&w=640&q=90
Coles Party Toy Mix | 4 Pack,,3.0,,https://www.coles.com.au/_next/image?url=https%3A%2F%2Fcdn.productimages.coles.com.au%2Fproductimages%2F6%2F6839650.jpg&w=640&q=90
Armor All Car Wash | 1L,,10.0,,https://www.coles.com.au/_next/image?url=https%3A%2F%2Fcdn.productimages.coles.com.au%2Fproductimages%2F7%2F7082433.jpg&w=640&q=90
Clio Curvy Trouser Sock 80d Black One Size | 1 each,,6.0,,https://www.coles.com.au/_next/image?url=https%3A%2F%2Fcdn.productimages.coles.com.au%2Fproductimages%2F4%2F4182952.jpg&w=640&q=90
Crayola Ultra Clean Fineline Markers | 10 Pack,,4.0,,https://www.coles.com.au/_next/image?url=https%3A%2F%2Fcdn.productimages.coles.com.au%2Fproductimages%2F3%2F3947384.jpg&w=640&q=90
Jelly Belly Hanging Very Cherry | 1 Pack,,7.0,,https://www.coles.com.au/_next/image?url=https%3A%2F%2Fcdn.productimages.coles.com.au%2Fproductimages%2F7%2F7039831.jpg&w=640&q=90
Aerogard Insect Repellent Tropical | 300g,,13.5,,https://www.coles.com.au/_next/image?url=https%3A%2F%2Fcdn.productimages.coles.com.au%2Fproductimages%2F7%2F7023183.jpg&w=640&q=90
Staedtler Traditional Hb Graphite Pencils | 5 Pack,,5.5,,https://www.coles.com.au/_next/image?url=https%3A%2F%2Fcdn.productimages.coles.com.au%2Fproductimages%2F6%2F6821939.jpg&w=640&q=90
Bic Gelocity Original Pens Black | 2 Pack,,5.5,,https://www.coles.com.au/_next/image?url=https%3A%2F%2Fcdn.productimages.coles.com.au%2Fproductimages%2F3%2F3662952.jpg&w=640&q=90
Sofsole Black Laces 69cm | 1 each,,4.4,,https://www.coles.com.au/_next/image?url=https%3A%2F%2Fcdn.productimages.coles.com.au%2Fproductimages%2F6%2F6512210.jpg&w=640&q=90
Coles To Do List 52 Sheets | 1 Each,,5.0,,https://www.coles.com.au/_next/image?url=https%3A%2F%2Fcdn.productimages.coles.com.au%2Fproductimages%2F1%2F1199700.jpg&w=640&q=90
Coles Plastic Push Pins Box | 90 Pack,,4.0,,https://www.coles.com.au/_next/image?url=https%3A%2F%2Fcdn.productimages.coles.com.au%2Fproductimages%2F3%2F3931817.jpg&w=640&q=90
Multicrop Multiguard Snail & Slug Killer | 500g,,5.0,,https://www.coles.com.au/_next/image?url=https%3A%2F%2Fcdn.productimages.coles.com.au%2Fproductimages%2F6%2F6619494.jpg&w=640&q=90
Oakwood Polish Neutral Dubbin | 80g,,5.0,,https://www.coles.com.au/_next/image?url=https%3A%2F%2Fcdn.productimages.coles.com.au%2Fproductimages%2F6%2F6448245.jpg&w=640&q=90
Hot Wheels Mystery Models | 1 Each,,3.75,,https://www.coles.com.au/_next/image?url=https%3A%2F%2Fcdn.productimages.coles.com.au%2Fproductimages%2F1%2F1450035.jpg&w=640&q=90
Selleys BBQ Touch Clean | 400g,,8.6,,https://www.coles.com.au/_next/image?url=https%3A%2F%2Fcdn.productimages.coles.com.au%2Fproductimages%2F4%2F4568133.jpg&w=640&q=90
Tradie Mens Trunks Medium | 3 Pack,,22.0,,https://www.coles.com.au/_next/image?url=https%3A%2F%2Fcdn.productimages.coles.com.au%2Fproductimages%2F4%2F4956675.jpg&w=640&q=90
NRG Super Alkaline AA | 10 Pack,,12.5,,https://www.coles.com.au/_next/image?url=https%3A%2F%2Fcdn.productimages.coles.com.au%2Fproductimages%2F3%2F3858579.jpg&w=640&q=90
Belkin Boost Dual Usb-a Car Charger 24w | 1 Each,,24.95,,https://www.coles.com.au/_next/image?url=https%3A%2F%2Fcdn.productimages.coles.com.au%2Fproductimages%2F5%2F5379090.jpg&w=640&q=90
Command Clear Mini Hooks | 6 Pack,,8.3,,https://www.coles.com.au/_next/image?url=https%3A%2F%2Fcdn.productimages.coles.com.au%2Fproductimages%2F9%2F9894190.jpg&w=640&q=90
Korbond White Hank Elastic | 1 each,,4.0,,https://www.coles.com.au/_next/image?url=https%3A%2F%2Fcdn.productimages.coles.com.au%2Fproductimages%2F5%2F5323481.jpg&w=640&q=90
Coles Happy Birthday Party Pack | 1 each,,4.0,,https://www.coles.com.au/_next/image?url=https%3A%2F%2Fcdn.productimages.coles.com.au%2Fproductimages%2F7%2F7644963.jpg&w=640&q=90
Mirabella Led Globe Gls Bayonet Cap 11 Watt Cool White | 1 each,,8.25,,https://www.coles.com.au/_next/image?url=https%3A%2F%2Fcdn.productimages.coles.com.au%2Fproductimages%2F2%2F2611901.jpg&w=640&q=90
Rodara L & P Plate | 3 Pack,,8.25,,https://www.coles.com.au/_next/image?url=https%3A%2F%2Fcdn.productimages.coles.com.au%2Fproductimages%2F9%2F9232388.jpg&w=640&q=90
Rid Bite Relief Repellent Antiseptic Bite Protection Insect Repellent Aer ... 150g,,12.0,,https://www.coles.com.au/_next/image?url=https%3A%2F%2Fcdn.productimages.coles.com.au%2Fproductimages%2F1%2F1156832.jpg&w=640&q=90
Licensed Hot Topic Globe Glass In Giftbox | 1 Each,,7.0,,https://www.coles.com.au/_next/image?url=https%3A%2F%2Fcdn.productimages.coles.com.au%2Fproductimages%2F1%2F1388882.jpg&w=640&q=90
Cook & Dine Cat & Dog Mug | 1 Each,,6.0,,https://www.coles.com.au/_next/image?url=https%3A%2F%2Fcdn.productimages.coles.com.au%2Fproductimages%2F1%2F1422131.jpg&w=640&q=90
Crayola Crayons Tuck Box | 24 Pack,,3.0,,https://www.coles.com.au/_next/image?url=https%3A%2F%2Fcdn.productimages.coles.com.au%2Fproductimages%2F1%2F1841236.jpg&w=640&q=90
Duracell 150 Lumen Aluminium Flashlight 2 AA | 1 each,,21.0,,https://www.coles.com.au/_next/image?url=https%3A%2F%2Fcdn.productimages.coles.com.au%2Fproductimages%2F3%2F3919549.jpg&w=640&q=90
Korbond Organic Cotton Thread Black | 1 each,,6.0,,https://www.coles.com.au/_next/image?url=https%3A%2F%2Fcdn.productimages.coles.com.au%2Fproductimages%2F6%2F6421114.jpg&w=640&q=90
Oakwood Shoe Gel Cleaner | 120mL,,6.0,,https://www.coles.com.au/_next/image?url=https%3A%2F%2Fcdn.productimages.coles.com.au%2Fproductimages%2F6%2F6485081.jpg&w=640&q=90
Oakwood Instant Shoe Polish Brown | 75mL,,6.0,,https://www.coles.com.au/_next/image?url=https%3A%2F%2Fcdn.productimages.coles.com.au%2Fproductimages%2F6%2F6512639.jpg&w=640&q=90
Coles Square Plates | 10 Pack,,3.0,,https://www.coles.com.au/_next/image?url=https%3A%2F%2Fcdn.productimages.coles.com.au%2Fproductimages%2F6%2F6892471.jpg&w=640&q=90
Licensed Essentials Glazed Mug-lc1 | 1 Each,,6.0,,https://www.coles.com.au/_next/image?url=https%3A%2F%2Fcdn.productimages.coles.com.au%2Fproductimages%2F8%2F8738508.jpg&w=640&q=90
Scotch Gift Wrap Tape Dispenser | 1 each,,5.9,,https://www.coles.com.au/_next/image?url=https%3A%2F%2Fcdn.productimages.coles.com.au%2Fproductimages%2F5%2F5249436.jpg&w=640&q=90
Rodara Paint Brushes | 1 each,,8.0,,https://www.coles.com.au/_next/image?url=https%3A%2F%2Fcdn.productimages.coles.com.au%2Fproductimages%2F7%2F7024302.jpg&w=640&q=90
Cook & Dine Pattern Rice Bowls | 2 Pack,,8.0,,https://www.coles.com.au/_next/image?url=https%3A%2F%2Fcdn.productimages.coles.com.au%2Fproductimages%2F7%2F7761887.jpg&w=640&q=90
Clio Cotton Sole Kh 30d Natural One Size 2 Pack | 1 Each,,8.0,,https://www.coles.com.au/_next/image?url=https%3A%2F%2Fcdn.productimages.coles.com.au%2Fproductimages%2F4%2F4182941.jpg&w=640&q=90
Mirabella Led Gls Es 5w 470lum 4000k Cool White | 2 Pack,,13.75,,https://www.coles.com.au/_next/image?url=https%3A%2F%2Fcdn.productimages.coles.com.au%2Fproductimages%2F4%2F4488442.jpg&w=640&q=90
Fix & Go Adjustable Gel | 1 Each,,7.0,,https://www.coles.com.au/_next/image?url=https%3A%2F%2Fcdn.productimages.coles.com.au%2Fproductimages%2F1%2F1023395.jpg&w=640&q=90
Bic 4 Colour Pen Pastel | 3 Pack,,11.5,,https://www.coles.com.au/_next/image?url=https%3A%2F%2Fcdn.productimages.coles.com.au%2Fproductimages%2F8%2F8796060.jpg&w=640&q=90
Artwrap Poppers | 20 Pack,,4.4,,https://www.coles.com.au/_next/image?url=https%3A%2F%2Fcdn.productimages.coles.com.au%2Fproductimages%2F3%2F3733176.jpg&w=640&q=90
Sofcomfort Flat Lace White 45 Inch | 1 Pack,,4.4,,https://www.coles.com.au/_next/image?url=https%3A%2F%2Fcdn.productimages.coles.com.au%2Fproductimages%2F4%2F4309180.jpg&w=640&q=90
Surv 3 Ply Patterned Serviette | 20 Pack,,4.0,,https://www.coles.com.au/_next/image?url=https%3A%2F%2Fcdn.productimages.coles.com.au%2Fproductimages%2F9%2F9188672.jpg&w=640&q=90
Licensed Tea Towel | 1 each,,6.0,,https://www.coles.com.au/_next/image?url=https%3A%2F%2Fcdn.productimages.coles.com.au%2Fproductimages%2F8%2F8071964.jpg&w=640&q=90
Liquid Paper Correction Pen White | 1 Pack,,5.0,,https://www.coles.com.au/_next/image?url=https%3A%2F%2Fcdn.productimages.coles.com.au%2Fproductimages%2F1%2F1842534.jpg&w=640&q=90
Sellotape Safety Dispenser Small | 1 each,,11.0,,https://www.coles.com.au/_next/image?url=https%3A%2F%2Fcdn.productimages.coles.com.au%2Fproductimages%2F4%2F4481501.jpg&w=640&q=90
Uno Flip Card Game | 1 Pack,,11.0,,https://www.coles.com.au/_next/image?url=https%3A%2F%2Fcdn.productimages.coles.com.au%2Fproductimages%2F8%2F8633907.jpg&w=640&q=90
Sof Comfort Gel Heel Cup | 1 Pair,,7.8,,https://www.coles.com.au/_next/image?url=https%3A%2F%2Fcdn.productimages.coles.com.au%2Fproductimages%2F3%2F3807727.jpg&w=640&q=90
USB 3.0 32gb Flash Drive | 1 Each,,19.0,,https://www.coles.com.au/_next/image?url=https%3A%2F%2Fcdn.productimages.coles.com.au%2Fproductimages%2F3%2F3085338.jpg&w=640&q=90
Sofcomfort Flat Lace Black 45 Inch | 1 Pack,,4.4,,https://www.coles.com.au/_next/image?url=https%3A%2F%2Fcdn.productimages.coles.com.au%2Fproductimages%2F4%2F4309135.jpg&w=640&q=90
Decor Double Wall Wine & Coffee Cup 350ml | 1 each,,14.0,,https://www.coles.com.au/_next/image?url=https%3A%2F%2Fcdn.productimages.coles.com.au%2Fproductimages%2F4%2F4236712.jpg&w=640&q=90
Sneaker Ball Jungle | 6 Pack,,20.0,,https://www.coles.com.au/_next/image?url=https%3A%2F%2Fcdn.productimages.coles.com.au%2Fproductimages%2F1%2F1461381.jpg&w=640&q=90
Coles Light Globes Led Mr16 500lum 4000k 5.5w | 2 Pack,,10.5,,https://www.coles.com.au/_next/image?url=https%3A%2F%2Fcdn.productimages.coles.com.au%2Fproductimages%2F2%2F2817645.jpg&w=640&q=90
NRG Kids Volume Limiting Wireless Headphones | 1 Each,,12.5,,https://www.coles.com.au/_next/image?url=https%3A%2F%2Fcdn.productimages.coles.com.au%2Fproductimages%2F5%2F5884354.jpg&w=640&q=90
Mirabella Led Globe Gls Edison Screw 5.5 Watt Cool White | 1 each,,7.25,,https://www.coles.com.au/_next/image?url=https%3A%2F%2Fcdn.productimages.coles.com.au%2Fproductimages%2F2%2F2044324.jpg&w=640&q=90
Licensed Stamps With Toppers | 1 Each,,7.0,,https://www.coles.com.au/_next/image?url=https%3A%2F%2Fcdn.productimages.coles.com.au%2Fproductimages%2F1%2F1363429.jpg&w=640&q=90
Armor All Antibacterial Cleaning Wipes | 30 Pack,,18.0,,https://www.coles.com.au/_next/image?url=https%3A%2F%2Fcdn.productimages.coles.com.au%2Fproductimages%2F4%2F4503535.jpg&w=640&q=90
Oakwood Renovating Polish Brown | 65g,,5.0,,https://www.coles.com.au/_next/image?url=https%3A%2F%2Fcdn.productimages.coles.com.au%2Fproductimages%2F6%2F6436472.jpg&w=640&q=90
Rodara Rope Cord 10 Metre | 1 Pack,,5.0,,https://www.coles.com.au/_next/image?url=https%3A%2F%2Fcdn.productimages.coles.com.au%2Fproductimages%2F7%2F7021610.jpg&w=640&q=90
Yates Home Pest Cockroach Super Baits | 6 Pack,,17.99,,https://www.coles.com.au/_next/image?url=https%3A%2F%2Fcdn.productimages.coles.com.au%2Fproductimages%2F6%2F6892030.jpg&w=640&q=90
Mirabella Globe Led Es Candle 5.5w 470 Lumens | 1 each,,7.25,,https://www.coles.com.au/_next/image?url=https%3A%2F%2Fcdn.productimages.coles.com.au%2Fproductimages%2F2%2F2790425.jpg&w=640&q=90
Coles Led Globes Gls Bc 8w 805l Warm White | 2 Pack,,10.5,,https://www.coles.com.au/_next/image?url=https%3A%2F%2Fcdn.productimages.coles.com.au%2Fproductimages%2F2%2F2005537.jpg&w=640&q=90
Hold Up Tube | 130g,,6.72,,https://www.coles.com.au/_next/image?url=https%3A%2F%2Fcdn.productimages.coles.com.au%2Fproductimages%2F3%2F3796802.jpg&w=640&q=90
Fruit Fibre A5 Notebook 80 Page | 1 Each,,10.0,,https://www.coles.com.au/_next/image?url=https%3A%2F%2Fcdn.productimages.coles.com.au%2Fproductimages%2F1%2F1363917.jpg&w=640&q=90
Disney Princess Mini Figures Assortment | 1 Each,,4.0,,https://www.coles.com.au/_next/image?url=https%3A%2F%2Fcdn.productimages.coles.com.au%2Fproductimages%2F1%2F1448066.jpg&w=640&q=90
Coles Light Globes Led Candle BC 5w 470lum 2700k | 2 Pack,,10.0,,https://www.coles.com.au/_next/image?url=https%3A%2F%2Fcdn.productimages.coles.com.au%2Fproductimages%2F3%2F3630118.jpg&w=640&q=90
Underworks Mens Sports Quarter Crew White/black Size 5-8 Socks | 3 Pack,,10.0,,https://www.coles.com.au/_next/image?url=https%3A%2F%2Fcdn.productimages.coles.com.au%2Fproductimages%2F6%2F6829657.jpg&w=640&q=90
Underworks Womens Sports 1/4 Crew Sock Size 5-8 White | 4 Pack,,10.0,,https://www.coles.com.au/_next/image?url=https%3A%2F%2Fcdn.productimages.coles.com.au%2Fproductimages%2F7%2F7172365.jpg&w=640&q=90
Mortein Powergard Cockroach Baits | 12 Pack,,17.5,,https://www.coles.com.au/_next/image?url=https%3A%2F%2Fcdn.productimages.coles.com.au%2Fproductimages%2F3%2F3014147.jpg&w=640&q=90
Hinkler Shaped Colouring Book Assorted | 1 Each,,4.8,,https://www.coles.com.au/_next/image?url=https%3A%2F%2Fcdn.productimages.coles.com.au%2Fproductimages%2F3%2F3938690.jpg&w=640&q=90
Coles Outdoor Mosquito Coils | 10 Pack,,2.75,,https://www.coles.com.au/_next/image?url=https%3A%2F%2Fcdn.productimages.coles.com.au%2Fproductimages%2F3%2F3579881.jpg&w=640&q=90
Yoyo Ball | 1 Each,,10.0,,https://www.coles.com.au/_next/image?url=https%3A%2F%2Fcdn.productimages.coles.com.au%2Fproductimages%2F1%2F1064610.jpg&w=640&q=90
Belkin Boostcharge Usb-c To Usb-c Cable- 1m - Black | 1 Pack,,19.95,,https://www.coles.com.au/_next/image?url=https%3A%2F%2Fcdn.productimages.coles.com.au%2Fproductimages%2F5%2F5159479.jpg&w=640&q=90
Bushman Ultra Aerosol 40% Deet | 225g,,17.2,,https://www.coles.com.au/_next/image?url=https%3A%2F%2Fcdn.productimages.coles.com.au%2Fproductimages%2F4%2F4448517.jpg&w=640&q=90
Korbond Scissors Soft Touch 6inch | 1 Each,,6.5,,https://www.coles.com.au/_next/image?url=https%3A%2F%2Fcdn.productimages.coles.com.au%2Fproductimages%2F9%2F9382926.jpg&w=640&q=90
Mirabella Led Warm White Globe Gu10 6 Watt | 1 each,,10.25,,https://www.coles.com.au/_next/image?url=https%3A%2F%2Fcdn.productimages.coles.com.au%2Fproductimages%2F2%2F2044390.jpg&w=640&q=90
Cook & Dine Wine Glasses 400ml | 4 Pack,,17.0,,https://www.coles.com.au/_next/image?url=https%3A%2F%2Fcdn.productimages.coles.com.au%2Fproductimages%2F7%2F7824830.jpg&w=640&q=90
Misfittens Kittens | 1 Each,,17.0,,https://www.coles.com.au/_next/image?url=https%3A%2F%2Fcdn.productimages.coles.com.au%2Fproductimages%2F9%2F9129083.jpg&w=640&q=90
Surv Reusable Knives | 10 Pack,,3.0,,https://www.coles.com.au/_next/image?url=https%3A%2F%2Fcdn.productimages.coles.com.au%2Fproductimages%2F9%2F9188639.jpg&w=640&q=90
Cook & Dine Short Tumbler 270ml | 4 Pack,,7.0,,https://www.coles.com.au/_next/image?url=https%3A%2F%2Fcdn.productimages.coles.com.au%2Fproductimages%2F7%2F7719144.jpg&w=640&q=90
Korbond Easy Threading Needles | 1 each,,3.5,,https://www.coles.com.au/_next/image?url=https%3A%2F%2Fcdn.productimages.coles.com.au%2Fproductimages%2F2%2F2407177.jpg&w=640&q=90
Korbond Plastic Tipped Berry Pins | 1 Pack,,3.5,,https://www.coles.com.au/_next/image?url=https%3A%2F%2Fcdn.productimages.coles.com.au%2Fproductimages%2F5%2F5323743.jpg&w=640&q=90
Cook & Dine Porcelain Side Plates | 2 Pack,,5.0,,https://www.coles.com.au/_next/image?url=https%3A%2F%2Fcdn.productimages.coles.com.au%2Fproductimages%2F7%2F7740592.jpg&w=640&q=90
Philips Water Solutions Water Filter Jug | 4L,,52.0,,https://www.coles.com.au/_next/image?url=https%3A%2F%2Fcdn.productimages.coles.com.au%2Fproductimages%2F6%2F6823901.jpg&w=640&q=90
Smash Blue Recycled Coffee Cup 340ml | 1 each,,16.0,,https://www.coles.com.au/_next/image?url=https%3A%2F%2Fcdn.productimages.coles.com.au%2Fproductimages%2F6%2F6825930.jpg&w=640&q=90
Rodara Tape Measure | 1 each,,6.0,,https://www.coles.com.au/_next/image?url=https%3A%2F%2Fcdn.productimages.coles.com.au%2Fproductimages%2F7%2F7021698.jpg&w=640&q=90
NRG 5m HDMI | 1 each,,15.95,,https://www.coles.com.au/_next/image?url=https%3A%2F%2Fcdn.productimages.coles.com.au%2Fproductimages%2F6%2F6109330.jpg&w=640&q=90
NRG True Wireless Earphone With Enc | 1 Each,,50.0,,https://www.coles.com.au/_next/image?url=https%3A%2F%2Fcdn.productimages.coles.com.au%2Fproductimages%2F8%2F8770850.jpg&w=640&q=90
Coles Dipped Candles | 16 Pack,,6.0,,https://www.coles.com.au/_next/image?url=https%3A%2F%2Fcdn.productimages.coles.com.au%2Fproductimages%2F6%2F6839210.jpg&w=640&q=90
Papermate Inkjoy Gel Pens | 6 Pack,,19.5,,https://www.coles.com.au/_next/image?url=https%3A%2F%2Fcdn.productimages.coles.com.au%2Fproductimages%2F1%2F1331750.jpg&w=640&q=90
Faber-castell A4 Colouring Book | 1 each,,4.5,,https://www.coles.com.au/_next/image?url=https%3A%2F%2Fcdn.productimages.coles.com.au%2Fproductimages%2F3%2F3940239.jpg&w=640&q=90
Command Narrow Picture Hanging Strips White 17207 | 4 Pack,,9.3,,https://www.coles.com.au/_next/image?url=https%3A%2F%2Fcdn.productimages.coles.com.au%2Fproductimages%2F4%2F4230830.jpg&w=640&q=90
Command Mini Hooks Value Pack | 18 Pack,,15.5,,https://www.coles.com.au/_next/image?url=https%3A%2F%2Fcdn.productimages.coles.com.au%2Fproductimages%2F9%2F9893324.jpg&w=640&q=90
Barbie Colour Reveal | 1 each,,15.25,,https://www.coles.com.au/_next/image?url=https%3A%2F%2Fcdn.productimages.coles.com.au%2Fproductimages%2F4%2F4310440.jpg&w=640&q=90
Raid Day & Night Plug In Primary | 1 each,,15.0,,https://www.coles.com.au/_next/image?url=https%3A%2F%2Fcdn.productimages.coles.com.au%2Fproductimages%2F2%2F2769881.jpg&w=640&q=90
Coles Sticky Note Tabs | 5 Pack,,4.0,,https://www.coles.com.au/_next/image?url=https%3A%2F%2Fcdn.productimages.coles.com.au%2Fproductimages%2F3%2F3933029.jpg&w=640&q=90
Bluey Stick A Scene | 1 each,,8.4,,https://www.coles.com.au/_next/image?url=https%3A%2F%2Fcdn.productimages.coles.com.au%2Fproductimages%2F3%2F3939761.jpg&w=640&q=90
Seiki 10cm USB Fan | 1 each,,15.0,,https://www.coles.com.au/_next/image?url=https%3A%2F%2Fcdn.productimages.coles.com.au%2Fproductimages%2F5%2F5487401.jpg&w=640&q=90
Uhu White Glue Stic | 40g,,4.0,,https://www.coles.com.au/_next/image?url=https%3A%2F%2Fcdn.productimages.coles.com.au%2Fproductimages%2F6%2F6820641.jpg&w=640&q=90
Coles Candle Gold Or Silver No 8 | 1 each,,3.0,,https://www.coles.com.au/_next/image?url=https%3A%2F%2Fcdn.productimages.coles.com.au%2Fproductimages%2F6%2F6830088.jpg&w=640&q=90
Audeeo Indulge Traverse Zen Headphones | 1 Pack,,47.95,,https://www.coles.com.au/_next/image?url=https%3A%2F%2Fcdn.productimages.coles.com.au%2Fproductimages%2F3%2F3725917.jpg&w=640&q=90
Mirabella Led Globe Gls Bayonet Cap 11 Watt Warm White | 1 each,,8.25,,https://www.coles.com.au/_next/image?url=https%3A%2F%2Fcdn.productimages.coles.com.au%2Fproductimages%2F2%2F2044233.jpg&w=640&q=90
Selleys Shoe Fix | 50mL,,8.25,,https://www.coles.com.au/_next/image?url=https%3A%2F%2Fcdn.productimages.coles.com.au%2Fproductimages%2F4%2F4309940.jpg&w=640&q=90
Playdoh Mini Classics Assorted | 1 each,,10.0,,https://www.coles.com.au/_next/image?url=https%3A%2F%2Fcdn.productimages.coles.com.au%2Fproductimages%2F8%2F8873343.jpg&w=640&q=90
Bic Intensity Fineliners Assorted | 10 Pack,,14.5,,https://www.coles.com.au/_next/image?url=https%3A%2F%2Fcdn.productimages.coles.com.au%2Fproductimages%2F3%2F3663467.jpg&w=640&q=90
Cook & Dine Flip Top Glass Bottle 1l | 1 Each,,3.5,,https://www.coles.com.au/_next/image?url=https%3A%2F%2Fcdn.productimages.coles.com.au%2Fproductimages%2F1%2F1388962.jpg&w=640&q=90
Korbond Hot Glue Gun | 1 Pack,,8.0,,https://www.coles.com.au/_next/image?url=https%3A%2F%2Fcdn.productimages.coles.com.au%2Fproductimages%2F3%2F3974081.jpg&w=640&q=90
Licensed Cuddle Mug | 1 each,,8.0,,https://www.coles.com.au/_next/image?url=https%3A%2F%2Fcdn.productimages.coles.com.au%2Fproductimages%2F5%2F5763495.jpg&w=640&q=90
Cook & Dine Pattern Side Plates | 2 Pack,,8.0,,https://www.coles.com.au/_next/image?url=https%3A%2F%2Fcdn.productimages.coles.com.au%2Fproductimages%2F7%2F7761810.jpg&w=640&q=90
Bushman Insect Repellent Plus | 150g,,14.25,,https://www.coles.com.au/_next/image?url=https%3A%2F%2Fcdn.productimages.coles.com.au%2Fproductimages%2F6%2F6939790.jpg&w=640&q=90
Bic Kids Evolution Colouring Pencils | 36 Pack,,15.0,,https://www.coles.com.au/_next/image?url=https%3A%2F%2Fcdn.productimages.coles.com.au%2Fproductimages%2F3%2F3936887.jpg&w=640&q=90
Mortein Citronella Candle | 150g,,8.4,,https://www.coles.com.au/_next/image?url=https%3A%2F%2Fcdn.productimages.coles.com.au%2Fproductimages%2F1%2F1587346.jpg&w=640&q=90
Artwrap Gold Sparklers | 12 Pack,,3.0,,https://www.coles.com.au/_next/image?url=https%3A%2F%2Fcdn.productimages.coles.com.au%2Fproductimages%2F7%2F7174713.jpg&w=640&q=90
Mirabella Led Globe Gls Edison Screw 9 Watt Cool White | 1 each,,8.25,,https://www.coles.com.au/_next/image?url=https%3A%2F%2Fcdn.productimages.coles.com.au%2Fproductimages%2F2%2F2044357.jpg&w=640&q=90
Mirabella Appliance Pilot T22 Ses Clear 25w | 1 Each,,2.75,,https://www.coles.com.au/_next/image?url=https%3A%2F%2Fcdn.productimages.coles.com.au%2Fproductimages%2F6%2F6421770.jpg&w=640&q=90
Marbig Colourhide Notebook A4 | 1 Pack,,5.0,,https://www.coles.com.au/_next/image?url=https%3A%2F%2Fcdn.productimages.coles.com.au%2Fproductimages%2F1%2F1838560.jpg&w=640&q=90
Oakwood High Gloss Polish | 65g,,5.0,,https://www.coles.com.au/_next/image?url=https%3A%2F%2Fcdn.productimages.coles.com.au%2Fproductimages%2F6%2F6512220.jpg&w=640&q=90
Maseur Foam Dry Insoles | 1 Pair,,7.5,,https://www.coles.com.au/_next/image?url=https%3A%2F%2Fcdn.productimages.coles.com.au%2Fproductimages%2F3%2F3809846.jpg&w=640&q=90
Korbond Retractable Tape Measure | 1 Pack,,3.5,,https://www.coles.com.au/_next/image?url=https%3A%2F%2Fcdn.productimages.coles.com.au%2Fproductimages%2F3%2F3974037.jpg&w=640&q=90
Oakwood Instant Shine Wipes | 16 Pack,,3.5,,https://www.coles.com.au/_next/image?url=https%3A%2F%2Fcdn.productimages.coles.com.au%2Fproductimages%2F6%2F6531699.jpg&w=640&q=90
Mirabella Led Globe Gls Edison Screw 5.5 Watt Warm White | 1 each,,7.25,,https://www.coles.com.au/_next/image?url=https%3A%2F%2Fcdn.productimages.coles.com.au%2Fproductimages%2F2%2F2044302.jpg&w=640&q=90
Raid Max Pest Multi Insect Killer Spring Meadow | 300g,,13.0,,https://www.coles.com.au/_next/image?url=https%3A%2F%2Fcdn.productimages.coles.com.au%2Fproductimages%2F4%2F4448550.jpg&w=640&q=90
Zak Kelso Licensed Tumbler 443ml | 1 Each,,13.0,,https://www.coles.com.au/_next/image?url=https%3A%2F%2Fcdn.productimages.coles.com.au%2Fproductimages%2F5%2F5136906.jpg&w=640&q=90
Aerogard Repellent Aerosol Odourless | 150g,,13.0,,https://www.coles.com.au/_next/image?url=https%3A%2F%2Fcdn.productimages.coles.com.au%2Fproductimages%2F6%2F6140498.jpg&w=640&q=90
Rain Poncho Adults Asst Colours | 1 Each,,5.0,,https://www.coles.com.au/_next/image?url=https%3A%2F%2Fcdn.productimages.coles.com.au%2Fproductimages%2F3%2F3505681.jpg&w=640&q=90
Korbond Automatic Red Clothes Brush | 1 each,,7.0,,https://www.coles.com.au/_next/image?url=https%3A%2F%2Fcdn.productimages.coles.com.au%2Fproductimages%2F5%2F5323594.jpg&w=640&q=90
Mix Kids Qtr Crew Sport Socks White 5-8 | 3 Pack,,7.0,,https://www.coles.com.au/_next/image?url=https%3A%2F%2Fcdn.productimages.coles.com.au%2Fproductimages%2F7%2F7016199.jpg&w=640&q=90
Staedtler Traditional 2b Graphite Pencils | 5 Pack,,5.5,,https://www.coles.com.au/_next/image?url=https%3A%2F%2Fcdn.productimages.coles.com.au%2Fproductimages%2F6%2F6821940.jpg&w=640&q=90
Mirabella Round Clear BC Globe Warm White Filament Led 2w 250 Lumens | 1 each,,7.25,,https://www.coles.com.au/_next/image?url=https%3A%2F%2Fcdn.productimages.coles.com.au%2Fproductimages%2F3%2F3633284.jpg&w=640&q=90
Korbond Instant Hemming Repair Tape | 1 each,,4.5,,https://www.coles.com.au/_next/image?url=https%3A%2F%2Fcdn.productimages.coles.com.au%2Fproductimages%2F2%2F2406990.jpg&w=640&q=90
Coles Plant Based Compartment Platters | 3 Pack,,4.5,,https://www.coles.com.au/_next/image?url=https%3A%2F%2Fcdn.productimages.coles.com.au%2Fproductimages%2F6%2F6544952.jpg&w=640&q=90
Aerogard Repellent Aerosol Tropical | 150g,,13.0,,https://www.coles.com.au/_next/image?url=https%3A%2F%2Fcdn.productimages.coles.com.au%2Fproductimages%2F6%2F61253.jpg&w=640&q=90
Mortein Naturgard Multi-insect Automatic Fragrance Free Indoor & Out ... 1 Pack,,40.0,,https://www.coles.com.au/_next/image?url=https%3A%2F%2Fcdn.productimages.coles.com.au%2Fproductimages%2F8%2F8593198.jpg&w=640&q=90
Audeeo Escape Sport Earbuds | 1 Pack,,39.95,,https://www.coles.com.au/_next/image?url=https%3A%2F%2Fcdn.productimages.coles.com.au%2Fproductimages%2F3%2F3969740.jpg&w=640&q=90
Nerf Elite 2.0 Slyshot | 1 Each,,8.0,,https://www.coles.com.au/_next/image?url=https%3A%2F%2Fcdn.productimages.coles.com.au%2Fproductimages%2F1%2F1684604.jpg&w=640&q=90
Oakwood Polish Pad Neutral 6ml | 1 each,,7.0,,https://www.coles.com.au/_next/image?url=https%3A%2F%2Fcdn.productimages.coles.com.au%2Fproductimages%2F6%2F6541681.jpg&w=640&q=90
JB 3d Hanging Vanilla | 1 Pack,,7.0,,https://www.coles.com.au/_next/image?url=https%3A%2F%2Fcdn.productimages.coles.com.au%2Fproductimages%2F7%2F7042600.jpg&w=640&q=90
Mini Brands Licensed Create | 1 Each,,12.0,,https://www.coles.com.au/_next/image?url=https%3A%2F%2Fcdn.productimages.coles.com.au%2Fproductimages%2F1%2F1056441.jpg&w=640&q=90
Rid Bite Relief Repellent Antiseptic Bite Protection Insect Repellent S ... 100mL,,12.0,,https://www.coles.com.au/_next/image?url=https%3A%2F%2Fcdn.productimages.coles.com.au%2Fproductimages%2F1%2F1156821.jpg&w=640&q=90
Duracell Specialty AAAA Alkaline Batteries | 2 Pack,,12.0,,https://www.coles.com.au/_next/image?url=https%3A%2F%2Fcdn.productimages.coles.com.au%2Fproductimages%2F3%2F3309504.jpg&w=640&q=90
Folding Manual Umbrella Black | 1 Each,,12.0,,https://www.coles.com.au/_next/image?url=https%3A%2F%2Fcdn.productimages.coles.com.au%2Fproductimages%2F3%2F3468326.jpg&w=640&q=90
Faber Castell Pastel & Neon Inspiration Set | 20 Pack,,12.0,,https://www.coles.com.au/_next/image?url=https%3A%2F%2Fcdn.productimages.coles.com.au%2Fproductimages%2F3%2F3939819.jpg&w=640&q=90
Oates All Australian Mop Bucket 9l | 1 each,,39.0,,https://www.coles.com.au/_next/image?url=https%3A%2F%2Fcdn.productimages.coles.com.au%2Fproductimages%2F4%2F43182.jpg&w=640&q=90
NRG 1.5m HDMI | 1 each,,12.0,,https://www.coles.com.au/_next/image?url=https%3A%2F%2Fcdn.productimages.coles.com.au%2Fproductimages%2F6%2F6129101.jpg&w=640&q=90
Coles Candle Gold Or Silver No 9 | 1 each,,3.0,,https://www.coles.com.au/_next/image?url=https%3A%2F%2Fcdn.productimages.coles.com.au%2Fproductimages%2F6%2F6830099.jpg&w=640&q=90
Duracell Ultra 9V Alkaline Batteries | 1 Pack,,12.0,,https://www.coles.com.au/_next/image?url=https%3A%2F%2Fcdn.productimages.coles.com.au%2Fproductimages%2F8%2F8462699.jpg&w=640&q=90
Coles Mini Stamp Set | 4 Pack,,3.0,,https://www.coles.com.au/_next/image?url=https%3A%2F%2Fcdn.productimages.coles.com.au%2Fproductimages%2F8%2F8798940.jpg&w=640&q=90
Coles Candle Gold Or Silver No 7 | 1 each,,3.0,,https://www.coles.com.au/_next/image?url=https%3A%2F%2Fcdn.productimages.coles.com.au%2Fproductimages%2F6%2F6830077.jpg&w=640&q=90
Coles Insect Repellent Odourless Low Irritant | 150g,,4.0,,https://www.coles.com.au/_next/image?url=https%3A%2F%2Fcdn.productimages.coles.com.au%2Fproductimages%2F3%2F3851682.jpg&w=640&q=90
NRG 2m Usb-a To Usb-c Cable Black | 1 Each,,12.0,,https://www.coles.com.au/_next/image?url=https%3A%2F%2Fcdn.productimages.coles.com.au%2Fproductimages%2F5%2F5883351.jpg&w=640&q=90
Duracell Recharge CEF14 Hi-Speed Battery Charger | 1 Pack,,36.0,,https://www.coles.com.au/_next/image?url=https%3A%2F%2Fcdn.productimages.coles.com.au%2Fproductimages%2F1%2F1014601.jpg&w=640&q=90
Gulf Western Engine Oil Hvx 15w-40 | 1 Each,,36.0,,https://www.coles.com.au/_next/image?url=https%3A%2F%2Fcdn.productimages.coles.com.au%2Fproductimages%2F1%2F1031906.jpg&w=640&q=90
Disney Princess Fashion Doll Assortment | 1 Each,,11.0,,https://www.coles.com.au/_next/image?url=https%3A%2F%2Fcdn.productimages.coles.com.au%2Fproductimages%2F1%2F1448055.jpg&w=640&q=90
Smash Blue Stainless Steel Cutlery Set | 1 Each,,11.0,,https://www.coles.com.au/_next/image?url=https%3A%2F%2Fcdn.productimages.coles.com.au%2Fproductimages%2F4%2F4232074.jpg&w=640&q=90
Waxworks Citronella Large Tealight Candles | 4 Pack,,4.0,,https://www.coles.com.au/_next/image?url=https%3A%2F%2Fcdn.productimages.coles.com.au%2Fproductimages%2F7%2F7646540.jpg&w=640&q=90
Contigo Westloop Auto Seal Coffee | 355mL,,36.0,,https://www.coles.com.au/_next/image?url=https%3A%2F%2Fcdn.productimages.coles.com.au%2Fproductimages%2F8%2F8773258.jpg&w=640&q=90
Korbond Fray Glue 40ml | 40mL,,6.0,,https://www.coles.com.au/_next/image?url=https%3A%2F%2Fcdn.productimages.coles.com.au%2Fproductimages%2F8%2F8925287.jpg&w=640&q=90
Off! Tropical Strength Insect Repellent Aerosol Spray | 150g,,10.9,,https://www.coles.com.au/_next/image?url=https%3A%2F%2Fcdn.productimages.coles.com.au%2Fproductimages%2F8%2F8643525.jpg&w=640&q=90
Hospitals United For Sick Kids $2 Donation | 1 Each,,2.0,,https://www.coles.com.au/_next/image?url=https%3A%2F%2Fcdn.productimages.coles.com.au%2Fproductimages%2F3%2F3616092.jpg&w=640&q=90
NRG 2m Usb-c To Lightning - White | 1 each,,35.0,,https://www.coles.com.au/_next/image?url=https%3A%2F%2Fcdn.productimages.coles.com.au%2Fproductimages%2F5%2F5880557.jpg&w=640&q=90
NRG Wireless Mouse Keyboard Combo | 1 Each,,35.0,,https://www.coles.com.au/_next/image?url=https%3A%2F%2Fcdn.productimages.coles.com.au%2Fproductimages%2F7%2F7532835.jpg&w=640&q=90
Marbig Colourhide Notebook 5 Subject A4 | 1 Each,,10.5,,https://www.coles.com.au/_next/image?url=https%3A%2F%2Fcdn.productimages.coles.com.au%2Fproductimages%2F1%2F1838570.jpg&w=640&q=90
Coles Led Globes Gls Es 8w 805l Cool White | 2 Pack,,10.5,,https://www.coles.com.au/_next/image?url=https%3A%2F%2Fcdn.productimages.coles.com.au%2Fproductimages%2F2%2F2005515.jpg&w=640&q=90
Coles Light Globes Led Gu10 500lum 4000k 5w | 2 Pack,,10.5,,https://www.coles.com.au/_next/image?url=https%3A%2F%2Fcdn.productimages.coles.com.au%2Fproductimages%2F2%2F2817260.jpg&w=640&q=90
Bic Kids Evolution Colouring Pencils | 24 Pack,,10.5,,https://www.coles.com.au/_next/image?url=https%3A%2F%2Fcdn.productimages.coles.com.au%2Fproductimages%2F3%2F3936912.jpg&w=640&q=90
Palm Wine Glass | 1 Each,,4.5,,https://www.coles.com.au/_next/image?url=https%3A%2F%2Fcdn.productimages.coles.com.au%2Fproductimages%2F8%2F8504267.jpg&w=640&q=90
USB 2.0 64gb Flash Drive | 1 Each,,34.0,,https://www.coles.com.au/_next/image?url=https%3A%2F%2Fcdn.productimages.coles.com.au%2Fproductimages%2F3%2F3887646.jpg&w=640&q=90
Mirabella Gls BC Globe Warm White Led 14w 1400 Lumens | 1 each,,10.25,,https://www.coles.com.au/_next/image?url=https%3A%2F%2Fcdn.productimages.coles.com.au%2Fproductimages%2F3%2F3634980.jpg&w=640&q=90
Mirabella Gls Es Globe Warm White Led 14w 1400 Lumens | 1 each,,10.25,,https://www.coles.com.au/_next/image?url=https%3A%2F%2Fcdn.productimages.coles.com.au%2Fproductimages%2F3%2F3635009.jpg&w=640&q=90
Papermate Woodcase 2b Pencil | 3 Pack,,2.2,,https://www.coles.com.au/_next/image?url=https%3A%2F%2Fcdn.productimages.coles.com.au%2Fproductimages%2F3%2F3937460.jpg&w=640&q=90
Bic Gelocity Original Pens Blue | 2 Pack,,5.5,,https://www.coles.com.au/_next/image?url=https%3A%2F%2Fcdn.productimages.coles.com.au%2Fproductimages%2F3%2F3663004.jpg&w=640&q=90
Robo Alive Swimming Axolotl | 1 Each,,10.0,,https://www.coles.com.au/_next/image?url=https%3A%2F%2Fcdn.productimages.coles.com.au%2Fproductimages%2F1%2F1056452.jpg&w=640&q=90
OMC Mini Kit Assorted | 1 Pack,,10.0,,https://www.coles.com.au/_next/image?url=https%3A%2F%2Fcdn.productimages.coles.com.au%2Fproductimages%2F1%2F1301851.jpg&w=640&q=90
Brunnings White Oil | 400g,,10.0,,https://www.coles.com.au/_next/image?url=https%3A%2F%2Fcdn.productimages.coles.com.au%2Fproductimages%2F1%2F1324992.jpg&w=640&q=90
Licensed Glass Canister With Bamboo Lid 1l | 1 Each,,10.0,,https://www.coles.com.au/_next/image?url=https%3A%2F%2Fcdn.productimages.coles.com.au%2Fproductimages%2F1%2F1421784.jpg&w=640&q=90
Wild Deodorant Stick Refill Honey & Cactus | 40g,,10.0,,https://www.coles.com.au/_next/image?url=https%3A%2F%2Fcdn.productimages.coles.com.au%2Fproductimages%2F1%2F1710001.jpg&w=640&q=90
Clio Curvy Very Thick Tights 120d Black - 2 | 1 each,,10.0,,https://www.coles.com.au/_next/image?url=https%3A%2F%2Fcdn.productimages.coles.com.au%2Fproductimages%2F3%2F3864414.jpg&w=640&q=90
NRG 1.2m Usb-a To Usb-c Cable Black | 1 Pack,,10.0,,https://www.coles.com.au/_next/image?url=https%3A%2F%2Fcdn.productimages.coles.com.au%2Fproductimages%2F5%2F5883282.jpg&w=640&q=90
Clio Eco 40d Opque Tights Black Tall/x Tall | 1 each,,10.0,,https://www.coles.com.au/_next/image?url=https%3A%2F%2Fcdn.productimages.coles.com.au%2Fproductimages%2F6%2F6829373.jpg&w=640&q=90
Cook & Dine Coupe Pasta Bowls | 2 Pack,,10.0,,https://www.coles.com.au/_next/image?url=https%3A%2F%2Fcdn.productimages.coles.com.au%2Fproductimages%2F7%2F7761978.jpg&w=640&q=90
Love All Ways Jersey Romper Sea Foam Green Newborn | 1 Pack,,33.0,,https://www.coles.com.au/_next/image?url=https%3A%2F%2Fcdn.productimages.coles.com.au%2Fproductimages%2F8%2F8474596.jpg&w=640&q=90
Love All Ways Jersey Romper Sea Foam Green 0-3 Months | 1 Pack,,33.0,,https://www.coles.com.au/_next/image?url=https%3A%2F%2Fcdn.productimages.coles.com.au%2Fproductimages%2F8%2F8476252.jpg&w=640&q=90
Love All Ways Jersey Romper - Sea Foam Green - 3-6 Months | 1 Pack,,33.0,,https://www.coles.com.au/_next/image?url=https%3A%2F%2Fcdn.productimages.coles.com.au%2Fproductimages%2F8%2F8476285.jpg&w=640&q=90
Love All Ways Jersey Romper - Grey Merle - Newborn | 1 Pack,,33.0,,https://www.coles.com.au/_next/image?url=https%3A%2F%2Fcdn.productimages.coles.com.au%2Fproductimages%2F8%2F8476296.jpg&w=640&q=90
Love All Ways Jersey Romper - Grey Merle - 0-3 Months | 1 Pack,,33.0,,https://www.coles.com.au/_next/image?url=https%3A%2F%2Fcdn.productimages.coles.com.au%2Fproductimages%2F8%2F8476300.jpg&w=640&q=90
Love All Ways Jersey Romper - Grey Merle - 3-6 Months | 1 Pack,,33.0,,https://www.coles.com.au/_next/image?url=https%3A%2F%2Fcdn.productimages.coles.com.au%2Fproductimages%2F8%2F8476401.jpg&w=640&q=90
Palm Alfresco Whisky Sparkle Party Tumbler | 2 Pack,,10.0,,https://www.coles.com.au/_next/image?url=https%3A%2F%2Fcdn.productimages.coles.com.au%2Fproductimages%2F9%2F9188537.jpg&w=640&q=90
Contigo Byron Double Wall Mug | 473mL,,32.0,,https://www.coles.com.au/_next/image?url=https%3A%2F%2Fcdn.productimages.coles.com.au%2Fproductimages%2F1%2F1077500.jpg&w=640&q=90
Smash Blue Mega Tumbler 1.2l | 1 each,,32.0,,https://www.coles.com.au/_next/image?url=https%3A%2F%2Fcdn.productimages.coles.com.au%2Fproductimages%2F7%2F7741278.jpg&w=640&q=90
Elmers Gue Candy Blast | 1 each,,12.0,,https://www.coles.com.au/_next/image?url=https%3A%2F%2Fcdn.productimages.coles.com.au%2Fproductimages%2F6%2F6121937.jpg&w=640&q=90
Mr Clean Auto Glass Cloth | 1 Pack,,5.5,,https://www.coles.com.au/_next/image?url=https%3A%2F%2Fcdn.productimages.coles.com.au%2Fproductimages%2F1%2F1023410.jpg&w=640&q=90
Licensed Ceramic Speckled Pasta Bowl | 1 Each,,10.0,,https://www.coles.com.au/_next/image?url=https%3A%2F%2Fcdn.productimages.coles.com.au%2Fproductimages%2F1%2F1421773.jpg&w=640&q=90
Waxworks Citronella Tea Lights | 24 Pack,,5.0,,https://www.coles.com.au/_next/image?url=https%3A%2F%2Fcdn.productimages.coles.com.au%2Fproductimages%2F2%2F2959821.jpg&w=640&q=90
Coles A4 Pastel 2 Ring Binder | 1 each,,5.0,,https://www.coles.com.au/_next/image?url=https%3A%2F%2Fcdn.productimages.coles.com.au%2Fproductimages%2F3%2F3932285.jpg&w=640&q=90
Korbond White Hemming Tape | 1 each,,5.0,,https://www.coles.com.au/_next/image?url=https%3A%2F%2Fcdn.productimages.coles.com.au%2Fproductimages%2F5%2F5323630.jpg&w=640&q=90
Korbond Black 110032 Hemming Tape | 1 Pack,,5.0,,https://www.coles.com.au/_next/image?url=https%3A%2F%2Fcdn.productimages.coles.com.au%2Fproductimages%2F5%2F5780916.jpg&w=640&q=90
Oakwood Shoe Polish Mid Tan | 65g,,5.0,,https://www.coles.com.au/_next/image?url=https%3A%2F%2Fcdn.productimages.coles.com.au%2Fproductimages%2F6%2F6512640.jpg&w=640&q=90
Waxworks Citronella & Sandalwood Mozzie Repellent Coils | 10 Pack,,5.0,,https://www.coles.com.au/_next/image?url=https%3A%2F%2Fcdn.productimages.coles.com.au%2Fproductimages%2F8%2F8480340.jpg&w=640&q=90
Mirabella Appliance Pilot T25 Es 25w Clear Blister | 1 each,,2.75,,https://www.coles.com.au/_next/image?url=https%3A%2F%2Fcdn.productimages.coles.com.au%2Fproductimages%2F6%2F6421781.jpg&w=640&q=90
Selleys Storm | 75g,,9.18,,https://www.coles.com.au/_next/image?url=https%3A%2F%2Fcdn.productimages.coles.com.au%2Fproductimages%2F4%2F4230240.jpg&w=640&q=90
Mirabella Led Gls Es 9w 806lum 4000k Cool White | 2 Pack,,13.75,,https://www.coles.com.au/_next/image?url=https%3A%2F%2Fcdn.productimages.coles.com.au%2Fproductimages%2F4%2F4488511.jpg&w=640&q=90
NRG Wall Charger 45w Dual Usb-c | 1 Each,,30.0,,https://www.coles.com.au/_next/image?url=https%3A%2F%2Fcdn.productimages.coles.com.au%2Fproductimages%2F1%2F1419308.jpg&w=640&q=90
Korbond Needle Compact | 40 Piece,,3.0,,https://www.coles.com.au/_next/image?url=https%3A%2F%2Fcdn.productimages.coles.com.au%2Fproductimages%2F1%2F1466975.jpg&w=640&q=90
Clio Curvy Sheer Kh 15d Natural One Size | 1 each,,5.0,,https://www.coles.com.au/_next/image?url=https%3A%2F%2Fcdn.productimages.coles.com.au%2Fproductimages%2F4%2F4182883.jpg&w=640&q=90
Korbond White Rayon Elastic 3m | 1 each,,3.0,,https://www.coles.com.au/_next/image?url=https%3A%2F%2Fcdn.productimages.coles.com.au%2Fproductimages%2F5%2F5323470.jpg&w=640&q=90
Sofsole Boot Brown Lace 60in | 1 Each,,4.8,,https://www.coles.com.au/_next/image?url=https%3A%2F%2Fcdn.productimages.coles.com.au%2Fproductimages%2F6%2F6512672.jpg&w=640&q=90
Love All Ways Long Sleeve Ribbed Romper - Warm Caramel - 0-3 Mon ... 1 Pack,,30.0,,https://www.coles.com.au/_next/image?url=https%3A%2F%2Fcdn.productimages.coles.com.au%2Fproductimages%2F8%2F8476591.jpg&w=640&q=90
Love All Ways Long Sleeve Ribbed Romper - Soft Sage - 0-3 Months | 1 Pack,,30.0,,https://www.coles.com.au/_next/image?url=https%3A%2F%2Fcdn.productimages.coles.com.au%2Fproductimages%2F8%2F8476671.jpg&w=640&q=90
Love All Ways Long Sleeve Ribbed Romper - Soft Sage - 3-6 Months | 1 Pack,,30.0,,https://www.coles.com.au/_next/image?url=https%3A%2F%2Fcdn.productimages.coles.com.au%2Fproductimages%2F8%2F8477346.jpg&w=640&q=90
Love All Ways Sleeveless Ribbed Onesie - Soft Sage - 0-3 Months | 1 Pack,,30.0,,https://www.coles.com.au/_next/image?url=https%3A%2F%2Fcdn.productimages.coles.com.au%2Fproductimages%2F8%2F8477710.jpg&w=640&q=90
Love All Ways Sleeveless Ribbed Onesie - Soft Sage - 3-6 Months | 1 Pack,,30.0,,https://www.coles.com.au/_next/image?url=https%3A%2F%2Fcdn.productimages.coles.com.au%2Fproductimages%2F8%2F8478010.jpg&w=640&q=90
Love All Ways Sleeveless Ribbed Onesie - Iced Latte - 0-3 Months | 1 Pack,,30.0,,https://www.coles.com.au/_next/image?url=https%3A%2F%2Fcdn.productimages.coles.com.au%2Fproductimages%2F8%2F8481321.jpg&w=640&q=90
Love All Ways Sleeveless Ribbed Onesie - Iced Latte - 3-6 Months | 1 Pack,,30.0,,https://www.coles.com.au/_next/image?url=https%3A%2F%2Fcdn.productimages.coles.com.au%2Fproductimages%2F8%2F8481387.jpg&w=640&q=90
Love All Ways Short Sleeve Ribbed Lounge Set - Iced Latte - 0-3 Months | 1 Pack,,30.0,,https://www.coles.com.au/_next/image?url=https%3A%2F%2Fcdn.productimages.coles.com.au%2Fproductimages%2F8%2F8481398.jpg&w=640&q=90
Love All Ways Short Sleeve Ribbed Lounge Set - Iced Latte - 3-6 Months | 1 Pack,,30.0,,https://www.coles.com.au/_next/image?url=https%3A%2F%2Fcdn.productimages.coles.com.au%2Fproductimages%2F8%2F8481467.jpg&w=640&q=90
Love All Ways Short Sleeve Ribbed Lounge Set - Cloud Grey - 3-6 Months | 1 Pack,,30.0,,https://www.coles.com.au/_next/image?url=https%3A%2F%2Fcdn.productimages.coles.com.au%2Fproductimages%2F8%2F8481514.jpg&w=640&q=90
NRG Travel Adaptor Au/nz To UK | 1 Each,,30.0,,https://www.coles.com.au/_next/image?url=https%3A%2F%2Fcdn.productimages.coles.com.au%2Fproductimages%2F9%2F9017997.jpg&w=640&q=90
NRG Travel Adaptor Au/nz To Usa- Canada- Japan | 1 Each,,30.0,,https://www.coles.com.au/_next/image?url=https%3A%2F%2Fcdn.productimages.coles.com.au%2Fproductimages%2F9%2F9019290.jpg&w=640&q=90
Settlers Original Insect Repellent Candle | 1 Pack,,8.5,,https://www.coles.com.au/_next/image?url=https%3A%2F%2Fcdn.productimages.coles.com.au%2Fproductimages%2F5%2F5410021.jpg&w=640&q=90
Licensed A5 Notebook 240 Page | 1 Each,,8.4,,https://www.coles.com.au/_next/image?url=https%3A%2F%2Fcdn.productimages.coles.com.au%2Fproductimages%2F3%2F3891927.jpg&w=640&q=90
Cook & Dine Solid Colour Mug | 1 Each,,5.0,,https://www.coles.com.au/_next/image?url=https%3A%2F%2Fcdn.productimages.coles.com.au%2Fproductimages%2F1%2F1422175.jpg&w=640&q=90
Scholl Gel Activ Insole Work & Boot Small | 1 each,,28.0,,https://www.coles.com.au/_next/image?url=https%3A%2F%2Fcdn.productimages.coles.com.au%2Fproductimages%2F3%2F3810448.jpg&w=640&q=90
NRG Gaming Headset | 1 Each,,28.0,,https://www.coles.com.au/_next/image?url=https%3A%2F%2Fcdn.productimages.coles.com.au%2Fproductimages%2F8%2F8785803.jpg&w=640&q=90
Audeeo Trek Sport Earbuds | 1 Pack,,27.95,,https://www.coles.com.au/_next/image?url=https%3A%2F%2Fcdn.productimages.coles.com.au%2Fproductimages%2F3%2F3969693.jpg&w=640&q=90
Cook & Dine Pattern Dipping Bowls | 3 Pack,,8.0,,https://www.coles.com.au/_next/image?url=https%3A%2F%2Fcdn.productimages.coles.com.au%2Fproductimages%2F1%2F1421004.jpg&w=640&q=90
Barbie Chelsea & Friends | 1 Each,,8.0,,https://www.coles.com.au/_next/image?url=https%3A%2F%2Fcdn.productimages.coles.com.au%2Fproductimages%2F1%2F1448088.jpg&w=640&q=90
Duracell 100 Lumen Spotlight Floating 4 AA | 1 each,,27.0,,https://www.coles.com.au/_next/image?url=https%3A%2F%2Fcdn.productimages.coles.com.au%2Fproductimages%2F3%2F3919593.jpg&w=640&q=90
NRG 2m Ethernet Cable Cat 6 | 1 each,,8.0,,https://www.coles.com.au/_next/image?url=https%3A%2F%2Fcdn.productimages.coles.com.au%2Fproductimages%2F6%2F6120129.jpg&w=640&q=90
Sofsole Performance Lace 38 Solid Black | 1 each,,8.0,,https://www.coles.com.au/_next/image?url=https%3A%2F%2Fcdn.productimages.coles.com.au%2Fproductimages%2F6%2F6417605.jpg&w=640&q=90
Command 17026clr Clips Decorator Clear | 20 Pack,,8.0,,https://www.coles.com.au/_next/image?url=https%3A%2F%2Fcdn.productimages.coles.com.au%2Fproductimages%2F9%2F9894270.jpg&w=640&q=90
Korbond Dressmaking Pins | 1 each,,2.5,,https://www.coles.com.au/_next/image?url=https%3A%2F%2Fcdn.productimages.coles.com.au%2Fproductimages%2F7%2F7714865.jpg&w=640&q=90
Coles Rainbow Bunting. Coles Rainbow Bunting | 1 EACH,,4.0,,https://www.coles.com.au/_next/image?url=https%3A%2F%2Fcdn.productimages.coles.com.au%2Fproductimages%2F7%2F7043384.jpg&w=640&q=90
Coles Happy Birthday Cupcake Toppers | 6 Pack,,4.0,,https://www.coles.com.au/_next/image?url=https%3A%2F%2Fcdn.productimages.coles.com.au%2Fproductimages%2F7%2F7644748.jpg&w=640&q=90
Oakwood Shoe And Boot Microfibre Cloth 20x20cm | 1 Pack,,4.0,,https://www.coles.com.au/_next/image?url=https%3A%2F%2Fcdn.productimages.coles.com.au%2Fproductimages%2F8%2F8925163.jpg&w=640&q=90
Faber Castell Classic Colouring Pencils | 12 Pack,,7.5,,https://www.coles.com.au/_next/image?url=https%3A%2F%2Fcdn.productimages.coles.com.au%2Fproductimages%2F3%2F3588565.jpg&w=640&q=90
Bic 4 Colour 3+1 Mechanical Pencil | 1 Each,,7.5,,https://www.coles.com.au/_next/image?url=https%3A%2F%2Fcdn.productimages.coles.com.au%2Fproductimages%2F3%2F3936581.jpg&w=640&q=90
Palm Serving Platter | 1 Each,,4.5,,https://www.coles.com.au/_next/image?url=https%3A%2F%2Fcdn.productimages.coles.com.au%2Fproductimages%2F6%2F6476728.jpg&w=640&q=90
Bic Kids Plastidecor Crayons | 12 Pack,,5.5,,https://www.coles.com.au/_next/image?url=https%3A%2F%2Fcdn.productimages.coles.com.au%2Fproductimages%2F3%2F3937212.jpg&w=640&q=90
NRG Multiport 4 X Usb 3.0 Hub | 1 Each,,25.0,,https://www.coles.com.au/_next/image?url=https%3A%2F%2Fcdn.productimages.coles.com.au%2Fproductimages%2F1%2F1419330.jpg&w=640&q=90
SDMI Card 32gb | 1 Pack,,25.0,,https://www.coles.com.au/_next/image?url=https%3A%2F%2Fcdn.productimages.coles.com.au%2Fproductimages%2F3%2F3664153.jpg&w=640&q=90
Mirabella Genio Candle Wifi BC 5w 470lm  2700k-6500k | 1 Pack,,25.0,,https://www.coles.com.au/_next/image?url=https%3A%2F%2Fcdn.productimages.coles.com.au%2Fproductimages%2F4%2F4509430.jpg&w=640&q=90
Mirabella Genio Fancy Round Wifi 5w Bc 470lm  2700k-6500k | 1 Pack,,25.0,,https://www.coles.com.au/_next/image?url=https%3A%2F%2Fcdn.productimages.coles.com.au%2Fproductimages%2F4%2F4509509.jpg&w=640&q=90
Mirabella Genio Fancy Round Wifi 5w Ses 470lm 2700k-6500k | 1 Pack,,25.0,,https://www.coles.com.au/_next/image?url=https%3A%2F%2Fcdn.productimages.coles.com.au%2Fproductimages%2F4%2F4509564.jpg&w=640&q=90
Mirabella Led Globe Gls Bayonet Cap 5.5 Watt Cool White | 1 each,,7.25,,https://www.coles.com.au/_next/image?url=https%3A%2F%2Fcdn.productimages.coles.com.au%2Fproductimages%2F2%2F2044313.jpg&w=640&q=90
Mirabella Gls BC Globe Warm White Led 2w 250 Lumens | 1 each,,7.25,,https://www.coles.com.au/_next/image?url=https%3A%2F%2Fcdn.productimages.coles.com.au%2Fproductimages%2F3%2F3633637.jpg&w=640&q=90
Licensed Barrel Sketch Mug | 400mL,,7.0,,https://www.coles.com.au/_next/image?url=https%3A%2F%2Fcdn.productimages.coles.com.au%2Fproductimages%2F1%2F1421729.jpg&w=640&q=90
Korbond Fabric Glue | 1 Pack,,7.0,,https://www.coles.com.au/_next/image?url=https%3A%2F%2Fcdn.productimages.coles.com.au%2Fproductimages%2F4%2F4493930.jpg&w=640&q=90
Armor All Original Protectant | 500mL,,24.0,,https://www.coles.com.au/_next/image?url=https%3A%2F%2Fcdn.productimages.coles.com.au%2Fproductimages%2F5%2F5587290.jpg&w=640&q=90
Mix Kids Qtr Crew Sport Socks White 13-3 | 3 Pack,,7.0,,https://www.coles.com.au/_next/image?url=https%3A%2F%2Fcdn.productimages.coles.com.au%2Fproductimages%2F7%2F7172591.jpg&w=640&q=90
Licensed Babyccino Cup | 1 each,,7.0,,https://www.coles.com.au/_next/image?url=https%3A%2F%2Fcdn.productimages.coles.com.au%2Fproductimages%2F8%2F8072300.jpg&w=640&q=90
Marbig Colourhide Notebook A5 Assorted | 1 Each,,6.8,,https://www.coles.com.au/_next/image?url=https%3A%2F%2Fcdn.productimages.coles.com.au%2Fproductimages%2F1%2F1838526.jpg&w=640&q=90
Mirabella Led Globe Fancy Round Bayonet Cap 6 Watt Pearl | 1 each,,7.25,,https://www.coles.com.au/_next/image?url=https%3A%2F%2Fcdn.productimages.coles.com.au%2Fproductimages%2F2%2F2044460.jpg&w=640&q=90
Cook & Dine Nibble Bowl | 1 each,,4.0,,https://www.coles.com.au/_next/image?url=https%3A%2F%2Fcdn.productimages.coles.com.au%2Fproductimages%2F7%2F7739640.jpg&w=640&q=90
Mortein Naturgard Bomb 3x90g | 270g,,22.5,,https://www.coles.com.au/_next/image?url=https%3A%2F%2Fcdn.productimages.coles.com.au%2Fproductimages%2F5%2F5400028.jpg&w=640&q=90
Maseur Sports Plus Insoles 1pr | 1 Pair,,6.5,,https://www.coles.com.au/_next/image?url=https%3A%2F%2Fcdn.productimages.coles.com.au%2Fproductimages%2F6%2F6512694.jpg&w=640&q=90
Coles Led Strip 5m | 5M,,22.0,,https://www.coles.com.au/_next/image?url=https%3A%2F%2Fcdn.productimages.coles.com.au%2Fproductimages%2F4%2F4720271.jpg&w=640&q=90
NRG 1.2m Usb-c To Lightning Cable White | 1 Each,,22.0,,https://www.coles.com.au/_next/image?url=https%3A%2F%2Fcdn.productimages.coles.com.au%2Fproductimages%2F5%2F5880579.jpg&w=640&q=90
Smash Blue Ceramic Barista Cup 236ml | 1 each,,22.0,,https://www.coles.com.au/_next/image?url=https%3A%2F%2Fcdn.productimages.coles.com.au%2Fproductimages%2F6%2F6825907.jpg&w=640&q=90
Cook & Dine Patterned Embossed Mug 290ml | 1 Each,,6.0,,https://www.coles.com.au/_next/image?url=https%3A%2F%2Fcdn.productimages.coles.com.au%2Fproductimages%2F1%2F1422142.jpg&w=640&q=90
Assorted Activity Book | 1 Each,,6.0,,https://www.coles.com.au/_next/image?url=https%3A%2F%2Fcdn.productimages.coles.com.au%2Fproductimages%2F1%2F1439870.jpg&w=640&q=90
Korbond Snaplock Pins | 1 Each,,3.0,,https://www.coles.com.au/_next/image?url=https%3A%2F%2Fcdn.productimages.coles.com.au%2Fproductimages%2F4%2F4247210.jpg&w=640&q=90
Barbie Chelsea Doll Assortment | 1 each,,6.0,,https://www.coles.com.au/_next/image?url=https%3A%2F%2Fcdn.productimages.coles.com.au%2Fproductimages%2F6%2F6399627.jpg&w=640&q=90
Rodara Screwdriver Set Rodara Screwdriver Set | 2 Pack,,6.0,,https://www.coles.com.au/_next/image?url=https%3A%2F%2Fcdn.productimages.coles.com.au%2Fproductimages%2F7%2F7024517.jpg&w=640&q=90
NRG Car Charger 25w Dual Usb-c & A | 1 Each,,20.0,,https://www.coles.com.au/_next/image?url=https%3A%2F%2Fcdn.productimages.coles.com.au%2Fproductimages%2F1%2F1419319.jpg&w=640&q=90
Sof Comfort Heavy Duty Boot | 1 Pair,,20.0,,https://www.coles.com.au/_next/image?url=https%3A%2F%2Fcdn.productimages.coles.com.au%2Fproductimages%2F3%2F3807443.jpg&w=640&q=90
Korbond Needles Darning | 1 each,,2.8,,https://www.coles.com.au/_next/image?url=https%3A%2F%2Fcdn.productimages.coles.com.au%2Fproductimages%2F5%2F5323834.jpg&w=640&q=90
NRG Lightning To 3.5mm Audio Adapter | 1 Each,,20.0,,https://www.coles.com.au/_next/image?url=https%3A%2F%2Fcdn.productimages.coles.com.au%2Fproductimages%2F5%2F5884252.jpg&w=640&q=90
NRG Car Mobile Phone Holder | 1 Each,,20.0,,https://www.coles.com.au/_next/image?url=https%3A%2F%2Fcdn.productimages.coles.com.au%2Fproductimages%2F7%2F7533124.jpg&w=640&q=90
Aerogard Home Mosquito Repellent Electric Plug-in | 25mL,,20.0,,https://www.coles.com.au/_next/image?url=https%3A%2F%2Fcdn.productimages.coles.com.au%2Fproductimages%2F8%2F8593063.jpg&w=640&q=90
Sellotape Packing Tape Clear Dispenser With Recycled Handles  ... 1 each,,3.3,,https://www.coles.com.au/_next/image?url=https%3A%2F%2Fcdn.productimages.coles.com.au%2Fproductimages%2F4%2F4481512.jpg&w=640&q=90
Korbond Home Needle Kit | 40 Pack,,2.8,,https://www.coles.com.au/_next/image?url=https%3A%2F%2Fcdn.productimages.coles.com.au%2Fproductimages%2F5%2F5323415.jpg&w=640&q=90
Aerogard Heavy Duty Protection 40% Deet | 300g,,18.75,,https://www.coles.com.au/_next/image?url=https%3A%2F%2Fcdn.productimages.coles.com.au%2Fproductimages%2F2%2F2470231.jpg&w=640&q=90
Aerogard Extreme Protection 40% | 150g,,18.5,,https://www.coles.com.au/_next/image?url=https%3A%2F%2Fcdn.productimages.coles.com.au%2Fproductimages%2F2%2F2445278.jpg&w=640&q=90
Korbond Assorted Press Studs | 1 each,,2.5,,https://www.coles.com.au/_next/image?url=https%3A%2F%2Fcdn.productimages.coles.com.au%2Fproductimages%2F5%2F5323801.jpg&w=640&q=90
Cook & Dine Round Casserole | 1 Each,,18.0,,https://www.coles.com.au/_next/image?url=https%3A%2F%2Fcdn.productimages.coles.com.au%2Fproductimages%2F1%2F1421933.jpg&w=640&q=90
Outdoor Life Hose Set | 4 each,,5.0,,https://www.coles.com.au/_next/image?url=https%3A%2F%2Fcdn.productimages.coles.com.au%2Fproductimages%2F3%2F3990543.jpg&w=640&q=90
Armor All Protect Gloss Wipes | 30 Pack,,18.0,,https://www.coles.com.au/_next/image?url=https%3A%2F%2Fcdn.productimages.coles.com.au%2Fproductimages%2F4%2F4503502.jpg&w=640&q=90
Korbond Multi Purpose Repair Sewing Needles | 1 each,,3.0,,https://www.coles.com.au/_next/image?url=https%3A%2F%2Fcdn.productimages.coles.com.au%2Fproductimages%2F5%2F5323812.jpg&w=640&q=90
NRG 2m Usb-c To C - Black Braided | 1 Each,,18.0,,https://www.coles.com.au/_next/image?url=https%3A%2F%2Fcdn.productimages.coles.com.au%2Fproductimages%2F5%2F5883180.jpg&w=640&q=90
Clio Invisible Band Anklets Natural One Size | 2 Pack,,5.0,,https://www.coles.com.au/_next/image?url=https%3A%2F%2Fcdn.productimages.coles.com.au%2Fproductimages%2F6%2F6828600.jpg&w=640&q=90
Mirabella Penguin/ Hippo/ Fox Night Light | 1 each,,18.0,,https://www.coles.com.au/_next/image?url=https%3A%2F%2Fcdn.productimages.coles.com.au%2Fproductimages%2F9%2F9020743.jpg&w=640&q=90
Mortein Peaceful Nights Mosquito & Fly Plug Refill | 45mL,,17.5,,https://www.coles.com.au/_next/image?url=https%3A%2F%2Fcdn.productimages.coles.com.au%2Fproductimages%2F3%2F3014103.jpg&w=640&q=90
Coles Party Invitations | 10 Pack,,5.0,,https://www.coles.com.au/_next/image?url=https%3A%2F%2Fcdn.productimages.coles.com.au%2Fproductimages%2F9%2F9193016.jpg&w=640&q=90
Smash Cooler Bag | 10L,,17.0,,https://www.coles.com.au/_next/image?url=https%3A%2F%2Fcdn.productimages.coles.com.au%2Fproductimages%2F1%2F1089407.jpg&w=640&q=90
Korbond Iron On Mender | 3 Pack,,5.0,,https://www.coles.com.au/_next/image?url=https%3A%2F%2Fcdn.productimages.coles.com.au%2Fproductimages%2F2%2F2406980.jpg&w=640&q=90
Maseur Men's Heel And Arch Support | 1 Pair,,17.0,,https://www.coles.com.au/_next/image?url=https%3A%2F%2Fcdn.productimages.coles.com.au%2Fproductimages%2F3%2F3809835.jpg&w=640&q=90
Cook & Dine Champagne Glasses 130ml | 4 Pack,,17.0,,https://www.coles.com.au/_next/image?url=https%3A%2F%2Fcdn.productimages.coles.com.au%2Fproductimages%2F7%2F7825028.jpg&w=640&q=90
Matchbox Car Gift Pack | 5 Pack,,17.0,,https://www.coles.com.au/_next/image?url=https%3A%2F%2Fcdn.productimages.coles.com.au%2Fproductimages%2F9%2F9591256.jpg&w=640&q=90
Armor All Multi Purpose Cleaner | 500mL,,16.5,,https://www.coles.com.au/_next/image?url=https%3A%2F%2Fcdn.productimages.coles.com.au%2Fproductimages%2F7%2F7016698.jpg&w=640&q=90
Sofcomfort Flat Lace White Kids 27 Inch | 1 Pack,,4.4,,https://www.coles.com.au/_next/image?url=https%3A%2F%2Fcdn.productimages.coles.com.au%2Fproductimages%2F4%2F4314769.jpg&w=640&q=90
NRG 1.2m Usb-c To Usb-c Cable Black | 1 Pack,,16.0,,https://www.coles.com.au/_next/image?url=https%3A%2F%2Fcdn.productimages.coles.com.au%2Fproductimages%2F5%2F5882359.jpg&w=640&q=90
Yates Aerosol Wasp Killer And Nest Destroyer | 350g,,15.3,,https://www.coles.com.au/_next/image?url=https%3A%2F%2Fcdn.productimages.coles.com.au%2Fproductimages%2F8%2F8676284.jpg&w=640&q=90
TRA Cyberworld Cyber Changers Assorted | 1 Each,,15.0,,https://www.coles.com.au/_next/image?url=https%3A%2F%2Fcdn.productimages.coles.com.au%2Fproductimages%2F1%2F1684615.jpg&w=640&q=90
Coles Mini Manual Umbrella Black | 1 each,,15.0,,https://www.coles.com.au/_next/image?url=https%3A%2F%2Fcdn.productimages.coles.com.au%2Fproductimages%2F3%2F3504929.jpg&w=640&q=90
Crook Auto Open Umbrella Black | 1 Each,,15.0,,https://www.coles.com.au/_next/image?url=https%3A%2F%2Fcdn.productimages.coles.com.au%2Fproductimages%2F3%2F3505648.jpg&w=640&q=90
Mini Manual Umbrella Navy | 1 Pack,,15.0,,https://www.coles.com.au/_next/image?url=https%3A%2F%2Fcdn.productimages.coles.com.au%2Fproductimages%2F3%2F3508395.jpg&w=640&q=90
Folding Auto Open Umbrella Pin Dots | 1 Pack,,15.0,,https://www.coles.com.au/_next/image?url=https%3A%2F%2Fcdn.productimages.coles.com.au%2Fproductimages%2F3%2F3508442.jpg&w=640&q=90
Aerogard Fabric Insect Repellent Odourless | 150g,,15.0,,https://www.coles.com.au/_next/image?url=https%3A%2F%2Fcdn.productimages.coles.com.au%2Fproductimages%2F3%2F3575483.jpg&w=640&q=90
Korbond Rotary Cutter | 1 each,,15.0,,https://www.coles.com.au/_next/image?url=https%3A%2F%2Fcdn.productimages.coles.com.au%2Fproductimages%2F3%2F3974296.jpg&w=640&q=90
Raid Max Antibacterial Fast Kill Crawling Insect Killer | 350g,,15.0,,https://www.coles.com.au/_next/image?url=https%3A%2F%2Fcdn.productimages.coles.com.au%2Fproductimages%2F5%2F5400040.jpg&w=640&q=90
NRG Usb-c To 3.55mm Audio Adaptor | 1 Each,,15.0,,https://www.coles.com.au/_next/image?url=https%3A%2F%2Fcdn.productimages.coles.com.au%2Fproductimages%2F5%2F5884263.jpg&w=640&q=90
NRG 4 X USB 3.0 Hub | 1 each,,15.0,,https://www.coles.com.au/_next/image?url=https%3A%2F%2Fcdn.productimages.coles.com.au%2Fproductimages%2F6%2F6129190.jpg&w=640&q=90
Mirabella Colour Box Led Par 38 Es 15w 1300lum 3000k | 1 Each,,15.0,,https://www.coles.com.au/_next/image?url=https%3A%2F%2Fcdn.productimages.coles.com.au%2Fproductimages%2F6%2F6423619.jpg&w=640&q=90
Mirabella Led 2pk Gls BC 11w 1000lum 2700k Warm White A60 | 2 Pack,,15.0,,https://www.coles.com.au/_next/image?url=https%3A%2F%2Fcdn.productimages.coles.com.au%2Fproductimages%2F6%2F6433044.jpg&w=640&q=90
Mirabella Led 2pk Gls Es 11w 1000lum 2700k Warm White Brand A60 | 2 Pack,,15.0,,https://www.coles.com.au/_next/image?url=https%3A%2F%2Fcdn.productimages.coles.com.au%2Fproductimages%2F6%2F6433259.jpg&w=640&q=90
Mirabella Led 2pk Gls BC 11w 1000lum 4000k Cool White Brand A60 | 2 Pack,,15.0,,https://www.coles.com.au/_next/image?url=https%3A%2F%2Fcdn.productimages.coles.com.au%2Fproductimages%2F6%2F6433328.jpg&w=640&q=90
Mirabella Led 2pk Gls Es 11w 1000lum 4000k Cool White Brand A60 | 2 Pack,,15.0,,https://www.coles.com.au/_next/image?url=https%3A%2F%2Fcdn.productimages.coles.com.au%2Fproductimages%2F6%2F6433736.jpg&w=640&q=90
Rainbocorns Kittycorn Surprise | 1 each,,15.0,,https://www.coles.com.au/_next/image?url=https%3A%2F%2Fcdn.productimages.coles.com.au%2Fproductimages%2F8%2F8014938.jpg&w=640&q=90
Disney Princess Royal Color Reveal Assortment | 1 each,,14.5,,https://www.coles.com.au/_next/image?url=https%3A%2F%2Fcdn.productimages.coles.com.au%2Fproductimages%2F6%2F6399671.jpg&w=640&q=90
Artline 200 Fineline Black Pen | 1 Each,,3.8,,https://www.coles.com.au/_next/image?url=https%3A%2F%2Fcdn.productimages.coles.com.au%2Fproductimages%2F3%2F3188090.jpg&w=640&q=90
Pilot Frixion Erasable Fineliner | 4 Pack,,14.2,,https://www.coles.com.au/_next/image?url=https%3A%2F%2Fcdn.productimages.coles.com.au%2Fproductimages%2F5%2F5283354.jpg&w=640&q=90
Coles Globes Led Gls Es 5w Cool White | 2 Pack,,14.0,,https://www.coles.com.au/_next/image?url=https%3A%2F%2Fcdn.productimages.coles.com.au%2Fproductimages%2F2%2F2005526.jpg&w=640&q=90
Mortein Ant Sand | 500g,,14.0,,https://www.coles.com.au/_next/image?url=https%3A%2F%2Fcdn.productimages.coles.com.au%2Fproductimages%2F9%2F9070027.jpg&w=640&q=90
Mirabella Reflector R80 Es Globe Warm White Led 10w 806 Lumens | 1 each,,13.5,,https://www.coles.com.au/_next/image?url=https%3A%2F%2Fcdn.productimages.coles.com.au%2Fproductimages%2F3%2F3635086.jpg&w=640&q=90
Guide Dogs $2 Donation | 1 Each,,2.0,,https://www.coles.com.au/_next/image?url=https%3A%2F%2Fcdn.productimages.coles.com.au%2Fproductimages%2F1%2F1579552.jpg&w=640&q=90
Mirabella Gls Es Globe Warm White Filament Led 7w 806 Lumens | 1 each,,13.0,,https://www.coles.com.au/_next/image?url=https%3A%2F%2Fcdn.productimages.coles.com.au%2Fproductimages%2F3%2F3635020.jpg&w=640&q=90
Mirabella Led G95 Filament Amber Es 2w 150lm 1800k | 1 Each,,13.0,,https://www.coles.com.au/_next/image?url=https%3A%2F%2Fcdn.productimages.coles.com.au%2Fproductimages%2F6%2F6422900.jpg&w=640&q=90
Coles Mega Glow Pack | 80 Pack,,13.0,,https://www.coles.com.au/_next/image?url=https%3A%2F%2Fcdn.productimages.coles.com.au%2Fproductimages%2F6%2F6841186.jpg&w=640&q=90
Hot Wheels Pullbacks Asst | 1 each,,12.5,,https://www.coles.com.au/_next/image?url=https%3A%2F%2Fcdn.productimages.coles.com.au%2Fproductimages%2F8%2F8073733.jpg&w=640&q=90
Mirabella Warm White 290v Led G9 2w 180 Lumens | 1 each,,12.3,,https://www.coles.com.au/_next/image?url=https%3A%2F%2Fcdn.productimages.coles.com.au%2Fproductimages%2F3%2F3635031.jpg&w=640&q=90
Rodara Pliers | 1 each,,12.25,,https://www.coles.com.au/_next/image?url=https%3A%2F%2Fcdn.productimages.coles.com.au%2Fproductimages%2F7%2F7022442.jpg&w=640&q=90
Zak Licensed Bamboo Babyccino Cup | 1 Each,,12.0,,https://www.coles.com.au/_next/image?url=https%3A%2F%2Fcdn.productimages.coles.com.au%2Fproductimages%2F1%2F1074057.jpg&w=640&q=90
Clio Fashion Cable Cross Knit Tights 150d Black Size S/m | 1 Pack,,12.0,,https://www.coles.com.au/_next/image?url=https%3A%2F%2Fcdn.productimages.coles.com.au%2Fproductimages%2F1%2F1415544.jpg&w=640&q=90
Clio Fashion Cable Cross Knit Tights 150d Black Size T/xt | 1 Pack,,12.0,,https://www.coles.com.au/_next/image?url=https%3A%2F%2Fcdn.productimages.coles.com.au%2Fproductimages%2F1%2F1415577.jpg&w=640&q=90
Korbond Stitch Ripper | 2 Piece,,3.0,,https://www.coles.com.au/_next/image?url=https%3A%2F%2Fcdn.productimages.coles.com.au%2Fproductimages%2F1%2F1467016.jpg&w=640&q=90
Coles Led Globes Gls Bc 5w Cool White | 2 Pack,,12.0,,https://www.coles.com.au/_next/image?url=https%3A%2F%2Fcdn.productimages.coles.com.au%2Fproductimages%2F2%2F2005504.jpg&w=640&q=90
Coles Light Globes Led Gls Es 10w 1055lum 4000k | 2 Pack,,12.0,,https://www.coles.com.au/_next/image?url=https%3A%2F%2Fcdn.productimages.coles.com.au%2Fproductimages%2F3%2F3630027.jpg&w=640&q=90
Clio Fleece Leggings 200d Black T/xt | 1 Each,,12.0,,https://www.coles.com.au/_next/image?url=https%3A%2F%2Fcdn.productimages.coles.com.au%2Fproductimages%2F4%2F4184302.jpg&w=640&q=90
Coles Reusable Salad Servers | 2 Pack,,3.0,,https://www.coles.com.au/_next/image?url=https%3A%2F%2Fcdn.productimages.coles.com.au%2Fproductimages%2F9%2F9407801.jpg&w=640&q=90
Coles Entertaining To Go Value Pack | 1 Pack,,12.0,,https://www.coles.com.au/_next/image?url=https%3A%2F%2Fcdn.productimages.coles.com.au%2Fproductimages%2F9%2F9954043.jpg&w=640&q=90
Elmers Gue Cotton Candy | 1 each,,10.5,,https://www.coles.com.au/_next/image?url=https%3A%2F%2Fcdn.productimages.coles.com.au%2Fproductimages%2F5%2F5152640.jpg&w=640&q=90
Mirabella Gls BC Globe Cool White Led 14w 1400 Lumens | 1 each,,10.25,,https://www.coles.com.au/_next/image?url=https%3A%2F%2Fcdn.productimages.coles.com.au%2Fproductimages%2F3%2F3634990.jpg&w=640&q=90
Mirabella Gls Es Globe Cool White Led 14w 1400 Lumens | 1 each,,10.25,,https://www.coles.com.au/_next/image?url=https%3A%2F%2Fcdn.productimages.coles.com.au%2Fproductimages%2F3%2F3635010.jpg&w=640&q=90
Clio Travel Sockblack 3-8 | 1 each,,10.0,,https://www.coles.com.au/_next/image?url=https%3A%2F%2Fcdn.productimages.coles.com.au%2Fproductimages%2F4%2F4182974.jpg&w=640&q=90
Cuteitos Rainbowitos | 1 each,,10.0,,https://www.coles.com.au/_next/image?url=https%3A%2F%2Fcdn.productimages.coles.com.au%2Fproductimages%2F6%2F6448290.jpg&w=640&q=90
Smash Twin Zip Pencil Case | 1 each,,10.0,,https://www.coles.com.au/_next/image?url=https%3A%2F%2Fcdn.productimages.coles.com.au%2Fproductimages%2F6%2F6821928.jpg&w=640&q=90
Clio Eco 40d Opque Tights Black Small/medium | 1 Pack,,10.0,,https://www.coles.com.au/_next/image?url=https%3A%2F%2Fcdn.productimages.coles.com.au%2Fproductimages%2F6%2F6829282.jpg&w=640&q=90
Coles 24 Hour Mechanical Timer | 1 Each,,10.0,,https://www.coles.com.au/_next/image?url=https%3A%2F%2Fcdn.productimages.coles.com.au%2Fproductimages%2F9%2F9017239.jpg&w=640&q=90
Palm Alfresco Flute Sparkle Party | 2 Pack,,10.0,,https://www.coles.com.au/_next/image?url=https%3A%2F%2Fcdn.productimages.coles.com.au%2Fproductimages%2F9%2F9188526.jpg&w=640&q=90
Mirabella Pilot Es Globe Warm White Led 1.2w 70 Lumens | 1 each,,9.5,,https://www.coles.com.au/_next/image?url=https%3A%2F%2Fcdn.productimages.coles.com.au%2Fproductimages%2F3%2F3633717.jpg&w=640&q=90
Mirabella Warm White 12v Led G4 1.5w 120 Lumens | 1 each,,9.5,,https://www.coles.com.au/_next/image?url=https%3A%2F%2Fcdn.productimages.coles.com.au%2Fproductimages%2F3%2F3635053.jpg&w=640&q=90
Jurassic World Fidget Collectible Dino Assorted | 1 Each,,9.0,,https://www.coles.com.au/_next/image?url=https%3A%2F%2Fcdn.productimages.coles.com.au%2Fproductimages%2F1%2F1065001.jpg&w=640&q=90
Redkite $2 Donation | 1 Each,,2.0,,https://www.coles.com.au/_next/image?url=https%3A%2F%2Fcdn.productimages.coles.com.au%2Fproductimages%2F1%2F1210111.jpg&w=640&q=90
Bic Kids Evolution Illusion Colouring Pencils | 12 Pack,,8.8,,https://www.coles.com.au/_next/image?url=https%3A%2F%2Fcdn.productimages.coles.com.au%2Fproductimages%2F3%2F3879207.jpg&w=640&q=90
Mirabella Led Globe Gls Edison Screw 11 Watt Cool White | 1 each,,8.25,,https://www.coles.com.au/_next/image?url=https%3A%2F%2Fcdn.productimages.coles.com.au%2Fproductimages%2F2%2F2611912.jpg&w=640&q=90
Rodara Wrench 8 Inch | 1 each,,8.25,,https://www.coles.com.au/_next/image?url=https%3A%2F%2Fcdn.productimages.coles.com.au%2Fproductimages%2F6%2F6943517.jpg&w=640&q=90
Korbond Double Sided Clothes Brush | 1 Pack,,8.0,,https://www.coles.com.au/_next/image?url=https%3A%2F%2Fcdn.productimages.coles.com.au%2Fproductimages%2F3%2F3973883.jpg&w=640&q=90
Waxworks Citronella Patio Glass Jar Candle | 1 each,,8.0,,https://www.coles.com.au/_next/image?url=https%3A%2F%2Fcdn.productimages.coles.com.au%2Fproductimages%2F4%2F4735880.jpg&w=640&q=90
Cook & Dine Table Runner | 1 each,,8.0,,https://www.coles.com.au/_next/image?url=https%3A%2F%2Fcdn.productimages.coles.com.au%2Fproductimages%2F5%2F5578187.jpg&w=640&q=90
Ss Performance Lace 38 Solid White | 1 each,,8.0,,https://www.coles.com.au/_next/image?url=https%3A%2F%2Fcdn.productimages.coles.com.au%2Fproductimages%2F6%2F6542640.jpg&w=640&q=90
Sof Comfort Gel Heel Liner | 1 Pair,,7.8,,https://www.coles.com.au/_next/image?url=https%3A%2F%2Fcdn.productimages.coles.com.au%2Fproductimages%2F3%2F3807658.jpg&w=640&q=90
Sof Comfort Gel Heel Pad | 1 Pair,,7.8,,https://www.coles.com.au/_next/image?url=https%3A%2F%2Fcdn.productimages.coles.com.au%2Fproductimages%2F3%2F3807680.jpg&w=640&q=90
Sof Comfort Sneaker Balls | 1 Pair,,7.8,,https://www.coles.com.au/_next/image?url=https%3A%2F%2Fcdn.productimages.coles.com.au%2Fproductimages%2F3%2F3807760.jpg&w=640&q=90
Mirabella Globe Led Candle 5.5 Watt Pearl | 1 each,,7.25,,https://www.coles.com.au/_next/image?url=https%3A%2F%2Fcdn.productimages.coles.com.au%2Fproductimages%2F2%2F2790414.jpg&w=640&q=90
Mirabella Round Clear Es Globe Warm White Filament Led 2w 250 Lumens | 1 each,,7.25,,https://www.coles.com.au/_next/image?url=https%3A%2F%2Fcdn.productimages.coles.com.au%2Fproductimages%2F3%2F3633580.jpg&w=640&q=90
Cook & Dine Stoneware Teacup | 1 Each,,7.0,,https://www.coles.com.au/_next/image?url=https%3A%2F%2Fcdn.productimages.coles.com.au%2Fproductimages%2F1%2F1422197.jpg&w=640&q=90
Licensed Babyccino Cup 90ml | 1 Each,,7.0,,https://www.coles.com.au/_next/image?url=https%3A%2F%2Fcdn.productimages.coles.com.au%2Fproductimages%2F1%2F1506016.jpg&w=640&q=90
Cook & Dine Placemats | 2 Pack,,7.0,,https://www.coles.com.au/_next/image?url=https%3A%2F%2Fcdn.productimages.coles.com.au%2Fproductimages%2F5%2F5578245.jpg&w=640&q=90
Coles Kids Barrel Pencil Case | 1 Each,,6.5,,https://www.coles.com.au/_next/image?url=https%3A%2F%2Fcdn.productimages.coles.com.au%2Fproductimages%2F6%2F6578706.jpg&w=640&q=90
Cook & Dine Scalloped Teacup | 1 Each,,6.0,,https://www.coles.com.au/_next/image?url=https%3A%2F%2Fcdn.productimages.coles.com.au%2Fproductimages%2F1%2F1422153.jpg&w=640&q=90
Cook & Dine Textured Mug | 1 Each,,6.0,,https://www.coles.com.au/_next/image?url=https%3A%2F%2Fcdn.productimages.coles.com.au%2Fproductimages%2F1%2F1422164.jpg&w=640&q=90
Korbond 110084 Iron On Mender 3pk | 1 Each,,6.0,,https://www.coles.com.au/_next/image?url=https%3A%2F%2Fcdn.productimages.coles.com.au%2Fproductimages%2F5%2F5135594.jpg&w=640&q=90
Cook & Dine Porcelain Pasta Bowl | 2 Pack,,6.0,,https://www.coles.com.au/_next/image?url=https%3A%2F%2Fcdn.productimages.coles.com.au%2Fproductimages%2F7%2F7739710.jpg&w=640&q=90
Cook & Dine Porcelain Cereal Bowls | 2 Pack,,6.0,,https://www.coles.com.au/_next/image?url=https%3A%2F%2Fcdn.productimages.coles.com.au%2Fproductimages%2F7%2F7739764.jpg&w=640&q=90
Cook & Dine Hug Mug | 1 Each,,6.0,,https://www.coles.com.au/_next/image?url=https%3A%2F%2Fcdn.productimages.coles.com.au%2Fproductimages%2F7%2F7745676.jpg&w=640&q=90
Write And Wipe Flash Cards | 1 Each,,6.0,,https://www.coles.com.au/_next/image?url=https%3A%2F%2Fcdn.productimages.coles.com.au%2Fproductimages%2F8%2F8826853.jpg&w=640&q=90
Palm Party Clear Large Plate | 1 Each,,6.0,,https://www.coles.com.au/_next/image?url=https%3A%2F%2Fcdn.productimages.coles.com.au%2Fproductimages%2F9%2F9188592.jpg&w=640&q=90
Coles Reusable Wine Glass | 4 Pack,,6.0,,https://www.coles.com.au/_next/image?url=https%3A%2F%2Fcdn.productimages.coles.com.au%2Fproductimages%2F9%2F9407798.jpg&w=640&q=90
Korbond Craft Glue Pen | 1 Pack,,5.0,,https://www.coles.com.au/_next/image?url=https%3A%2F%2Fcdn.productimages.coles.com.au%2Fproductimages%2F3%2F3974230.jpg&w=640&q=90
Movember $5 Donation | 1 Each,,5.0,,https://www.coles.com.au/_next/image?url=https%3A%2F%2Fcdn.productimages.coles.com.au%2Fproductimages%2F4%2F4815710.jpg&w=640&q=90
Bic Cristal Fashion Pens | 8 Pack,,5.0,,https://www.coles.com.au/_next/image?url=https%3A%2F%2Fcdn.productimages.coles.com.au%2Fproductimages%2F7%2F7034248.jpg&w=640&q=90
Outdoor Life Weed Trimmer Line | 1 each,,5.0,,https://www.coles.com.au/_next/image?url=https%3A%2F%2Fcdn.productimages.coles.com.au%2Fproductimages%2F7%2F7839951.jpg&w=640&q=90
Times Up Mouse Trap Twin Pack | 2 Pack,,4.5,,https://www.coles.com.au/_next/image?url=https%3A%2F%2Fcdn.productimages.coles.com.au%2Fproductimages%2F2%2F2765698.jpg&w=640&q=90
Sofcomfort Oval Lace White 45 | 1 Pack,,4.4,,https://www.coles.com.au/_next/image?url=https%3A%2F%2Fcdn.productimages.coles.com.au%2Fproductimages%2F6%2F6524514.jpg&w=640&q=90
Korbond Iron On Mender Black | 1 each,,4.0,,https://www.coles.com.au/_next/image?url=https%3A%2F%2Fcdn.productimages.coles.com.au%2Fproductimages%2F5%2F5483502.jpg&w=640&q=90
Korbond White Iron On Menders | 1 each,,4.0,,https://www.coles.com.au/_next/image?url=https%3A%2F%2Fcdn.productimages.coles.com.au%2Fproductimages%2F5%2F5484163.jpg&w=640&q=90
Korbond Thread Selection Dark | 12 Pack,,3.8,,https://www.coles.com.au/_next/image?url=https%3A%2F%2Fcdn.productimages.coles.com.au%2Fproductimages%2F2%2F2407392.jpg&w=640&q=90
Korbond Pastel Thread Selection | 12 Pack,,3.8,,https://www.coles.com.au/_next/image?url=https%3A%2F%2Fcdn.productimages.coles.com.au%2Fproductimages%2F2%2F2407450.jpg&w=640&q=90
Coles Kids Stationery Set 5 Pieces | 1 Each,,3.5,,https://www.coles.com.au/_next/image?url=https%3A%2F%2Fcdn.productimages.coles.com.au%2Fproductimages%2F6%2F6578739.jpg&w=640&q=90
Armada BBQ Foil Trays Small 10 pack,5.5,,https://assets.woolworths.com.au/images/1005/714673.jpg?impolicy=wowsmkqiema&w=260&h=260,
Redheads Classic Bbq Briquettes 4kg,6.0,,https://assets.woolworths.com.au/images/1005/62557.jpg?impolicy=wowsmkqiema&w=260&h=260,
Grillworx Push Button Refillable Lighter 2 pack,7.5,,https://assets.woolworths.com.au/images/1005/172015.jpg?impolicy=wowsmkqiema&w=260&h=260,
Sistema Klip It Plus Rectangle Food Container 1L x 3 pack,7.85,,https://assets.woolworths.com.au/images/1005/107055.jpg?impolicy=wowsmkqiema&w=260&h=260,
Armada Melamine Plate Coastal each,2.0,,https://assets.woolworths.com.au/images/1005/6066363.jpg?impolicy=wowsmkqiema&w=260&h=260,
Armada Melamine Bowl Coastal each,1.75,,https://assets.woolworths.com.au/images/1005/6067572.jpg?impolicy=wowsmkqiema&w=260&h=260,
Armada Fruit Shaped Plate Assorted each,2.0,,https://assets.woolworths.com.au/images/1005/6066854.jpg?impolicy=wowsmkqiema&w=260&h=260,
Armada Embossed Tumbler each,2.0,,https://assets.woolworths.com.au/images/1005/6067089.jpg?impolicy=wowsmkqiema&w=260&h=260,
Decor Lunchbreak Icewall Brick Assorted 2 pack,4.0,,https://assets.woolworths.com.au/images/1005/495443.jpg?impolicy=wowsmkqiema&w=260&h=260,
MINT Clip Top Glass Jar Large each,3.5,,https://assets.woolworths.com.au/images/1005/6065309.jpg?impolicy=wowsmkqiema&w=260&h=260,
MINT Fruit Icy Cube Tray Assorted each,2.8,,https://assets.woolworths.com.au/images/1005/6066684.jpg?impolicy=wowsmkqiema&w=260&h=260,
Sistema Ultra Large Square Food Container 2.75L each,10.75,,https://assets.woolworths.com.au/images/1005/148277.jpg?impolicy=wowsmkqiema&w=260&h=260,
Armada Melamine Tumbler Coastal each,1.5,,https://assets.woolworths.com.au/images/1005/6066588.jpg?impolicy=wowsmkqiema&w=260&h=260,
MINT Printed Cocktail Skewers 50 pack,2.5,,https://assets.woolworths.com.au/images/1005/6065968.jpg?impolicy=wowsmkqiema&w=260&h=260,
MINT Clip Top Glass Jar Small each,2.8,,https://assets.woolworths.com.au/images/1005/6065308.jpg?impolicy=wowsmkqiema&w=260&h=260,
MINT Ice Cube Tray Set each,8.4,,https://assets.woolworths.com.au/images/1005/6067242.jpg?impolicy=wowsmkqiema&w=260&h=260,
Armada Melamine Salad Bowl Coastal each,4.75,,https://assets.woolworths.com.au/images/1005/6066685.jpg?impolicy=wowsmkqiema&w=260&h=260,
Armada Embossed Wine Glass each,3.15,,https://assets.woolworths.com.au/images/1005/6067237.jpg?impolicy=wowsmkqiema&w=260&h=260,
MINT 2 In 1 Oil Dispenser 450mL each,7.0,,https://assets.woolworths.com.au/images/1005/6065304.jpg?impolicy=wowsmkqiema&w=260&h=260,
MINT Baking Tray 26 x 18.5cm each,3.0,,https://assets.woolworths.com.au/images/1005/6067731.jpg?impolicy=wowsmkqiema&w=260&h=260,
4x4 Magazine each,12.95,,https://assets.woolworths.com.au/images/1005/213788.jpg?impolicy=wowsmkqiema&w=260&h=260,
Aboriginal Flag each,3.5,,https://assets.woolworths.com.au/images/1005/63416.jpg?impolicy=wowsmkqiema&w=260&h=260,
Adesso 2 Slice Toaster Assorted each,29.0,,https://assets.woolworths.com.au/images/1005/6051865.jpg?impolicy=wowsmkqiema&w=260&h=260,
Adesso 3l Slow Cooker Each,35.0,,https://assets.woolworths.com.au/images/1005/305092.jpg?impolicy=wowsmkqiema&w=260&h=260,
Adesso 5 Cup Rice Cooker each,30.0,,https://assets.woolworths.com.au/images/1005/6021418.jpg?impolicy=wowsmkqiema&w=260&h=260,
Adesso Citrus Juicer each,27.0,,https://assets.woolworths.com.au/images/1005/6051995.jpg?impolicy=wowsmkqiema&w=260&h=260,
Adesso Hand Mixer each,25.0,,https://assets.woolworths.com.au/images/1005/6052809.jpg?impolicy=wowsmkqiema&w=260&h=260,
Adesso Kettle 1.7L Assorted each,29.0,,https://assets.woolworths.com.au/images/1005/6052055.jpg?impolicy=wowsmkqiema&w=260&h=260,
Adesso Mini Chopper each,30.0,,https://assets.woolworths.com.au/images/1005/6052131.jpg?impolicy=wowsmkqiema&w=260&h=260,
Adesso Personal Blender each,35.0,,https://assets.woolworths.com.au/images/1005/6051999.jpg?impolicy=wowsmkqiema&w=260&h=260,
Adesso Stainless Steel 2 Slice Toaster each,35.0,,https://assets.woolworths.com.au/images/1005/6052851.jpg?impolicy=wowsmkqiema&w=260&h=260,
Adesso Stainless Steel Kettle 1.7L each,35.0,,https://assets.woolworths.com.au/images/1005/6052762.jpg?impolicy=wowsmkqiema&w=260&h=260,
Adesso Steam Iron each,25.0,,https://assets.woolworths.com.au/images/1005/236983.jpg?impolicy=wowsmkqiema&w=260&h=260,
Adesso Table Blender 1.5L each,45.0,,https://assets.woolworths.com.au/images/1005/6057332.jpg?impolicy=wowsmkqiema&w=260&h=260,
Allendale Statique Anti Static Clothing Spray 150mL,6.5,,https://assets.woolworths.com.au/images/1005/42687.jpg?impolicy=wowsmkqiema&w=260&h=260,
Arcosteel Saute Pan With Lid 30cm each,36.0,,https://assets.woolworths.com.au/images/1005/724713.jpg?impolicy=wowsmkqiema&w=260&h=260,
Arcosteel Stonehenge Cookware Frypan 26cm each,28.0,,https://assets.woolworths.com.au/images/1005/766954.jpg?impolicy=wowsmkqiema&w=260&h=260,
Arcosteel Stonehenge Cookware Frypan 30cm each,32.0,,https://assets.woolworths.com.au/images/1005/766955.jpg?impolicy=wowsmkqiema&w=260&h=260,
Arctic Zone 12 Can Zipperless Cooler each,20.0,,https://assets.woolworths.com.au/images/1005/477719.jpg?impolicy=wowsmkqiema&w=260&h=260,
Arctic Zone 24 Can Backpack Cooler each,30.0,,https://assets.woolworths.com.au/images/1005/946454.jpg?impolicy=wowsmkqiema&w=260&h=260,
Arctic Zone 25L Cooler Tote Assorted each,16.0,,https://assets.woolworths.com.au/images/1005/162447.jpg?impolicy=wowsmkqiema&w=260&h=260,
Arctic Zone Collapsible Cooler 24 Cans each,20.0,,https://assets.woolworths.com.au/images/1005/477722.jpg?impolicy=wowsmkqiema&w=260&h=260,
ARE Media Monthly Bundle Magazines each,16.99,,https://assets.woolworths.com.au/images/1005/119513.jpg?impolicy=wowsmkqiema&w=260&h=260,
Armada 1 Ply Serviettes White 100 pack,0.95,,https://assets.woolworths.com.au/images/1005/806128.jpg?impolicy=wowsmkqiema&w=260&h=260,
Armada 1 Ply Serviettes White 200 pack,1.89,,https://assets.woolworths.com.au/images/1005/6074138.jpg?impolicy=wowsmkqiema&w=260&h=260,
Armada Bamboo Chopsticks 20 pack,2.2,,https://assets.woolworths.com.au/images/1005/805881.jpg?impolicy=wowsmkqiema&w=260&h=260,
Armada BBQ Foil Tray Oval each,4.8,,https://assets.woolworths.com.au/images/1005/46473.jpg?impolicy=wowsmkqiema&w=260&h=260,
Armada BBQ Foil Trays Large 2 pack,6.0,,https://assets.woolworths.com.au/images/1005/269417.jpg?impolicy=wowsmkqiema&w=260&h=260,
Armada BBQ Foil Trays Medium 3 pack,2.5,,https://assets.woolworths.com.au/images/1005/75770.jpg?impolicy=wowsmkqiema&w=260&h=260,
Armada BBQ Foil Trays Mini 4 pack,2.25,,https://assets.woolworths.com.au/images/1005/165478.jpg?impolicy=wowsmkqiema&w=260&h=260,
Armada BBQ Foil Trays Small 4 pack,5.0,,https://assets.woolworths.com.au/images/1005/55498.jpg?impolicy=wowsmkqiema&w=260&h=260,
Armada BBQ Foil Trays With Clear Lids Medium 4 pack,6.0,,https://assets.woolworths.com.au/images/1005/789507.jpg?impolicy=wowsmkqiema&w=260&h=260,
Armada BBQ Foil Trays With Lids 2 pack,4.0,,https://assets.woolworths.com.au/images/1005/48112.jpg?impolicy=wowsmkqiema&w=260&h=260,
Armada Cocktail Serviettes White 2Ply 50 pack,1.8,,https://assets.woolworths.com.au/images/1005/852041.jpg?impolicy=wowsmkqiema&w=260&h=260,
Armada Cutlery Set Wooden Coloured Assorted 24 pack,1.8,,https://assets.woolworths.com.au/images/1005/6017876.jpg?impolicy=wowsmkqiema&w=260&h=260,
Armada Dinner Serviettes White 2 Ply 50 pack,4.5,,https://assets.woolworths.com.au/images/1005/790070.jpg?impolicy=wowsmkqiema&w=260&h=260,
Armada Drink Dispenser Blue each,6.0,,https://assets.woolworths.com.au/images/1005/6067031.jpg?impolicy=wowsmkqiema&w=260&h=260,
Armada Evergreen Sugarcane Pulp Bowls 20 pack,6.0,,https://assets.woolworths.com.au/images/1005/502329.jpg?impolicy=wowsmkqiema&w=260&h=260,
Armada Evergreen Sugarcane Pulp Cups 20 pack,4.0,,https://assets.woolworths.com.au/images/1005/502536.jpg?impolicy=wowsmkqiema&w=260&h=260,
Armada Evergreen Sugarcane Pulp Forks 20 pack,2.2,,https://assets.woolworths.com.au/images/1005/502328.jpg?impolicy=wowsmkqiema&w=260&h=260,
Armada Evergreen Sugarcane Pulp Knives 20 pack,2.2,,https://assets.woolworths.com.au/images/1005/502418.jpg?impolicy=wowsmkqiema&w=260&h=260,
Armada Evergreen Sugarcane Pulp Oval Plates 10 pack,4.0,,https://assets.woolworths.com.au/images/1005/502419.jpg?impolicy=wowsmkqiema&w=260&h=260,
Armada Evergreen Sugarcane Pulp Plates 20 pack,5.7,,https://assets.woolworths.com.au/images/1005/500618.jpg?impolicy=wowsmkqiema&w=260&h=260,
Armada Evergreen Sugarcane Pulp Serving Tray 2 pack,3.75,,https://assets.woolworths.com.au/images/1005/502327.jpg?impolicy=wowsmkqiema&w=260&h=260,
Armada Evergreen Sugarcane Pulp Side Plates 20 pack,5.0,,https://assets.woolworths.com.au/images/1005/502595.jpg?impolicy=wowsmkqiema&w=260&h=260,
Armada Evergreen Sugarcane Pulp Spoons 20 pack,2.2,,https://assets.woolworths.com.au/images/1005/502326.jpg?impolicy=wowsmkqiema&w=260&h=260,
Armada Foil Trays Containers With Lids 6 pack,2.5,,https://assets.woolworths.com.au/images/1005/915721.jpg?impolicy=wowsmkqiema&w=260&h=260,
Armada Ice Cream Cups Fairy 10 pack,3.0,,https://assets.woolworths.com.au/images/1005/6017853.jpg?impolicy=wowsmkqiema&w=260&h=260,
Armada Jug & Tumblers Set Green each,7.5,,https://assets.woolworths.com.au/images/1005/6066855.jpg?impolicy=wowsmkqiema&w=260&h=260,
Armada Jumbo Paper Straws Assorted 20 pack,3.5,,https://assets.woolworths.com.au/images/1005/96901.jpg?impolicy=wowsmkqiema&w=260&h=260,
Armada Medium Foil Roasting Tray With Handles each,4.5,,https://assets.woolworths.com.au/images/1005/360551.jpg?impolicy=wowsmkqiema&w=260&h=260,
Armada Paper Bowls Assorted 10 pack,3.0,,https://assets.woolworths.com.au/images/1005/806075.jpg?impolicy=wowsmkqiema&w=260&h=260,
Armada Paper Bowls Circus 10 pack,3.0,,https://assets.woolworths.com.au/images/1005/6017848.jpg?impolicy=wowsmkqiema&w=260&h=260,
Armada Paper Bowls Coloured Assorted 20 pack,4.0,,https://assets.woolworths.com.au/images/1005/806046.jpg?impolicy=wowsmkqiema&w=260&h=260,
Armada Paper Bowls Lemon 10 pack,3.0,,https://assets.woolworths.com.au/images/1005/6017844.jpg?impolicy=wowsmkqiema&w=260&h=260,
Armada Paper Bowls Ocean 10 pack,3.0,,https://assets.woolworths.com.au/images/1005/6017840.jpg?impolicy=wowsmkqiema&w=260&h=260,
Armada Paper Bowls White 50 pack,3.5,,https://assets.woolworths.com.au/images/1005/805761.jpg?impolicy=wowsmkqiema&w=260&h=260,
Armada Paper College Cups 20 pack,5.0,,https://assets.woolworths.com.au/images/1005/221697.jpg?impolicy=wowsmkqiema&w=260&h=260,
Armada Paper Cups 25 pack,3.2,,https://assets.woolworths.com.au/images/1005/221698.jpg?impolicy=wowsmkqiema&w=260&h=260,
Armada Paper Cups 40mls 50 pack,4.5,,https://assets.woolworths.com.au/images/1005/221694.jpg?impolicy=wowsmkqiema&w=260&h=260,
Armada Paper Cups 60 pack,5.0,,https://assets.woolworths.com.au/images/1005/806044.jpg?impolicy=wowsmkqiema&w=260&h=260,
Armada Paper Cups Assorted 10 pack,3.0,,https://assets.woolworths.com.au/images/1005/806076.jpg?impolicy=wowsmkqiema&w=260&h=260,
Armada Paper Cups Circus 10 pack,3.0,,https://assets.woolworths.com.au/images/1005/6017849.jpg?impolicy=wowsmkqiema&w=260&h=260,
Armada Paper Cups Coloured Assorted 20 pack,4.5,,https://assets.woolworths.com.au/images/1005/806049.jpg?impolicy=wowsmkqiema&w=260&h=260,
Armada Paper Cups Fairy 10 pack,3.0,,https://assets.woolworths.com.au/images/1005/6017854.jpg?impolicy=wowsmkqiema&w=260&h=260,
Armada Paper Cups Large 20 pack,3.5,,https://assets.woolworths.com.au/images/1005/221692.jpg?impolicy=wowsmkqiema&w=260&h=260,
Armada Paper Cups Lemon 10 pack,3.0,,https://assets.woolworths.com.au/images/1005/6017845.jpg?impolicy=wowsmkqiema&w=260&h=260,
Armada Paper Cups Ocean 10 pack,3.0,,https://assets.woolworths.com.au/images/1005/6017841.jpg?impolicy=wowsmkqiema&w=260&h=260,
Armada Paper Plates Assorted 10 pack,3.0,,https://assets.woolworths.com.au/images/1005/806074.jpg?impolicy=wowsmkqiema&w=260&h=260,
Armada Paper Plates Circus 10 pack,3.0,,https://assets.woolworths.com.au/images/1005/6017847.jpg?impolicy=wowsmkqiema&w=260&h=260,
Armada Paper Plates Coloured Assorted 20 pack,4.0,,https://assets.woolworths.com.au/images/1005/806048.jpg?impolicy=wowsmkqiema&w=260&h=260,
Armada Paper Plates Fairy 10 pack,3.0,,https://assets.woolworths.com.au/images/1005/6017852.jpg?impolicy=wowsmkqiema&w=260&h=260,
Armada Paper Plates Lemon 10 pack,3.0,,https://assets.woolworths.com.au/images/1005/6017843.jpg?impolicy=wowsmkqiema&w=260&h=260,
Armada Paper Plates Ocean 10 pack,3.0,,https://assets.woolworths.com.au/images/1005/6017739.jpg?impolicy=wowsmkqiema&w=260&h=260,
Armada Paper Plates White 50 pack,3.5,,https://assets.woolworths.com.au/images/1005/806129.jpg?impolicy=wowsmkqiema&w=260&h=260,
Armada Paper Side Plates Coloured Assorted 20 pack,3.0,,https://assets.woolworths.com.au/images/1005/806047.jpg?impolicy=wowsmkqiema&w=260&h=260,
Armada Paper Side Plates White 20 pack,1.5,,https://assets.woolworths.com.au/images/1005/806042.jpg?impolicy=wowsmkqiema&w=260&h=260,
Armada Paper Straws Assorted 20 pack,2.6,,https://assets.woolworths.com.au/images/1005/806077.jpg?impolicy=wowsmkqiema&w=260&h=260,
Armada Paper Straws Circus 20 pack,2.6,,https://assets.woolworths.com.au/images/1005/6017851.jpg?impolicy=wowsmkqiema&w=260&h=260,
Armada Paper Straws Fairy 20 pack,2.6,,https://assets.woolworths.com.au/images/1005/6017856.jpg?impolicy=wowsmkqiema&w=260&h=260,
Armada Paper Straws Striped 100 pack,4.0,,https://assets.woolworths.com.au/images/1005/698042.jpg?impolicy=wowsmkqiema&w=260&h=260,
Armada Paper Straws White 30 pack,1.2,,https://assets.woolworths.com.au/images/1005/806073.jpg?impolicy=wowsmkqiema&w=260&h=260,
Armada Picnic Box Set Blue each,11.2,,https://assets.woolworths.com.au/images/1005/6066362.jpg?impolicy=wowsmkqiema&w=260&h=260,
Armada Pineapple Tumbler With Straw Assorted each,3.15,,https://assets.woolworths.com.au/images/1005/6067573.jpg?impolicy=wowsmkqiema&w=260&h=260,
Armada Premium Paper Straws Floral 20 pack,3.0,,https://assets.woolworths.com.au/images/1005/6017857.jpg?impolicy=wowsmkqiema&w=260&h=260,
Armada Reusable Bondi Bowl Assorted each,2.5,,https://assets.woolworths.com.au/images/1005/6017874.jpg?impolicy=wowsmkqiema&w=260&h=260,
Armada Reusable Bondi Cup Assorted each,2.0,,https://assets.woolworths.com.au/images/1005/6017875.jpg?impolicy=wowsmkqiema&w=260&h=260,
Armada Reusable Bowls Assorted 6 pack,6.0,,https://assets.woolworths.com.au/images/1005/6017860.jpg?impolicy=wowsmkqiema&w=260&h=260,
Armada Reusable Cups 450mL Assorted 6 pack,6.0,,https://assets.woolworths.com.au/images/1005/6017863.jpg?impolicy=wowsmkqiema&w=260&h=260,
Armada Reusable Cutlery Set Assorted 18 pack,5.5,,https://assets.woolworths.com.au/images/1005/6017859.jpg?impolicy=wowsmkqiema&w=260&h=260,
Armada Reusable Large Oval Platter Assorted each,4.0,,https://assets.woolworths.com.au/images/1005/6017867.jpg?impolicy=wowsmkqiema&w=260&h=260,
Armada Reusable Large Round Bowl Assorted each,4.0,,https://assets.woolworths.com.au/images/1005/6017865.jpg?impolicy=wowsmkqiema&w=260&h=260,
Armada Reusable Large Square Platter Assorted each,4.0,,https://assets.woolworths.com.au/images/1005/6017866.jpg?impolicy=wowsmkqiema&w=260&h=260,
Armada Reusable Nesting Bowls Set 2 pack,12.0,,https://assets.woolworths.com.au/images/1005/6017872.jpg?impolicy=wowsmkqiema&w=260&h=260,
Armada Reusable Picnic Jug Assorted each,8.5,,https://assets.woolworths.com.au/images/1005/6017870.jpg?impolicy=wowsmkqiema&w=260&h=260,
Armada Reusable Picnic Set Assorted each,10.0,,https://assets.woolworths.com.au/images/1005/6017864.jpg?impolicy=wowsmkqiema&w=260&h=260,
Armada Reusable Plate each,2.5,,https://assets.woolworths.com.au/images/1005/6017873.jpg?impolicy=wowsmkqiema&w=260&h=260,
Armada Reusable Plates Assorted 6 pack,6.0,,https://assets.woolworths.com.au/images/1005/6017862.jpg?impolicy=wowsmkqiema&w=260&h=260,
Armada Reusable Serveware Cutlery Set Assorted each,3.0,,https://assets.woolworths.com.au/images/1005/6017868.jpg?impolicy=wowsmkqiema&w=260&h=260,
Armada Reusable Side Plates Assorted 6 pack,5.0,,https://assets.woolworths.com.au/images/1005/6017861.jpg?impolicy=wowsmkqiema&w=260&h=260,
Armada Reusable Stemless Wine Glass each,4.0,,https://assets.woolworths.com.au/images/1005/6017871.jpg?impolicy=wowsmkqiema&w=260&h=260,
Armada Reusable Tumbler With Straw Assorted each,4.5,,https://assets.woolworths.com.au/images/1005/6017869.jpg?impolicy=wowsmkqiema&w=260&h=260,
Armada Scented Candle 30 pack,6.0,,https://assets.woolworths.com.au/images/1005/32650.jpg?impolicy=wowsmkqiema&w=260&h=260,
Armada Serviettes Assorted 20 pack,3.0,,https://assets.woolworths.com.au/images/1005/806078.jpg?impolicy=wowsmkqiema&w=260&h=260,
Armada Serviettes Circus 20 pack,3.0,,https://assets.woolworths.com.au/images/1005/6017850.jpg?impolicy=wowsmkqiema&w=260&h=260,
Armada Serviettes Coloured Assorted 50 pack,2.5,,https://assets.woolworths.com.au/images/1005/858561.jpg?impolicy=wowsmkqiema&w=260&h=260,
Armada Serviettes Fairy 20 pack,3.0,,https://assets.woolworths.com.au/images/1005/6017855.jpg?impolicy=wowsmkqiema&w=260&h=260,
Armada Serviettes Lemon 20 pack,3.0,,https://assets.woolworths.com.au/images/1005/6017846.jpg?impolicy=wowsmkqiema&w=260&h=260,
Armada Serviettes Ocean 20 pack,3.0,,https://assets.woolworths.com.au/images/1005/6017842.jpg?impolicy=wowsmkqiema&w=260&h=260,
Armada Table Cover Fancy Assorted each,4.5,,https://assets.woolworths.com.au/images/1005/6017738.jpg?impolicy=wowsmkqiema&w=260&h=260,
Armada Table Cover Plain each,3.5,,https://assets.woolworths.com.au/images/1005/291486.jpg?impolicy=wowsmkqiema&w=260&h=260,
Armada Thick Premium Serviettes Floral 20 pack,4.0,,https://assets.woolworths.com.au/images/1005/6017858.jpg?impolicy=wowsmkqiema&w=260&h=260,
Armada Two Tone Bowl each,3.0,,https://assets.woolworths.com.au/images/1005/6069294.jpg?impolicy=wowsmkqiema&w=260&h=260,
Armada Two Tone Cup each,3.0,,https://assets.woolworths.com.au/images/1005/6067974.jpg?impolicy=wowsmkqiema&w=260&h=260,
Armada Two Tone Plate each,3.0,,https://assets.woolworths.com.au/images/1005/6068259.jpg?impolicy=wowsmkqiema&w=260&h=260,
Armada Wooden Cutlery Set 12 pack,1.7,,https://assets.woolworths.com.au/images/1005/804548.jpg?impolicy=wowsmkqiema&w=260&h=260,
Armada Wooden Forks 50 pack,2.7,,https://assets.woolworths.com.au/images/1005/804549.jpg?impolicy=wowsmkqiema&w=260&h=260,
Armada Wooden Knives 50 pack,2.7,,https://assets.woolworths.com.au/images/1005/804551.jpg?impolicy=wowsmkqiema&w=260&h=260,
Armada Wooden Spoons 50 pack,2.7,,https://assets.woolworths.com.au/images/1005/804550.jpg?impolicy=wowsmkqiema&w=260&h=260,
Artline 200 Fineline Pen Black 0.4Mm 2 pack,7.6,,https://assets.woolworths.com.au/images/1005/213680.jpg?impolicy=wowsmkqiema&w=260&h=260,
Artline 210 Fineline Pen 2 pack,7.8,,https://assets.woolworths.com.au/images/1005/6054564.jpg?impolicy=wowsmkqiema&w=260&h=260,
Artline Permanent Marker 70 Black 2 pack,10.5,,https://assets.woolworths.com.au/images/1005/213895.jpg?impolicy=wowsmkqiema&w=260&h=260,
Artline Permanent Marker 700 Black 2 pack,6.3,,https://assets.woolworths.com.au/images/1005/213682.jpg?impolicy=wowsmkqiema&w=260&h=260,
Artline Permanent Marker Black 90mm 2 pack,10.5,,https://assets.woolworths.com.au/images/1005/213896.jpg?impolicy=wowsmkqiema&w=260&h=260,
Artline Supreme Highlighter 3 pack,3.75,,https://assets.woolworths.com.au/images/1005/238314.jpg?impolicy=wowsmkqiema&w=260&h=260,
Asena Universal Gaming Headset With Boom Mic each,45.0,,https://assets.woolworths.com.au/images/1005/238392.jpg?impolicy=wowsmkqiema&w=260&h=260,
Asena Wired Gaming Mouse Rainbow LED each,17.5,,https://assets.woolworths.com.au/images/1005/240008.jpg?impolicy=wowsmkqiema&w=260&h=260,
Australian Geographic Magazine each,17.99,,https://assets.woolworths.com.au/images/1005/493416.jpg?impolicy=wowsmkqiema&w=260&h=260,
Australian National Flag each,3.5,,https://assets.woolworths.com.au/images/1005/918188.jpg?impolicy=wowsmkqiema&w=260&h=260,
Australian Women's Weekly Cookbook Series each,14.99,,https://assets.woolworths.com.au/images/1005/823107.jpg?impolicy=wowsmkqiema&w=260&h=260,
Australian Women's Weekly Magazine each,9.2,,https://assets.woolworths.com.au/images/1005/47986.jpg?impolicy=wowsmkqiema&w=260&h=260,
Australian Women's Weekly Puzzler Magazine each,10.99,,https://assets.woolworths.com.au/images/1005/713731.jpg?impolicy=wowsmkqiema&w=260&h=260,
B.Box Insulated Drink Bottle Assorted 500mL each,36.0,,https://assets.woolworths.com.au/images/1005/217160.jpg?impolicy=wowsmkqiema&w=260&h=260,
B.Box Lunchbox Assorted each,33.0,,https://assets.woolworths.com.au/images/1005/159216.jpg?impolicy=wowsmkqiema&w=260&h=260,
B.Box Mini Lunchbox Assorted each,26.0,,https://assets.woolworths.com.au/images/1005/311082.jpg?impolicy=wowsmkqiema&w=260&h=260,
B.Box Snack Lunch Box Assorted each,16.0,,https://assets.woolworths.com.au/images/1005/147349.jpg?impolicy=wowsmkqiema&w=260&h=260,
B.Box Snack Tubs Assorted 3 pack,13.0,,https://assets.woolworths.com.au/images/1005/919301.jpg?impolicy=wowsmkqiema&w=260&h=260,
B.Box Tritan Drink Sipper Bottle Assorted 600mL each,18.2,,https://assets.woolworths.com.au/images/1005/147577.jpg?impolicy=wowsmkqiema&w=260&h=260,
Barbie Glitz Doll each,11.0,,https://assets.woolworths.com.au/images/1005/747140.jpg?impolicy=wowsmkqiema&w=260&h=260,
Belle Magazine each,12.99,,https://assets.woolworths.com.au/images/1005/103905.jpg?impolicy=wowsmkqiema&w=260&h=260,
Better Homes & Gardens Magazine each,9.2,,https://assets.woolworths.com.au/images/1005/12756.jpg?impolicy=wowsmkqiema&w=260&h=260,
Better Homes & Gardens Puzzle Book each,10.99,,https://assets.woolworths.com.au/images/1005/10908.jpg?impolicy=wowsmkqiema&w=260&h=260,
BFF Best Furry Friends Mystery Toy Assorted each,4.0,,https://assets.woolworths.com.au/images/1005/670592.jpg?impolicy=wowsmkqiema&w=260&h=260,
BIC 4 Colour Retractable Ball Pen Grip 2 pack,8.5,,https://assets.woolworths.com.au/images/1005/909228.jpg?impolicy=wowsmkqiema&w=260&h=260,
BIC 4 Colour Retractable Ball Pen Original 3 pack,10.0,,https://assets.woolworths.com.au/images/1005/743583.jpg?impolicy=wowsmkqiema&w=260&h=260,
BIC 4 Colour Retractable Ball Pen Original each,2.8,,https://assets.woolworths.com.au/images/1005/15779.jpg?impolicy=wowsmkqiema&w=260&h=260,
BIC 4 Colour Retractable Ball Pen Shine 3 pack,11.5,,https://assets.woolworths.com.au/images/1005/541263.jpg?impolicy=wowsmkqiema&w=260&h=260,
BIC 4 Colours Limited Edition 3 pack,11.5,,https://assets.woolworths.com.au/images/1005/175614.jpg?impolicy=wowsmkqiema&w=260&h=260,
BIC 4 Colours Pens Pastel 3 pack,11.5,,https://assets.woolworths.com.au/images/1005/6020311.jpg?impolicy=wowsmkqiema&w=260&h=260,
BIC BiC Kids Coloured Felt Pens 18 pack,6.65,,https://assets.woolworths.com.au/images/1005/516753.jpg?impolicy=wowsmkqiema&w=260&h=260,
BIC Cristal Original Ballpoint Pen Assorted Colours 10 pack,4.4,,https://assets.woolworths.com.au/images/1005/19102.jpg?impolicy=wowsmkqiema&w=260&h=260,
BIC Kids Colour & Erase Markers 12 pack,5.35,,https://assets.woolworths.com.au/images/1005/763208.jpg?impolicy=wowsmkqiema&w=260&h=260,
BIC Kids Erasable Colouring Pencils 12 pack,6.15,,https://assets.woolworths.com.au/images/1005/121448.jpg?impolicy=wowsmkqiema&w=260&h=260,
BIC Kids Jumbo Triangle Crayons 12 pack,5.5,,https://assets.woolworths.com.au/images/1005/527268.jpg?impolicy=wowsmkqiema&w=260&h=260,
BIC Velleda 1701 Whiteboard Markers Large 4 pack,7.3,,https://assets.woolworths.com.au/images/1005/232709.jpg?impolicy=wowsmkqiema&w=260&h=260,
Billie Midway Bottle Assorted 828mL each,7.0,,https://assets.woolworths.com.au/images/1005/6025721.jpg?impolicy=wowsmkqiema&w=260&h=260,
BioPak Art Series Double Wall Coffee Cups & Lids 390mL 8 pack,5.5,,https://assets.woolworths.com.au/images/1005/6029076.jpg?impolicy=wowsmkqiema&w=260&h=260,
BioPak Art Series Paper Cups 280mL 10 pack,3.2,,https://assets.woolworths.com.au/images/1005/6031910.jpg?impolicy=wowsmkqiema&w=260&h=260,
BioPak BBQ Plates 10 pack,7.0,,https://assets.woolworths.com.au/images/1005/303996.jpg?impolicy=wowsmkqiema&w=260&h=260,
BioPak Dinner Plates 23cm 20 pack,6.0,,https://assets.woolworths.com.au/images/1005/301147.jpg?impolicy=wowsmkqiema&w=260&h=260,
BioPak Lunch Paper Napkins 100 pack,5.0,,https://assets.woolworths.com.au/images/1005/161524.jpg?impolicy=wowsmkqiema&w=260&h=260,
BioPak Paper Straws 40 pack,2.5,,https://assets.woolworths.com.au/images/1005/110523.jpg?impolicy=wowsmkqiema&w=260&h=260,
BioPak Party Paper Cups 510mL Assorted 20 pack,8.0,,https://assets.woolworths.com.au/images/1005/915508.jpg?impolicy=wowsmkqiema&w=260&h=260,
BioPak Plant Fibre Bowls 20 pack,6.0,,https://assets.woolworths.com.au/images/1005/297009.jpg?impolicy=wowsmkqiema&w=260&h=260,
BioPak Side Plates 18cm 20 pack,4.0,,https://assets.woolworths.com.au/images/1005/305605.jpg?impolicy=wowsmkqiema&w=260&h=260,
BioPak Wooden Cutlery With Napkin Set each,0.75,,https://assets.woolworths.com.au/images/1005/140703.jpg?impolicy=wowsmkqiema&w=260&h=260,
BioPak Wooden Forks 10 pack,2.0,,https://assets.woolworths.com.au/images/1005/161722.jpg?impolicy=wowsmkqiema&w=260&h=260,
BioPak Wooden Knives 10 pack,2.0,,https://assets.woolworths.com.au/images/1005/161716.jpg?impolicy=wowsmkqiema&w=260&h=260,
BioPak Wooden Spoons 10 pack,2.0,,https://assets.woolworths.com.au/images/1005/160117.jpg?impolicy=wowsmkqiema&w=260&h=260,
Bite Shield Mosquito Coils 10 pack,12.0,,https://assets.woolworths.com.au/images/1005/103295.jpg?impolicy=wowsmkqiema&w=260&h=260,
Bite Shield Mosquito Sticks 6 pack,8.0,,https://assets.woolworths.com.au/images/1005/103292.jpg?impolicy=wowsmkqiema&w=260&h=260,
Blue Orange Games Taco Cat Goat Cheese Pizza Card each,15.0,,https://assets.woolworths.com.au/images/1005/209023.jpg?impolicy=wowsmkqiema&w=260&h=260,
Bluey Magazine each,6.7,,https://assets.woolworths.com.au/images/1005/90703.jpg?impolicy=wowsmkqiema&w=260&h=260,
Bluey Plush Toy Assorted each,16.0,,https://assets.woolworths.com.au/images/1005/62685.jpg?impolicy=wowsmkqiema&w=260&h=260,
Bonbon Ceramic Strawberry Bowl each,5.0,,https://assets.woolworths.com.au/images/1005/6067752.jpg?impolicy=wowsmkqiema&w=260&h=260,
Bonbon Ceramic Strawberry Plate each,5.0,,https://assets.woolworths.com.au/images/1005/6067758.jpg?impolicy=wowsmkqiema&w=260&h=260,
Bonbon Cutlery Set 16 pack,12.5,,https://assets.woolworths.com.au/images/1005/6067753.jpg?impolicy=wowsmkqiema&w=260&h=260,
Bonbon Kitchen Timer Assorted each,8.0,,https://assets.woolworths.com.au/images/1005/6067742.jpg?impolicy=wowsmkqiema&w=260&h=260,
Bonbon Melamine Outdoor Dining Set 5 pack,5.0,,https://assets.woolworths.com.au/images/1005/6067755.jpg?impolicy=wowsmkqiema&w=260&h=260,
Bonbon Novelty Clip Assorted 2 pack,4.0,,https://assets.woolworths.com.au/images/1005/6067757.jpg?impolicy=wowsmkqiema&w=260&h=260,
Bonbon Pineapple Ceramic Bowl each,4.0,,https://assets.woolworths.com.au/images/1005/6068525.jpg?impolicy=wowsmkqiema&w=260&h=260,
Bonbon Pineapple Ceramic Bowl Large each,5.0,,https://assets.woolworths.com.au/images/1005/6067754.jpg?impolicy=wowsmkqiema&w=260&h=260,
Bonbon Pineapple Ceramic Plate each,5.0,,https://assets.woolworths.com.au/images/1005/6067748.jpg?impolicy=wowsmkqiema&w=260&h=260,
Bonbon Salt & Pepper Mill Set 2 pack,5.0,,https://assets.woolworths.com.au/images/1005/6067756.jpg?impolicy=wowsmkqiema&w=260&h=260,
Bonds Boys Briefs Size 12-14 or 14-16 Assorted 4 pack,9.5,,https://assets.woolworths.com.au/images/1005/17876.jpg?impolicy=wowsmkqiema&w=260&h=260,
Bonds Boys Briefs Size 4-6 Or 6-8 Assorted 4 pack,9.5,,https://assets.woolworths.com.au/images/1005/58683.jpg?impolicy=wowsmkqiema&w=260&h=260,
Bonds Boys Briefs Size 8-10 or 10-12 Assorted 4 pack,9.5,,https://assets.woolworths.com.au/images/1005/17858.jpg?impolicy=wowsmkqiema&w=260&h=260,
Bonds Boys Underwear Trunks Size 12-14 Or 14-16 Assorted 3 pack,9.5,,https://assets.woolworths.com.au/images/1005/756261.jpg?impolicy=wowsmkqiema&w=260&h=260,
Bonds Boys Underwear Trunks Size 4-6 Or 6-8 Assorted 3 pack,9.5,,https://assets.woolworths.com.au/images/1005/659826.jpg?impolicy=wowsmkqiema&w=260&h=260,
Bonds Boys Underwear Trunks Size 8-10 Or 10-12 Assorted 3 pack,9.5,,https://assets.woolworths.com.au/images/1005/756216.jpg?impolicy=wowsmkqiema&w=260&h=260,
Bonds Comfy Opaque Tights 70D Black L/XL each,6.5,,https://assets.woolworths.com.au/images/1005/110293.jpg?impolicy=wowsmkqiema&w=260&h=260,
Bonds Comfy Tops Fleecy Tights Black Tl-Xt each,11.0,,https://assets.woolworths.com.au/images/1005/829049.jpg?impolicy=wowsmkqiema&w=260&h=260,
Bonds Comfy Tops Opaque Tights Black Med-Lge each,6.5,,https://assets.woolworths.com.au/images/1005/751437.jpg?impolicy=wowsmkqiema&w=260&h=260,
Bonds Comfy Tops Opaque Tights Black Sml-Med each,6.5,,https://assets.woolworths.com.au/images/1005/751436.jpg?impolicy=wowsmkqiema&w=260&h=260,
Bonds Comfy Tops Semi Opaque Knee High Black 1 Size each,3.0,,https://assets.woolworths.com.au/images/1005/828610.jpg?impolicy=wowsmkqiema&w=260&h=260,
Bonds Comfy Tops Semi Opaque Knee High Nude 1 Size each,3.0,,https://assets.woolworths.com.au/images/1005/828655.jpg?impolicy=wowsmkqiema&w=260&h=260,
Bonds Comfy Tops Semi Opaque Tights Black Med-Lge each,5.0,,https://assets.woolworths.com.au/images/1005/828671.jpg?impolicy=wowsmkqiema&w=260&h=260,
Bonds Comfy Tops Semi Opaque Tights Black Sml-Med each,5.0,,https://assets.woolworths.com.au/images/1005/828673.jpg?impolicy=wowsmkqiema&w=260&h=260,
Bonds Comfy Tops Slimming Sheer Tights Black Lge each,4.5,,https://assets.woolworths.com.au/images/1005/828720.jpg?impolicy=wowsmkqiema&w=260&h=260,
Bonds Comfy Tops Slimming Sheer Tights Black Med each,4.5,,https://assets.woolworths.com.au/images/1005/828724.jpg?impolicy=wowsmkqiema&w=260&h=260,
Bonds Comfy Tops Slimming Sheer Tights Black Sml each,4.5,,https://assets.woolworths.com.au/images/1005/828726.jpg?impolicy=wowsmkqiema&w=260&h=260,
Bonds Comfy Tops Slimming Sheer Tights Black XL each,4.5,,https://assets.woolworths.com.au/images/1005/108175.jpg?impolicy=wowsmkqiema&w=260&h=260,
Bonds Comfy Tops Very Opaque Tights Black Med-Lge each,7.5,,https://assets.woolworths.com.au/images/1005/828683.jpg?impolicy=wowsmkqiema&w=260&h=260,
Bonds Comfy Tops Very Opaque Tights Black Sml-Med each,7.5,,https://assets.woolworths.com.au/images/1005/828686.jpg?impolicy=wowsmkqiema&w=260&h=260,
Bonds Comfy Very Opaque Tights 120D Lg/XL each,7.5,,https://assets.woolworths.com.au/images/1005/27666.jpg?impolicy=wowsmkqiema&w=260&h=260,
Bonds Explorer Socks Mens Black Size 11-14 each,8.0,,https://assets.woolworths.com.au/images/1005/358119.jpg?impolicy=wowsmkqiema&w=260&h=260,
Bonds Explorer Socks Mens Black Size 6-10 each,8.0,,https://assets.woolworths.com.au/images/1005/56134.jpg?impolicy=wowsmkqiema&w=260&h=260,
Bonds Explorer Socks Mens Navy Size 11-14 each,8.0,,https://assets.woolworths.com.au/images/1005/357765.jpg?impolicy=wowsmkqiema&w=260&h=260,
Bonds Explorer Socks Mens Navy Size 6-10 each,8.0,,https://assets.woolworths.com.au/images/1005/356187.jpg?impolicy=wowsmkqiema&w=260&h=260,
Bonds Fashion Skinny Leggings 150D L/XL each,11.0,,https://assets.woolworths.com.au/images/1005/108773.jpg?impolicy=wowsmkqiema&w=260&h=260,
Bonds Fashion Skinny Legs Medium/ Large each,11.0,,https://assets.woolworths.com.au/images/1005/109300.jpg?impolicy=wowsmkqiema&w=260&h=260,
Bonds Flex Leggings Black Large/Extra Large each,12.0,,https://assets.woolworths.com.au/images/1005/162730.jpg?impolicy=wowsmkqiema&w=260&h=260,
Bonds Flex Leggings Black Medium- Large each,12.0,,https://assets.woolworths.com.au/images/1005/162569.jpg?impolicy=wowsmkqiema&w=260&h=260,
Bonds Girls Underwear Bikini Briefs Size 12-14 Or 14-16 Assorted 4 pack,9.5,,https://assets.woolworths.com.au/images/1005/756215.jpg?impolicy=wowsmkqiema&w=260&h=260,
Bonds Girls Underwear Bikini Briefs Size 4-6 Or 6-8 Assorted 4 pack,9.5,,https://assets.woolworths.com.au/images/1005/660263.jpg?impolicy=wowsmkqiema&w=260&h=260,
Bonds Girls Underwear Bikini Briefs Size 8-10 Or 10-12 Assorted 4 pack,9.5,,https://assets.woolworths.com.au/images/1005/756234.jpg?impolicy=wowsmkqiema&w=260&h=260,
Bonds Insta Tan Slim Sheer Tights Medium Brown Size L each,4.5,,https://assets.woolworths.com.au/images/1005/431228.jpg?impolicy=wowsmkqiema&w=260&h=260,
Bonds Insta Tan Slim Sheer Tights Medium Brown Size M each,4.5,,https://assets.woolworths.com.au/images/1005/431232.jpg?impolicy=wowsmkqiema&w=260&h=260,
Bonds Insta Tan Slim Sheer Tights Medium Brown Size XL each,4.5,,https://assets.woolworths.com.au/images/1005/108626.jpg?impolicy=wowsmkqiema&w=260&h=260,
Bonds Insta Tan Slimming Sheer Tights Light XL each,4.5,,https://assets.woolworths.com.au/images/1005/108200.jpg?impolicy=wowsmkqiema&w=260&h=260,
Bonds Instatan Sheer Stockings Slim Tight Light Brown Large each,4.5,,https://assets.woolworths.com.au/images/1005/431221.jpg?impolicy=wowsmkqiema&w=260&h=260,
Bonds Instatan Sheer Stockings Slim Tight Light Brown Medium each,4.5,,https://assets.woolworths.com.au/images/1005/431197.jpg?impolicy=wowsmkqiema&w=260&h=260,
Bonds Instatan Sheer Stockings Slim Tight Light Brown Small each,4.5,,https://assets.woolworths.com.au/images/1005/431186.jpg?impolicy=wowsmkqiema&w=260&h=260,
Bonds Kids Chesty Bond Size 12-14 2 pack,7.5,,https://assets.woolworths.com.au/images/1005/909229.jpg?impolicy=wowsmkqiema&w=260&h=260,
Bonds Kids Chesty Bond Size 8-10 2 pack,7.5,,https://assets.woolworths.com.au/images/1005/909782.jpg?impolicy=wowsmkqiema&w=260&h=260,
Bonds Kids Low Cut Socks Size 13-3 Assorted 3 pack,7.0,,https://assets.woolworths.com.au/images/1005/253625.jpg?impolicy=wowsmkqiema&w=260&h=260,
Bonds Kids Low Cut Socks Size 3-8 Assorted 3 pack,7.0,,https://assets.woolworths.com.au/images/1005/384682.jpg?impolicy=wowsmkqiema&w=260&h=260,
Bonds Kids Performance Crop Size 10-12 Assorted each,9.5,,https://assets.woolworths.com.au/images/1005/231241.jpg?impolicy=wowsmkqiema&w=260&h=260,
Bonds Kids Performance Crop Size 12-14 Assorted each,9.5,,https://assets.woolworths.com.au/images/1005/231596.jpg?impolicy=wowsmkqiema&w=260&h=260,
Bonds Kids Sport 1/4 Socks Size 13-3 Assorted 3 pack,7.0,,https://assets.woolworths.com.au/images/1005/282581.jpg?impolicy=wowsmkqiema&w=260&h=260,
Bonds Kids Sport 1/4 Socks Size 2-8 Assorted 3 pack,7.0,,https://assets.woolworths.com.au/images/1005/384681.jpg?impolicy=wowsmkqiema&w=260&h=260,
Bonds Kids Sport 1/4 Socks Size 9-12 Assorted 3 pack,7.0,,https://assets.woolworths.com.au/images/1005/282583.jpg?impolicy=wowsmkqiema&w=260&h=260,
Bonds Ladies Comfy Crop Size L Assorted each,9.0,,https://assets.woolworths.com.au/images/1005/17508.jpg?impolicy=wowsmkqiema&w=260&h=260,
Bonds Ladies Comfy Crop Size M Assorted each,9.0,,https://assets.woolworths.com.au/images/1005/17481.jpg?impolicy=wowsmkqiema&w=260&h=260,
Bonds Ladies Comfy Crop Size S Assorted each,9.0,,https://assets.woolworths.com.au/images/1005/17504.jpg?impolicy=wowsmkqiema&w=260&h=260,
Bonds Ladies Comfy Crop Size XL Assorted each,9.0,,https://assets.woolworths.com.au/images/1005/17480.jpg?impolicy=wowsmkqiema&w=260&h=260,
Bonds Ladies Cottontails Underwear Size 12 Assorted 2 pack,8.5,,https://assets.woolworths.com.au/images/1005/24456.jpg?impolicy=wowsmkqiema&w=260&h=260,
Bonds Ladies Cottontails Underwear Size 14 Assorted 2 pack,8.5,,https://assets.woolworths.com.au/images/1005/24458.jpg?impolicy=wowsmkqiema&w=260&h=260,
Bonds Ladies Cottontails Underwear Size 16 Assorted 2 pack,8.5,,https://assets.woolworths.com.au/images/1005/24459.jpg?impolicy=wowsmkqiema&w=260&h=260,
Bonds Ladies Cottontails Underwear Size 18 Assorted 2 pack,8.5,,https://assets.woolworths.com.au/images/1005/24460.jpg?impolicy=wowsmkqiema&w=260&h=260,
Bonds Ladies Cottontails Underwear Size 20 Assorted 2 pack,8.5,,https://assets.woolworths.com.au/images/1005/24463.jpg?impolicy=wowsmkqiema&w=260&h=260,
Bonds Ladies Cottontails Underwear Size 22 Assorted 2 pack,8.5,,https://assets.woolworths.com.au/images/1005/24465.jpg?impolicy=wowsmkqiema&w=260&h=260,
Bonds Ladies Cushioned 1/4 Crew Socks Size 3-8 Assorted 3 pack,8.0,,https://assets.woolworths.com.au/images/1005/282756.jpg?impolicy=wowsmkqiema&w=260&h=260,
Bonds Ladies Hipster Bikini Size 10 Assorted 2 pack,12.0,,https://assets.woolworths.com.au/images/1005/108413.jpg?impolicy=wowsmkqiema&w=260&h=260,
Bonds Ladies Hipster Bikini Size 12 Assorted 2 pack,12.0,,https://assets.woolworths.com.au/images/1005/108349.jpg?impolicy=wowsmkqiema&w=260&h=260,
Bonds Ladies Hipster Bikini Size 14 Assorted 2 pack,12.0,,https://assets.woolworths.com.au/images/1005/108462.jpg?impolicy=wowsmkqiema&w=260&h=260,
Bonds Ladies Hipster Bikini Size 16 Assorted 2 pack,12.0,,https://assets.woolworths.com.au/images/1005/108432.jpg?impolicy=wowsmkqiema&w=260&h=260,
Bonds Ladies Hipster Bikini Size 8 Assorted 2 pack,12.0,,https://assets.woolworths.com.au/images/1005/107711.jpg?impolicy=wowsmkqiema&w=260&h=260,
Bonds Ladies Hipster Boyleg Size 10 Assorted 2 pack,12.0,,https://assets.woolworths.com.au/images/1005/106530.jpg?impolicy=wowsmkqiema&w=260&h=260,
Bonds Ladies Hipster Boyleg Size 12 Assorted 2 pack,12.0,,https://assets.woolworths.com.au/images/1005/106438.jpg?impolicy=wowsmkqiema&w=260&h=260,
Bonds Ladies Hipster Boyleg Size 14 Assorted 2 pack,12.0,,https://assets.woolworths.com.au/images/1005/106531.jpg?impolicy=wowsmkqiema&w=260&h=260,
Bonds Ladies Hipster Boyleg Size 16 Assorted 2 pack,12.0,,https://assets.woolworths.com.au/images/1005/108392.jpg?impolicy=wowsmkqiema&w=260&h=260,
Bonds Ladies Lightweight 1/4 Crew Socks Size 2-8 Assorted 4 pack,8.0,,https://assets.woolworths.com.au/images/1005/909757.jpg?impolicy=wowsmkqiema&w=260&h=260,
Bonds Ladies Lightweight 1/4 Crew Socks Size 8+ Assorted 4 pack,8.0,,https://assets.woolworths.com.au/images/1005/909793.jpg?impolicy=wowsmkqiema&w=260&h=260,
Bonds Ladies Lightweight No Show Socks Size 2-8 Assorted 4 pack,8.0,,https://assets.woolworths.com.au/images/1005/511530.jpg?impolicy=wowsmkqiema&w=260&h=260,
Bonds Ladies Lightweight No Show Socks Size 8-11 Assorted 4 pack,8.0,,https://assets.woolworths.com.au/images/1005/511499.jpg?impolicy=wowsmkqiema&w=260&h=260,
Bonds Ladies Lightweight Sneaker Socks Size 3-8 Assorted 4 pack,8.0,,https://assets.woolworths.com.au/images/1005/660316.jpg?impolicy=wowsmkqiema&w=260&h=260,
Bonds Ladies Lightweight Sneaker Socks Size 8-11 Assorted 4 pack,8.0,,https://assets.woolworths.com.au/images/1005/660320.jpg?impolicy=wowsmkqiema&w=260&h=260,
Bonds Ladies Low Cut Everyday Socks Size 8-11 Assorted 4 pack,10.0,,https://assets.woolworths.com.au/images/1005/909275.jpg?impolicy=wowsmkqiema&w=260&h=260,
Bonds Ladies Low Cut Socks Size 3-8 Assorted 3 pack,8.0,,https://assets.woolworths.com.au/images/1005/253620.jpg?impolicy=wowsmkqiema&w=260&h=260,
Bonds Ladies Low Cut Socks Size 8-11 Assorted 3 pack,8.0,,https://assets.woolworths.com.au/images/1005/283174.jpg?impolicy=wowsmkqiema&w=260&h=260,
Bonds Ladies Seamless Bikini Size 14 Assorted 2 pack,13.0,,https://assets.woolworths.com.au/images/1005/660244.jpg?impolicy=wowsmkqiema&w=260&h=260,
Bonds Ladies Seamless Bikini Size 16 Assorted 2 pack,13.0,,https://assets.woolworths.com.au/images/1005/164545.jpg?impolicy=wowsmkqiema&w=260&h=260,
Bonds Ladies Seamless Full Brief Size 10 Assorted 2 pack,13.0,,https://assets.woolworths.com.au/images/1005/660225.jpg?impolicy=wowsmkqiema&w=260&h=260,
Bonds Ladies Seamless Under Short Size 10-12 Assorted each,8.0,,https://assets.woolworths.com.au/images/1005/162367.jpg?impolicy=wowsmkqiema&w=260&h=260,
Bonds Ladies Seamless Under Short Size 12-14 Assorted each,8.0,,https://assets.woolworths.com.au/images/1005/164052.jpg?impolicy=wowsmkqiema&w=260&h=260,
Bonds Ladies Seamless Under Short Size 14-16 Assorted each,8.0,,https://assets.woolworths.com.au/images/1005/164120.jpg?impolicy=wowsmkqiema&w=260&h=260,
Bonds Ladies Seamless Under Short Size 16-18 Assorted each,8.0,,https://assets.woolworths.com.au/images/1005/229371.jpg?impolicy=wowsmkqiema&w=260&h=260,
Bonds Ladies Sport 1/4 Socks Size 8-11 Assorted 3 pack,8.0,,https://assets.woolworths.com.au/images/1005/361121.jpg?impolicy=wowsmkqiema&w=260&h=260,
Bonds Ladies The Bikini Underwear Size 10 Assorted 4 pack,20.0,,https://assets.woolworths.com.au/images/1005/909309.jpg?impolicy=wowsmkqiema&w=260&h=260,
Bonds Ladies The Bikini Underwear Size 12 Assorted 4 pack,20.0,,https://assets.woolworths.com.au/images/1005/909573.jpg?impolicy=wowsmkqiema&w=260&h=260,
Bonds Ladies The Bikini Underwear Size 14 Assorted 4 pack,20.0,,https://assets.woolworths.com.au/images/1005/909330.jpg?impolicy=wowsmkqiema&w=260&h=260,
Bonds Ladies The Low Cut Everyday Socks Size 3-8 Assorted 4 pack,10.0,,https://assets.woolworths.com.au/images/1005/909755.jpg?impolicy=wowsmkqiema&w=260&h=260,
Bonds Men's Xtemp Trunk L Assorted each,12.5,,https://assets.woolworths.com.au/images/1005/103185.jpg?impolicy=wowsmkqiema&w=260&h=260,
Bonds Men's Xtemp Trunk M Assorted each,12.5,,https://assets.woolworths.com.au/images/1005/102972.jpg?impolicy=wowsmkqiema&w=260&h=260,
Bonds Mens Action Brief Extra Large Assorted 4 pack,12.5,,https://assets.woolworths.com.au/images/1005/510002.jpg?impolicy=wowsmkqiema&w=260&h=260,
Bonds Mens Action Brief Large Assorted 4 pack,12.5,,https://assets.woolworths.com.au/images/1005/510031.jpg?impolicy=wowsmkqiema&w=260&h=260,
Bonds Mens Action Brief Medium Assorted 4 pack,12.5,,https://assets.woolworths.com.au/images/1005/510030.jpg?impolicy=wowsmkqiema&w=260&h=260,
Bonds Mens Chafe Off Trunks Extra Extra Large Assorted each,13.0,,https://assets.woolworths.com.au/images/1005/906371.jpg?impolicy=wowsmkqiema&w=260&h=260,
Bonds Mens Chafe Off Trunks Extra Large Assorted each,13.0,,https://assets.woolworths.com.au/images/1005/906771.jpg?impolicy=wowsmkqiema&w=260&h=260,
Bonds Mens Chafe Off Trunks Size Large Assorted each,13.0,,https://assets.woolworths.com.au/images/1005/907396.jpg?impolicy=wowsmkqiema&w=260&h=260,
Bonds Mens Cotton Stretch Trunks Size Extra Large Assorted 3 pack,20.0,,https://assets.woolworths.com.au/images/1005/909366.jpg?impolicy=wowsmkqiema&w=260&h=260,
Bonds Mens Cotton Stretch Trunks Size Large Assorted 3 pack,20.0,,https://assets.woolworths.com.au/images/1005/909141.jpg?impolicy=wowsmkqiema&w=260&h=260,
Bonds Mens Cotton Stretch Trunks Size Medium Assorted 3 pack,20.0,,https://assets.woolworths.com.au/images/1005/909365.jpg?impolicy=wowsmkqiema&w=260&h=260,
Bonds Mens Cotton Stretch Trunks Size Small Assorted 3 pack,20.0,,https://assets.woolworths.com.au/images/1005/909574.jpg?impolicy=wowsmkqiema&w=260&h=260,
Bonds Mens Cushioned Crew Socks Size 11-14 Assorted 3 pack,8.0,,https://assets.woolworths.com.au/images/1005/109913.jpg?impolicy=wowsmkqiema&w=260&h=260,
Bonds Mens Cushioned Crew Socks Size 6-10 Assorted 3 pack,8.0,,https://assets.woolworths.com.au/images/1005/106590.jpg?impolicy=wowsmkqiema&w=260&h=260,
Bonds Mens Guy Front Trunk Size Medium Assorted each,12.5,,https://assets.woolworths.com.au/images/1005/205584.jpg?impolicy=wowsmkqiema&w=260&h=260,
Bonds Mens Guy Front Trunk Size Small Assorted each,12.5,,https://assets.woolworths.com.au/images/1005/533575.jpg?impolicy=wowsmkqiema&w=260&h=260,
Bonds Mens Hipster Brief Underwear Large Assorted 5 pack,16.0,,https://assets.woolworths.com.au/images/1005/257600.jpg?impolicy=wowsmkqiema&w=260&h=260,
Bonds Mens Hipster Brief Underwear Medium Assorted 5 pack,16.0,,https://assets.woolworths.com.au/images/1005/257599.jpg?impolicy=wowsmkqiema&w=260&h=260,
Bonds Mens Hipster Brief Underwear X Large Assorted 5 pack,16.0,,https://assets.woolworths.com.au/images/1005/257601.jpg?impolicy=wowsmkqiema&w=260&h=260,
Bonds Mens Hipster Brief Underwear XX Large Assorted 5 pack,16.0,,https://assets.woolworths.com.au/images/1005/257602.jpg?impolicy=wowsmkqiema&w=260&h=260,
Bonds Mens Legendary Crew Socks Size 11-14 2 pack,7.0,,https://assets.woolworths.com.au/images/1005/108028.jpg?impolicy=wowsmkqiema&w=260&h=260,
Bonds Mens Legendary Crew Socks Size 6-10 2 pack,7.0,,https://assets.woolworths.com.au/images/1005/107865.jpg?impolicy=wowsmkqiema&w=260&h=260,
Bonds Mens Lightweight No Show Socks Size 11-14 Assorted 4 pack,8.0,,https://assets.woolworths.com.au/images/1005/311505.jpg?impolicy=wowsmkqiema&w=260&h=260,
Bonds Mens Lightweight No Show Socks Size 6-10 Assorted 4 pack,8.0,,https://assets.woolworths.com.au/images/1005/311187.jpg?impolicy=wowsmkqiema&w=260&h=260,
Bonds Mens Low Cut Everyday Socks Size 11+ Assorted 4 pack,10.0,,https://assets.woolworths.com.au/images/1005/909136.jpg?impolicy=wowsmkqiema&w=260&h=260,
Bonds Mens Low Cut Socks Size 11-14 Assorted 3 pack,8.0,,https://assets.woolworths.com.au/images/1005/283176.jpg?impolicy=wowsmkqiema&w=260&h=260,
Bonds Mens Low Cut Socks Size 6-10 Assorted 3 pack,8.0,,https://assets.woolworths.com.au/images/1005/253619.jpg?impolicy=wowsmkqiema&w=260&h=260,
Bonds Mens Low Cut Socks Size 6-10 Assorted 4 pack,10.0,,https://assets.woolworths.com.au/images/1005/909847.jpg?impolicy=wowsmkqiema&w=260&h=260,
Bonds Mens No Hole Crew Socks Size 11-14 Assorted 3 pack,13.0,,https://assets.woolworths.com.au/images/1005/108266.jpg?impolicy=wowsmkqiema&w=260&h=260,
Bonds Mens No Hole Crew Socks Size 6-10 Assorted 3 pack,13.0,,https://assets.woolworths.com.au/images/1005/108063.jpg?impolicy=wowsmkqiema&w=260&h=260,
Bonds Mens Sport 1/4 Socks Size 11-14 Assorted 3 pack,8.0,,https://assets.woolworths.com.au/images/1005/361096.jpg?impolicy=wowsmkqiema&w=260&h=260,
Bonds Mens Sport 1/4 Socks Size 6-10 Assorted 3 pack,8.0,,https://assets.woolworths.com.au/images/1005/282533.jpg?impolicy=wowsmkqiema&w=260&h=260,
Bonds Mens Total Package Trunk Extra Large Assorted each,12.5,,https://assets.woolworths.com.au/images/1005/195995.jpg?impolicy=wowsmkqiema&w=260&h=260,
Bonds Mens Total Package Trunk Medium Assorted each,12.5,,https://assets.woolworths.com.au/images/1005/196452.jpg?impolicy=wowsmkqiema&w=260&h=260,
Bonds Mens Ultimate Comfort Lowcut Socks Size 11+ Assorted 2 pack,6.5,,https://assets.woolworths.com.au/images/1005/6030733.jpg?impolicy=wowsmkqiema&w=260&h=260,
Bonds Mens Ultimate Comfort Lowcut Socks Size 6+ Assorted 2 pack,6.5,,https://assets.woolworths.com.au/images/1005/6030586.jpg?impolicy=wowsmkqiema&w=260&h=260,
Bonds Mens Underwear Guy Front Trunk Size Large Assorted each,12.5,,https://assets.woolworths.com.au/images/1005/205585.jpg?impolicy=wowsmkqiema&w=260&h=260,
Bonds Mens Underwear Guy Front Trunk Size X Large Assorted each,12.5,,https://assets.woolworths.com.au/images/1005/205586.jpg?impolicy=wowsmkqiema&w=260&h=260,
Bonds Mens Very Comfy Crew Socks Size 11-14 Assorted 3 pack,8.0,,https://assets.woolworths.com.au/images/1005/361088.jpg?impolicy=wowsmkqiema&w=260&h=260,
Bonds Mens Very Comfy Crew Socks Size 6-10 Assorted 3 pack,8.0,,https://assets.woolworths.com.au/images/1005/7394.jpg?impolicy=wowsmkqiema&w=260&h=260,
Bonds Mens Work Crew Socks Size 11+ 3 pack,8.5,,https://assets.woolworths.com.au/images/1005/881608.jpg?impolicy=wowsmkqiema&w=260&h=260,
Bonds Mens Work Crew Socks Size 6+ 3 pack,8.5,,https://assets.woolworths.com.au/images/1005/881352.jpg?impolicy=wowsmkqiema&w=260&h=260,
Bonds Mens Xtemp Trunk XLarge Assorted each,12.5,,https://assets.woolworths.com.au/images/1005/103189.jpg?impolicy=wowsmkqiema&w=260&h=260,
Bonds No Show Footlets Black (3-8 & 8-11) each,2.5,,https://assets.woolworths.com.au/images/1005/370990.jpg?impolicy=wowsmkqiema&w=260&h=260,
Bonds No Show Footlets Nude (3-8 & 8-11) each,2.5,,https://assets.woolworths.com.au/images/1005/130581.jpg?impolicy=wowsmkqiema&w=260&h=260,
Bonds Sheer Relief Compression Hosiery 40 Denier Size Ave/T each,5.5,,https://assets.woolworths.com.au/images/1005/6030624.jpg?impolicy=wowsmkqiema&w=260&h=260,
Bonds Sheer Relief Compression Hosiery 40 Denier Size T/XT each,5.5,,https://assets.woolworths.com.au/images/1005/6030389.jpg?impolicy=wowsmkqiema&w=260&h=260,
Bonds Sheer Relief Pantyhose Control Support Beige Extra Tall each,5.0,,https://assets.woolworths.com.au/images/1005/4646.jpg?impolicy=wowsmkqiema&w=260&h=260,
Bonds Sheer Relief Pantyhose Control Support Black Avg each,5.0,,https://assets.woolworths.com.au/images/1005/35222.jpg?impolicy=wowsmkqiema&w=260&h=260,
Bonds Sheer Relief Pantyhose Control Support M/ Beige Tall each,5.0,,https://assets.woolworths.com.au/images/1005/35291.jpg?impolicy=wowsmkqiema&w=260&h=260,
Bonds Singlet Mens Chesty White Size 16 each,8.5,,https://assets.woolworths.com.au/images/1005/38403.jpg?impolicy=wowsmkqiema&w=260&h=260,
Bonds Singlet Mens Chesty White Size 18 each,8.5,,https://assets.woolworths.com.au/images/1005/38404.jpg?impolicy=wowsmkqiema&w=260&h=260,
Bonds Singlet Mens Chesty White Size 20 each,8.5,,https://assets.woolworths.com.au/images/1005/38423.jpg?impolicy=wowsmkqiema&w=260&h=260,
Bonds Sports Leggings Black Medium- Large each,17.5,,https://assets.woolworths.com.au/images/1005/162366.jpg?impolicy=wowsmkqiema&w=260&h=260,
Bonds Sports Leggings Black Size Large/X Large each,17.5,,https://assets.woolworths.com.au/images/1005/164032.jpg?impolicy=wowsmkqiema&w=260&h=260,
Bonds Womens Ultimate Comfort Lowcut Socks Size 3+ Assorted 2 pack,6.5,,https://assets.woolworths.com.au/images/1005/6030843.jpg?impolicy=wowsmkqiema&w=260&h=260,
Bonds Womens Ultimate Comfort Lowcut Socks Size 8+ Assorted 2 pack,6.5,,https://assets.woolworths.com.au/images/1005/6030628.jpg?impolicy=wowsmkqiema&w=260&h=260,
Bostik Blu-Tack 75g,3.1,,https://assets.woolworths.com.au/images/1005/36431.jpg?impolicy=wowsmkqiema&w=260&h=260,
Bostik Blu-Tack Colour 75g,4.0,,https://assets.woolworths.com.au/images/1005/283055.jpg?impolicy=wowsmkqiema&w=260&h=260,
Bostik Removable Glu Dots 64 pack,5.5,,https://assets.woolworths.com.au/images/1005/6006192.jpg?impolicy=wowsmkqiema&w=260&h=260,
Bostik Tri Stik Glue Stick 25g,2.85,,https://assets.woolworths.com.au/images/1005/938972.jpg?impolicy=wowsmkqiema&w=260&h=260,
Breville 2 Slice Sandwich Maker each,48.8,,https://assets.woolworths.com.au/images/1005/72459.jpg?impolicy=wowsmkqiema&w=260&h=260,
Brillar Dumpling Night Light Small each,25.0,,https://assets.woolworths.com.au/images/1005/6052759.jpg?impolicy=wowsmkqiema&w=260&h=260,
Brillar LED Work Lamp Light Panels 600Lm 2 pack,20.0,,https://assets.woolworths.com.au/images/1005/583757.jpg?impolicy=wowsmkqiema&w=260&h=260,
Brillar Magnetic Light Bar 150Lm 2 pack,25.0,,https://assets.woolworths.com.au/images/1005/6054045.jpg?impolicy=wowsmkqiema&w=260&h=260,
Brillar Wireless Dimmer Switch 200Lm each,7.5,,https://assets.woolworths.com.au/images/1005/6052848.jpg?impolicy=wowsmkqiema&w=260&h=260,
Brillar Wireless Light Switch 200Lm each,7.0,,https://assets.woolworths.com.au/images/1005/6054244.jpg?impolicy=wowsmkqiema&w=260&h=260,
Brita Water Filter Cartridge Maxtra Pro Limescale 3 pack,55.0,,https://assets.woolworths.com.au/images/1005/698695.jpg?impolicy=wowsmkqiema&w=260&h=260,
Brita Water Filter Cartridge Maxtra Pro Pure Performance 3 pack,44.0,,https://assets.woolworths.com.au/images/1005/699883.jpg?impolicy=wowsmkqiema&w=260&h=260,
Brita Water Filter Cartridge Maxtra Pro Pure Performance 6 pack,62.4,,https://assets.woolworths.com.au/images/1005/703873.jpg?impolicy=wowsmkqiema&w=260&h=260,
Brita Water Filter Jug Marella Blue 2.4L,39.5,,https://assets.woolworths.com.au/images/1005/700248.jpg?impolicy=wowsmkqiema&w=260&h=260,
Brita Water Filter Jug Premium Pack Marella XL 3.5L Blue Limescale each,63.0,,https://assets.woolworths.com.au/images/1005/700237.jpg?impolicy=wowsmkqiema&w=260&h=260,
Brita Water Filter Jug Starter Pack Marella XL 3.5L With 2 Filters each,56.0,,https://assets.woolworths.com.au/images/1005/698878.jpg?impolicy=wowsmkqiema&w=260&h=260,
Bubble Wand Assorted each,1.0,,https://assets.woolworths.com.au/images/1005/913320.jpg?impolicy=wowsmkqiema&w=260&h=260,
Bubbles Bubble Solution Assorted 1L,5.0,,https://assets.woolworths.com.au/images/1005/95842.jpg?impolicy=wowsmkqiema&w=260&h=260,
Bubblz Light Show Bubble Blaster Assorted each,12.0,,https://assets.woolworths.com.au/images/1005/913369.jpg?impolicy=wowsmkqiema&w=260&h=260,
Bushland Buddies Mug Assorted each,10.0,,https://assets.woolworths.com.au/images/1005/6057941.jpg?impolicy=wowsmkqiema&w=260&h=260,
Bushland Buddies Oven Glove Assorted each,8.0,,https://assets.woolworths.com.au/images/1005/6058348.jpg?impolicy=wowsmkqiema&w=260&h=260,
Bushland Buddies Tea Towel Assorted 2 pack,14.0,,https://assets.woolworths.com.au/images/1005/6058699.jpg?impolicy=wowsmkqiema&w=260&h=260,
Bzyoo Travel Flask Assorted 350mL each,15.0,,https://assets.woolworths.com.au/images/1005/539690.jpg?impolicy=wowsmkqiema&w=260&h=260,
Calidad Brother Lc3317 Bcmy Ink Cartridge 4 pack,71.1,,https://assets.woolworths.com.au/images/1005/687639.jpg?impolicy=wowsmkqiema&w=260&h=260,
Calidad Canon 681/680 Printer Ink Cartridges 5 pack,62.1,,https://assets.woolworths.com.au/images/1005/288637.jpg?impolicy=wowsmkqiema&w=260&h=260,
Calidad Canon Cl646 XL Colour Ink Cartridge each,36.0,,https://assets.woolworths.com.au/images/1005/687692.jpg?impolicy=wowsmkqiema&w=260&h=260,
Calidad Canon Pg 640 XL Black Ink Cartridge each,35.1,,https://assets.woolworths.com.au/images/1005/687690.jpg?impolicy=wowsmkqiema&w=260&h=260,
Calidad Canon Pg 641 XL Colour each,40.5,,https://assets.woolworths.com.au/images/1005/816651.jpg?impolicy=wowsmkqiema&w=260&h=260,
Calidad Canon Pg 645 XL Black Ink Cartridge each,28.8,,https://assets.woolworths.com.au/images/1005/687691.jpg?impolicy=wowsmkqiema&w=260&h=260,
Calidad Canon PG-640 / CL-641 Ink Cartiridges 2 pack,53.1,,https://assets.woolworths.com.au/images/1005/6062528.jpg?impolicy=wowsmkqiema&w=260&h=260,
Calidad Canon PG-640 XL & CL-641 XL Ink Cartridge 2 pack,72.0,,https://assets.woolworths.com.au/images/1005/6056334.jpg?impolicy=wowsmkqiema&w=260&h=260,
Calidad Canon PG-645 / CL-646 Ink Cartiridges 2 pack,52.2,,https://assets.woolworths.com.au/images/1005/6062895.jpg?impolicy=wowsmkqiema&w=260&h=260,
Calidad Canon PG-645 XL & CL-646 XL Ink Cartridge 2 pack,62.1,,https://assets.woolworths.com.au/images/1005/6055404.jpg?impolicy=wowsmkqiema&w=260&h=260,
Calidad Canon PGI680/CLI681 XL 5 pack,85.5,,https://assets.woolworths.com.au/images/1005/181734.jpg?impolicy=wowsmkqiema&w=260&h=260,
Calidad Epson 212 XL 4 pack,76.5,,https://assets.woolworths.com.au/images/1005/181763.jpg?impolicy=wowsmkqiema&w=260&h=260,
Calidad Epson 604 XL VPH 480 Ink Cartridges Value 4 pack,85.5,,https://assets.woolworths.com.au/images/1005/909329.jpg?impolicy=wowsmkqiema&w=260&h=260,
Calidad EPSON 812 VP 494 Ink Cartridges Value 4 pack,85.5,,https://assets.woolworths.com.au/images/1005/909171.jpg?impolicy=wowsmkqiema&w=260&h=260,
Calidad Epson 812XL Ink Cartridge 4 pack,121.5,,https://assets.woolworths.com.au/images/1005/6056422.jpg?impolicy=wowsmkqiema&w=260&h=260,
Calidad HP 564 XL Black 4 pack,80.1,,https://assets.woolworths.com.au/images/1005/909274.jpg?impolicy=wowsmkqiema&w=260&h=260,
Calidad HP 63 Printer Ink Cartridges 3 pack,89.1,,https://assets.woolworths.com.au/images/1005/292992.jpg?impolicy=wowsmkqiema&w=260&h=260,
Calidad HP 65 Printer Ink Cartridges 3 pack,80.1,,https://assets.woolworths.com.au/images/1005/293742.jpg?impolicy=wowsmkqiema&w=260&h=260,
Calidad Hp 65 XL Black Ink Cartridge each,39.6,,https://assets.woolworths.com.au/images/1005/687635.jpg?impolicy=wowsmkqiema&w=260&h=260,
Calidad Hp 65 XL Colour Ink Cartridge each,44.1,,https://assets.woolworths.com.au/images/1005/687606.jpg?impolicy=wowsmkqiema&w=260&h=260,
Calidad HP 67 XL Printer Ink Cartridge each,39.6,,https://assets.woolworths.com.au/images/1005/291806.jpg?impolicy=wowsmkqiema&w=260&h=260,
Calidad HP 67 XL Tri Colour 832-COLH Ink Cartridge each,37.8,,https://assets.woolworths.com.au/images/1005/182243.jpg?impolicy=wowsmkqiema&w=260&h=260,
Calidad HP 67 XXL 832-BKXX Black Ink Cartridge each,47.7,,https://assets.woolworths.com.au/images/1005/180569.jpg?impolicy=wowsmkqiema&w=260&h=260,
Calidad Hp Printer Ink 61 XL Black each,45.0,,https://assets.woolworths.com.au/images/1005/956838.jpg?impolicy=wowsmkqiema&w=260&h=260,
Calidad Hp Printer Ink 61 XL Tri-Colour each,44.1,,https://assets.woolworths.com.au/images/1005/36067.jpg?impolicy=wowsmkqiema&w=260&h=260,
Calidad Hp Printer Ink 63 XL Black each,46.8,,https://assets.woolworths.com.au/images/1005/505307.jpg?impolicy=wowsmkqiema&w=260&h=260,
Calidad Hp Printer Ink 63 XL Tri Colour each,47.7,,https://assets.woolworths.com.au/images/1005/505308.jpg?impolicy=wowsmkqiema&w=260&h=260,
Celco Wooden Ruler Metric Drilled 30cm each,1.3,,https://assets.woolworths.com.au/images/1005/354512.jpg?impolicy=wowsmkqiema&w=260&h=260,
Chevron Alkaline 9v 2 Pack,5.25,,https://assets.woolworths.com.au/images/1005/262177.jpg?impolicy=wowsmkqiema&w=260&h=260,
Chevron Alkaline Aa 10 Pack,6.0,,https://assets.woolworths.com.au/images/1005/262173.jpg?impolicy=wowsmkqiema&w=260&h=260,
Chevron Alkaline Aa 24 Pack,14.0,,https://assets.woolworths.com.au/images/1005/683404.jpg?impolicy=wowsmkqiema&w=260&h=260,
Chevron Alkaline Aa Srt 50 Pack,25.0,,https://assets.woolworths.com.au/images/1005/88647.jpg?impolicy=wowsmkqiema&w=260&h=260,
Chevron Alkaline Aaa 10 Pack,6.0,,https://assets.woolworths.com.au/images/1005/262176.jpg?impolicy=wowsmkqiema&w=260&h=260,
Chevron Alkaline Aaa 24 Pack,14.0,,https://assets.woolworths.com.au/images/1005/683403.jpg?impolicy=wowsmkqiema&w=260&h=260,
Chevron Alkaline Aaa Srt 50 Pack,25.0,,https://assets.woolworths.com.au/images/1005/88649.jpg?impolicy=wowsmkqiema&w=260&h=260,
Chevron Alkaline c 4 Pack,6.8,,https://assets.woolworths.com.au/images/1005/268125.jpg?impolicy=wowsmkqiema&w=260&h=260,
Chevron Alkaline d 4 Pack,6.4,,https://assets.woolworths.com.au/images/1005/268127.jpg?impolicy=wowsmkqiema&w=260&h=260,
Chevron Heavy-Duty 6v Lantern Each,12.0,,https://assets.woolworths.com.au/images/1005/262163.jpg?impolicy=wowsmkqiema&w=260&h=260,
Clear Contact Book Covering 5M each,6.7,,https://assets.woolworths.com.au/images/1005/660419.jpg?impolicy=wowsmkqiema&w=260&h=260,
Click N Stay Reusable Shopping Bag Assorted each,4.0,,https://assets.woolworths.com.au/images/1005/6013270.jpg?impolicy=wowsmkqiema&w=260&h=260,
Clio 40D Opaque Tights Black T/XT Value 2 pack,8.0,,https://assets.woolworths.com.au/images/1005/909166.jpg?impolicy=wowsmkqiema&w=260&h=260,
Clio 70D Opaque Tights Black T/XT Value 2 pack,10.0,,https://assets.woolworths.com.au/images/1005/907331.jpg?impolicy=wowsmkqiema&w=260&h=260,
Clio Control Brief Sheer Tights T/XT Value 4 pack,10.0,,https://assets.woolworths.com.au/images/1005/909083.jpg?impolicy=wowsmkqiema&w=260&h=260,
Clio Curvy Fit Control Brief 15 Denier Variety Size 2 4 pack,10.0,,https://assets.woolworths.com.au/images/1005/908631.jpg?impolicy=wowsmkqiema&w=260&h=260,
Clio Curvy Fit Opaque Tights 40 Denier 2 pack,10.0,,https://assets.woolworths.com.au/images/1005/907295.jpg?impolicy=wowsmkqiema&w=260&h=260,
Clio Curvy Fit Opaque Tights 70 Denier Black 2 pack,12.0,,https://assets.woolworths.com.au/images/1005/909243.jpg?impolicy=wowsmkqiema&w=260&h=260,
Clio Curvy Fit Regular Brief 15 Denier Variety Size 2 4 pack,9.0,,https://assets.woolworths.com.au/images/1005/909053.jpg?impolicy=wowsmkqiema&w=260&h=260,
Clio Ecostyle Sheer Anklets Black each,6.0,,https://assets.woolworths.com.au/images/1005/162683.jpg?impolicy=wowsmkqiema&w=260&h=260,
Clio Ecostyle Sheer Anklets Natural each,6.0,,https://assets.woolworths.com.au/images/1005/161888.jpg?impolicy=wowsmkqiema&w=260&h=260,
Clio Fleece Opaque Leggings 200 Denier Black Small-Medium each,14.0,,https://assets.woolworths.com.au/images/1005/309819.jpg?impolicy=wowsmkqiema&w=260&h=260,
Clio Fleece Opaque Leggings 200 Denier Black Tall-Extra Tall each,14.0,,https://assets.woolworths.com.au/images/1005/310575.jpg?impolicy=wowsmkqiema&w=260&h=260,
Clio Girl Summer Glow Tight Natural Xt 90Mm(W) X 250Mm(H) each,6.0,,https://assets.woolworths.com.au/images/1005/60092.jpg?impolicy=wowsmkqiema&w=260&h=260,
Clio Invisible Band Knee High Black One Size each,6.0,,https://assets.woolworths.com.au/images/1005/297046.jpg?impolicy=wowsmkqiema&w=260&h=260,
Clio Regular Brief Sheer Tights T/XT Value 4 pack,9.0,,https://assets.woolworths.com.au/images/1005/909124.jpg?impolicy=wowsmkqiema&w=260&h=260,
Clio Rib Tights 5- Denier Tall-Extra Tall each,10.0,,https://assets.woolworths.com.au/images/1005/310319.jpg?impolicy=wowsmkqiema&w=260&h=260,
Clio Sheer Sockettes Classic Cut Natural 2 pack,4.0,,https://assets.woolworths.com.au/images/1005/6030304.jpg?impolicy=wowsmkqiema&w=260&h=260,
Clio Summer Glow Sheer Tights Natural 12 Denier each,6.0,,https://assets.woolworths.com.au/images/1005/60041.jpg?impolicy=wowsmkqiema&w=260&h=260,
Clio Summer Glow Slimming Tan Tights Size S/M each,6.0,,https://assets.woolworths.com.au/images/1005/6035928.jpg?impolicy=wowsmkqiema&w=260&h=260,
Clio Summer Glow Slimming Tan Tights Size T/XT each,6.0,,https://assets.woolworths.com.au/images/1005/6036184.jpg?impolicy=wowsmkqiema&w=260&h=260,
Coastal Retreat Round Table Clock White 13cm each,8.0,,https://assets.woolworths.com.au/images/1005/6028310.jpg?impolicy=wowsmkqiema&w=260&h=260,
Coastal Retreat Soy Blend Luxury Candle Beachside Sunset 250g,10.0,,https://assets.woolworths.com.au/images/1005/6026801.jpg?impolicy=wowsmkqiema&w=260&h=260,
Coastal Retreat Soy Blend Luxury Candle Honeysuckle & Vanilla 250g,10.0,,https://assets.woolworths.com.au/images/1005/6029194.jpg?impolicy=wowsmkqiema&w=260&h=260,
Coastal Retreat Soy Blend Luxury Candle Sea Salt & Driftwood 180g,8.0,,https://assets.woolworths.com.au/images/1005/6026793.jpg?impolicy=wowsmkqiema&w=260&h=260,
Cook Easy Mad Mama Microwave Cleaner each,4.0,,https://assets.woolworths.com.au/images/1005/6020973.jpg?impolicy=wowsmkqiema&w=260&h=260,
Cook Easy Oven Gloves each,6.5,,https://assets.woolworths.com.au/images/1005/6021304.jpg?impolicy=wowsmkqiema&w=260&h=260,
Cook Easy Refillable Glass Oil Sprayer each,7.5,,https://assets.woolworths.com.au/images/1005/6020619.jpg?impolicy=wowsmkqiema&w=260&h=260,
Cooker King Wok 32cm each,20.0,,https://assets.woolworths.com.au/images/1005/102312.jpg?impolicy=wowsmkqiema&w=260&h=260,
Corelle Divided Plate each,9.0,,https://assets.woolworths.com.au/images/1005/245647.jpg?impolicy=wowsmkqiema&w=260&h=260,
Corelle Winter Frost White Dinner Plate 26cm each,5.7,,https://assets.woolworths.com.au/images/1005/204776.jpg?impolicy=wowsmkqiema&w=260&h=260,
Corelle Winter Frost White Noodle Bowl 828Ml each,5.7,,https://assets.woolworths.com.au/images/1005/204774.jpg?impolicy=wowsmkqiema&w=260&h=260,
Corelle Winter Frost White Rice Bowl 354Ml each,5.1,,https://assets.woolworths.com.au/images/1005/228931.jpg?impolicy=wowsmkqiema&w=260&h=260,
Corelle Winter Frost White Salad/Pasta Bowl 591Ml each,5.4,,https://assets.woolworths.com.au/images/1005/228929.jpg?impolicy=wowsmkqiema&w=260&h=260,
Corelle Winter Frost White Soup/Cereal Bowl 532Ml each,5.1,,https://assets.woolworths.com.au/images/1005/205164.jpg?impolicy=wowsmkqiema&w=260&h=260,
Corningware Medium Oval Baker 1.8L each,35.0,,https://assets.woolworths.com.au/images/1005/6029713.jpg?impolicy=wowsmkqiema&w=260&h=260,
Corningware Small Oval Baker 980mL each,23.0,,https://assets.woolworths.com.au/images/1005/6029808.jpg?impolicy=wowsmkqiema&w=260&h=260,
Cosmopolitan Magazine each,8.95,,https://assets.woolworths.com.au/images/1005/8725.jpg?impolicy=wowsmkqiema&w=260&h=260,
Cotton Candykins Reveal Your Sweet Freind each,20.0,,https://assets.woolworths.com.au/images/1005/6039157.jpg?impolicy=wowsmkqiema&w=260&h=260,
Country Style Magazine each,10.99,,https://assets.woolworths.com.au/images/1005/7381.jpg?impolicy=wowsmkqiema&w=260&h=260,
Crayola Color & Sticker Book Frozen each,4.65,,https://assets.woolworths.com.au/images/1005/860180.jpg?impolicy=wowsmkqiema&w=260&h=260,
Crayola Color & Sticker Paw Patrol each,4.65,,https://assets.woolworths.com.au/images/1005/604733.jpg?impolicy=wowsmkqiema&w=260&h=260,
Crayola Colour & Sticker Activity Set Lilo & Stitch each,10.0,,https://assets.woolworths.com.au/images/1005/6055500.jpg?impolicy=wowsmkqiema&w=260&h=260,
Crayola Colour & Sticker Activity Set Toy Story each,10.0,,https://assets.woolworths.com.au/images/1005/6055325.jpg?impolicy=wowsmkqiema&w=260&h=260,
Crayola Colour & Sticker Book Pokemon 32 Pages each,4.65,,https://assets.woolworths.com.au/images/1005/307302.jpg?impolicy=wowsmkqiema&w=260&h=260,
Crayola Colour & Stickers Minecraft each,4.65,,https://assets.woolworths.com.au/images/1005/885257.jpg?impolicy=wowsmkqiema&w=260&h=260,
Crayola Crayon Travel Pack Assorted each,6.85,,https://assets.woolworths.com.au/images/1005/704127.jpg?impolicy=wowsmkqiema&w=260&h=260,
Crayola Crayons 24 pack,2.4,,https://assets.woolworths.com.au/images/1005/863864.jpg?impolicy=wowsmkqiema&w=260&h=260,
Crayola Doodle Scents Scented Markers 12 pack,6.4,,https://assets.woolworths.com.au/images/1005/648164.jpg?impolicy=wowsmkqiema&w=260&h=260,
Crayola Funny Faces Colour & Sticker each,3.7,,https://assets.woolworths.com.au/images/1005/648163.jpg?impolicy=wowsmkqiema&w=260&h=260,
Crayola Jumbo Crayons 8 pack,5.5,,https://assets.woolworths.com.au/images/1005/648078.jpg?impolicy=wowsmkqiema&w=260&h=260,
Crayola Mini Goo Cans each,10.0,,https://assets.woolworths.com.au/images/1005/6055302.jpg?impolicy=wowsmkqiema&w=260&h=260,
Crayola Scribble Scrubbie Pets Packet each,5.6,,https://assets.woolworths.com.au/images/1005/230802.jpg?impolicy=wowsmkqiema&w=260&h=260,
Crayola Side Walk Chalk 16 pack,4.65,,https://assets.woolworths.com.au/images/1005/673581.jpg?impolicy=wowsmkqiema&w=260&h=260,
Crayola Washable Kids Paint Classic Colors 4 pack,6.7,,https://assets.woolworths.com.au/images/1005/6008620.jpg?impolicy=wowsmkqiema&w=260&h=260,
Crest 4K HDMI With Ethernet 1.5m High Speed Cable each,10.0,,https://assets.woolworths.com.au/images/1005/240718.jpg?impolicy=wowsmkqiema&w=260&h=260,
Crest Audio Flat Cable 1.5m each,13.5,,https://assets.woolworths.com.au/images/1005/237090.jpg?impolicy=wowsmkqiema&w=260&h=260,
Crest HDMI to USB C High Speed Cable 1.5m each,25.0,,https://assets.woolworths.com.au/images/1005/240794.jpg?impolicy=wowsmkqiema&w=260&h=260,
Crest Lightning to USB 1.2m Flat Cable each,20.0,,https://assets.woolworths.com.au/images/1005/239025.jpg?impolicy=wowsmkqiema&w=260&h=260,
Crest Lightning to USB A Braided Cable Assorted 1.5m each,25.0,,https://assets.woolworths.com.au/images/1005/238816.jpg?impolicy=wowsmkqiema&w=260&h=260,
Crest Lightning to USB A Flat Cable 1.2m each,20.0,,https://assets.woolworths.com.au/images/1005/237599.jpg?impolicy=wowsmkqiema&w=260&h=260,
Crest Lightning to USB A Flat Cable White 2m each,25.0,,https://assets.woolworths.com.au/images/1005/238412.jpg?impolicy=wowsmkqiema&w=260&h=260,
Crest Lightning to USB A Flat Cable White 3m each,24.0,,https://assets.woolworths.com.au/images/1005/240038.jpg?impolicy=wowsmkqiema&w=260&h=260,
Crest Lightning to USB A Metallic Cable Assorted 1.5m each,25.0,,https://assets.woolworths.com.au/images/1005/238879.jpg?impolicy=wowsmkqiema&w=260&h=260,
Crest Lightning to USB-A 1.2m Flat Cable each,20.0,,https://assets.woolworths.com.au/images/1005/242049.jpg?impolicy=wowsmkqiema&w=260&h=260,
Crest Lightning USB-A Wall Charger & Cable 1m each,32.0,,https://assets.woolworths.com.au/images/1005/239630.jpg?impolicy=wowsmkqiema&w=260&h=260,
Crest Micro USB to USB-A 1.5m Braided Cable each,18.0,,https://assets.woolworths.com.au/images/1005/240079.jpg?impolicy=wowsmkqiema&w=260&h=260,
Crest Night Light Automatic LED Cool White each,16.0,,https://assets.woolworths.com.au/images/1005/438933.jpg?impolicy=wowsmkqiema&w=260&h=260,
Crest Night Light Directional LED each,16.0,,https://assets.woolworths.com.au/images/1005/443272.jpg?impolicy=wowsmkqiema&w=260&h=260,
Crest Universal Car Charger Dual USB-A each,10.0,,https://assets.woolworths.com.au/images/1005/240742.jpg?impolicy=wowsmkqiema&w=260&h=260,
Crest Universal Wall Charger Dual USB-A each,20.0,,https://assets.woolworths.com.au/images/1005/240381.jpg?impolicy=wowsmkqiema&w=260&h=260,
Crest USB A to USB C Cable 1m Rainbow each,15.0,,https://assets.woolworths.com.au/images/1005/6007781.jpg?impolicy=wowsmkqiema&w=260&h=260,
Crest USB C to USB A Braided Cable Assorted 1.5m each,22.0,,https://assets.woolworths.com.au/images/1005/239014.jpg?impolicy=wowsmkqiema&w=260&h=260,
Crest USB C to USB A Flat Cable 2m each,22.0,,https://assets.woolworths.com.au/images/1005/237889.jpg?impolicy=wowsmkqiema&w=260&h=260,
Crest USB C to USB A Flat Cable Black 1.2m each,18.0,,https://assets.woolworths.com.au/images/1005/238525.jpg?impolicy=wowsmkqiema&w=260&h=260,
Crest USB C to USB A Flat Cable Pink 1.2m each,18.0,,https://assets.woolworths.com.au/images/1005/238878.jpg?impolicy=wowsmkqiema&w=260&h=260,
Crest USB C to USB A Metallic Cable Assorted 15m each,22.0,,https://assets.woolworths.com.au/images/1005/240710.jpg?impolicy=wowsmkqiema&w=260&h=260,
Crest USB-C to USB-A 1.5m Ultra Durable Cable each,15.4,,https://assets.woolworths.com.au/images/1005/241072.jpg?impolicy=wowsmkqiema&w=260&h=260,
Crest USB-C to USB-A Flat Cable Blue 1.5m each,18.0,,https://assets.woolworths.com.au/images/1005/238542.jpg?impolicy=wowsmkqiema&w=260&h=260,
Crest Wireless Charger 10W each,20.0,,https://assets.woolworths.com.au/images/1005/240659.jpg?impolicy=wowsmkqiema&w=260&h=260,
Crest Wireless Keyboard & Mouse Bundle Pack each,24.5,,https://assets.woolworths.com.au/images/1005/240187.jpg?impolicy=wowsmkqiema&w=260&h=260,
Crest Wireless Optical Mouse each,20.0,,https://assets.woolworths.com.au/images/1005/240716.jpg?impolicy=wowsmkqiema&w=260&h=260,
Culinare Avocado Saver each,10.0,,https://assets.woolworths.com.au/images/1005/6024265.jpg?impolicy=wowsmkqiema&w=260&h=260,
Culinare Easican Can Opener each,14.0,,https://assets.woolworths.com.au/images/1005/258561.jpg?impolicy=wowsmkqiema&w=260&h=260,
Culinare Garlic Press each,22.0,,https://assets.woolworths.com.au/images/1005/160680.jpg?impolicy=wowsmkqiema&w=260&h=260,
Culinare Magican Can Opener each,18.0,,https://assets.woolworths.com.au/images/1005/54712.jpg?impolicy=wowsmkqiema&w=260&h=260,
Culinare Swivel Peeler each,6.0,,https://assets.woolworths.com.au/images/1005/98781.jpg?impolicy=wowsmkqiema&w=260&h=260,
Curious Minds Series Magazine each,17.99,,https://assets.woolworths.com.au/images/1005/89826.jpg?impolicy=wowsmkqiema&w=260&h=260,
Decor Adventurer Double Wall Bottle Assorted 1.2L each,16.75,,https://assets.woolworths.com.au/images/1005/119032.jpg?impolicy=wowsmkqiema&w=260&h=260,
Decor Bamboo & Glass Canister 850mL each,8.4,,https://assets.woolworths.com.au/images/1005/156386.jpg?impolicy=wowsmkqiema&w=260&h=260,
Decor Bamboo & Glass Canisters 1.5L each,9.8,,https://assets.woolworths.com.au/images/1005/156725.jpg?impolicy=wowsmkqiema&w=260&h=260,
Decor Bamboo & Glass Canisters 420mL each,6.65,,https://assets.woolworths.com.au/images/1005/156338.jpg?impolicy=wowsmkqiema&w=260&h=260,
Decor Chugger XL Tritan Water Drink Bottle Assorted 2.2L each,8.5,,https://assets.woolworths.com.au/images/1005/112924.jpg?impolicy=wowsmkqiema&w=260&h=260,
Decor Cook Glass Bowl Seal & Store 3L,26.0,,https://assets.woolworths.com.au/images/1005/512298.jpg?impolicy=wowsmkqiema&w=260&h=260,
Decor Cook Glass Measuring Jug With Teal Lid 650mL,16.0,,https://assets.woolworths.com.au/images/1005/512329.jpg?impolicy=wowsmkqiema&w=260&h=260,
Decor Cook Refillable Oil Sprayer each,13.8,,https://assets.woolworths.com.au/images/1005/792483.jpg?impolicy=wowsmkqiema&w=260&h=260,
Decor Design Series Premium Pantry Storage Oblong 1.9L each,14.0,,https://assets.woolworths.com.au/images/1005/6054755.jpg?impolicy=wowsmkqiema&w=260&h=260,
Decor Design Series Premium Pantry Storage Oblong 2L each,14.0,,https://assets.woolworths.com.au/images/1005/6054827.jpg?impolicy=wowsmkqiema&w=260&h=260,
Decor Design Series Premium Pantry Storage Oblong 3L each,17.0,,https://assets.woolworths.com.au/images/1005/6054972.jpg?impolicy=wowsmkqiema&w=260&h=260,
Decor Design Series Premium Pantry Storage Oblong 4.3L each,21.0,,https://assets.woolworths.com.au/images/1005/6054966.jpg?impolicy=wowsmkqiema&w=260&h=260,
Decor Design Series Premium Pantry Storage Oblong 920mL each,9.0,,https://assets.woolworths.com.au/images/1005/6054841.jpg?impolicy=wowsmkqiema&w=260&h=260,
Decor Expandable Lunch Bag Cooler Assorted each,8.5,,https://assets.woolworths.com.au/images/1005/111444.jpg?impolicy=wowsmkqiema&w=260&h=260,
Decor Flip Active Double Wall Bottle Assorted 1.1L each,15.5,,https://assets.woolworths.com.au/images/1005/160219.jpg?impolicy=wowsmkqiema&w=260&h=260,
Decor Flip Active Double Wall Bottle Assorted 750mL each,14.0,,https://assets.woolworths.com.au/images/1005/912241.jpg?impolicy=wowsmkqiema&w=260&h=260,
Decor FlipSeal Stainless Steel Bottle Assorted 750mL each,7.25,,https://assets.woolworths.com.au/images/1005/789490.jpg?impolicy=wowsmkqiema&w=260&h=260,
Decor Fresh Seal Clips Container Set Oblong 1L x 3 pack,7.3,,https://assets.woolworths.com.au/images/1005/218826.jpg?impolicy=wowsmkqiema&w=260&h=260,
Decor Fresh Seal Clips Container Set Oblong 2L x 2 pack,7.2,,https://assets.woolworths.com.au/images/1005/216107.jpg?impolicy=wowsmkqiema&w=260&h=260,
Decor Fresh Seal Clips Oblong Container 1L each,3.25,,https://assets.woolworths.com.au/images/1005/634831.jpg?impolicy=wowsmkqiema&w=260&h=260,
Decor Fresh Seal Clips Oblong Container 2L each,4.5,,https://assets.woolworths.com.au/images/1005/634744.jpg?impolicy=wowsmkqiema&w=260&h=260,
Decor Fresh Seal Clips Oblong Container 350mL each,2.25,,https://assets.woolworths.com.au/images/1005/635753.jpg?impolicy=wowsmkqiema&w=260&h=260,
Decor Fresh Seal Clips Oblong Container 3L each,5.75,,https://assets.woolworths.com.au/images/1005/634832.jpg?impolicy=wowsmkqiema&w=260&h=260,
Decor Fresh Seal Clips Oblong Container 4L each,6.5,,https://assets.woolworths.com.au/images/1005/634745.jpg?impolicy=wowsmkqiema&w=260&h=260,
Decor Fresh Seal Clips Oblong Container 600mL each,2.9,,https://assets.woolworths.com.au/images/1005/649152.jpg?impolicy=wowsmkqiema&w=260&h=260,
Decor Fresh Seal Clips Oblong Container 7L each,7.5,,https://assets.woolworths.com.au/images/1005/634747.jpg?impolicy=wowsmkqiema&w=260&h=260,
Decor Fresh Seal Clips Square 1.4L each,3.75,,https://assets.woolworths.com.au/images/1005/689925.jpg?impolicy=wowsmkqiema&w=260&h=260,
Decor Fresh Seal Clips Square Container 630mL each,3.0,,https://assets.woolworths.com.au/images/1005/689926.jpg?impolicy=wowsmkqiema&w=260&h=260,
Decor Fresh Seal Clips Tall Oblong Container 2.3L each,5.0,,https://assets.woolworths.com.au/images/1005/649151.jpg?impolicy=wowsmkqiema&w=260&h=260,
Decor Fresh Seal Containers 3L 2 pack,8.25,,https://assets.woolworths.com.au/images/1005/215179.jpg?impolicy=wowsmkqiema&w=260&h=260,
Decor Go Triple Split Bento Lunch Box Assorted 1.4L each,7.25,,https://assets.woolworths.com.au/images/1005/156849.jpg?impolicy=wowsmkqiema&w=260&h=260,
Decor Hydro Stainless Steel Bottle Assorted 750mL each,10.5,,https://assets.woolworths.com.au/images/1005/112915.jpg?impolicy=wowsmkqiema&w=260&h=260,
Decor Hydrofit Double Wall Bottle Assorted 500mL each,12.0,,https://assets.woolworths.com.au/images/1005/6027489.jpg?impolicy=wowsmkqiema&w=260&h=260,
Decor Hydrofit Insulated Bottle Deluxe Straw Assorted 1.5L each,22.0,,https://assets.woolworths.com.au/images/1005/6027583.jpg?impolicy=wowsmkqiema&w=260&h=260,
Decor Hydrofit Insulated Deluxe Chug Bottle Assorted 750mL each,16.0,,https://assets.woolworths.com.au/images/1005/6027547.jpg?impolicy=wowsmkqiema&w=260&h=260,
Decor Hydrofit Soft Sip Tritan Bottle Assorted 750mL each,9.0,,https://assets.woolworths.com.au/images/1005/6027813.jpg?impolicy=wowsmkqiema&w=260&h=260,
Decor Junior Sip Kids Bottle Assorted 500mL each,7.0,,https://assets.woolworths.com.au/images/1005/114488.jpg?impolicy=wowsmkqiema&w=260&h=260,
Decor Microsafe Easy Heat Container Set Assorted 3 pack,13.0,,https://assets.woolworths.com.au/images/1005/27950.jpg?impolicy=wowsmkqiema&w=260&h=260,
Decor Microsafe Easy Heat Noodle Bowl 1.15L each,9.0,,https://assets.woolworths.com.au/images/1005/922933.jpg?impolicy=wowsmkqiema&w=260&h=260,
Decor Microsafe Easy Heat Oblong Container 1.6L each,8.7,,https://assets.woolworths.com.au/images/1005/224230.jpg?impolicy=wowsmkqiema&w=260&h=260,
Decor Microsafe Easy Heat Oblong Container 900mL each,6.5,,https://assets.woolworths.com.au/images/1005/224231.jpg?impolicy=wowsmkqiema&w=260&h=260,
Decor Microsafe Easy Heat Round Container 1.5L each,8.5,,https://assets.woolworths.com.au/images/1005/224213.jpg?impolicy=wowsmkqiema&w=260&h=260,
Decor Microsafe Easy Heat Round Container 750mL each,6.2,,https://assets.woolworths.com.au/images/1005/224227.jpg?impolicy=wowsmkqiema&w=260&h=260,
Decor Microsafe Easy Heat Soup Mug 450mL each,5.5,,https://assets.woolworths.com.au/images/1005/252151.jpg?impolicy=wowsmkqiema&w=260&h=260,
Decor Microsafe Jewel Container Set 900mL x 3 pack,17.0,,https://assets.woolworths.com.au/images/1005/676819.jpg?impolicy=wowsmkqiema&w=260&h=260,
Decor Microsafe Jewel Microwavable Container Set 375mL x 3 pack,12.0,,https://assets.woolworths.com.au/images/1005/28004.jpg?impolicy=wowsmkqiema&w=260&h=260,
Decor Microsafe Microwavable Container Set 5 pack,25.0,,https://assets.woolworths.com.au/images/1005/296366.jpg?impolicy=wowsmkqiema&w=260&h=260,
Decor Premium Glass Clips Container 1.5L each,18.0,,https://assets.woolworths.com.au/images/1005/6054772.jpg?impolicy=wowsmkqiema&w=260&h=260,
Decor Premium Glass Clips Container 1L each,15.0,,https://assets.woolworths.com.au/images/1005/6054890.jpg?impolicy=wowsmkqiema&w=260&h=260,
Decor Premium Glass Clips Container 630mL each,12.5,,https://assets.woolworths.com.au/images/1005/6054602.jpg?impolicy=wowsmkqiema&w=260&h=260,
Decor Premium Glass Clips Container 640mL each,12.0,,https://assets.woolworths.com.au/images/1005/6059359.jpg?impolicy=wowsmkqiema&w=260&h=260,
Decor Premium Glass Clips Container 980mL each,15.5,,https://assets.woolworths.com.au/images/1005/6054749.jpg?impolicy=wowsmkqiema&w=260&h=260,
Decor Quad Bands Tritan Water Drink Bottle Assorted 750mL each,5.75,,https://assets.woolworths.com.au/images/1005/495523.jpg?impolicy=wowsmkqiema&w=260&h=260,
Decor Reusable 2 In 1 Tritan Tumbler Assorted 700mL each,11.0,,https://assets.woolworths.com.au/images/1005/912699.jpg?impolicy=wowsmkqiema&w=260&h=260,
Decor Reusable Gel Ice 2 pack,4.0,,https://assets.woolworths.com.au/images/1005/111360.jpg?impolicy=wowsmkqiema&w=260&h=260,
Decor Reusable Stainless Steel Straws 4 pack,5.25,,https://assets.woolworths.com.au/images/1005/159196.jpg?impolicy=wowsmkqiema&w=260&h=260,
Decor Snap n Seal Bottle Assorted 600mL each,7.0,,https://assets.woolworths.com.au/images/1005/314472.jpg?impolicy=wowsmkqiema&w=260&h=260,
Decor Snap n Seal Stainless Steel Water Drink Bottle 1L each,8.0,,https://assets.woolworths.com.au/images/1005/109280.jpg?impolicy=wowsmkqiema&w=260&h=260,
Decor Tellfresh Cake Container With Lifter 6L each,14.5,,https://assets.woolworths.com.au/images/1005/45745.jpg?impolicy=wowsmkqiema&w=260&h=260,
Decor Tellfresh Cereal Server 5L each,10.5,,https://assets.woolworths.com.au/images/1005/240726.jpg?impolicy=wowsmkqiema&w=260&h=260,
Decor Tellfresh Container Set Oblong 1L x 3 pack,13.5,,https://assets.woolworths.com.au/images/1005/764872.jpg?impolicy=wowsmkqiema&w=260&h=260,
Decor Tellfresh Container Set Oblong 250mL x 3 pack,10.0,,https://assets.woolworths.com.au/images/1005/229811.jpg?impolicy=wowsmkqiema&w=260&h=260,
Decor Tellfresh Container Set Oblong 3L x 2 pack,14.0,,https://assets.woolworths.com.au/images/1005/215958.jpg?impolicy=wowsmkqiema&w=260&h=260,
Decor Tellfresh Container Set Oblong 500mL x 3 pack,11.0,,https://assets.woolworths.com.au/images/1005/229812.jpg?impolicy=wowsmkqiema&w=260&h=260,
Decor Tellfresh Cupcake Container 4L each,11.0,,https://assets.woolworths.com.au/images/1005/379159.jpg?impolicy=wowsmkqiema&w=260&h=260,
Decor Tellfresh Handle Storer Food Container 8.5L each,17.0,,https://assets.woolworths.com.au/images/1005/196118.jpg?impolicy=wowsmkqiema&w=260&h=260,
Decor Tellfresh Oblong Container 1.75L,7.5,,https://assets.woolworths.com.au/images/1005/94205.jpg?impolicy=wowsmkqiema&w=260&h=260,
Decor Tellfresh Oblong Container 2L each,7.0,,https://assets.woolworths.com.au/images/1005/379155.jpg?impolicy=wowsmkqiema&w=260&h=260,
Decor Tellfresh Oblong Container 3L each,10.0,,https://assets.woolworths.com.au/images/1005/55883.jpg?impolicy=wowsmkqiema&w=260&h=260,
Decor Tellfresh Oblong Container 900mL each,5.5,,https://assets.woolworths.com.au/images/1005/4801.jpg?impolicy=wowsmkqiema&w=260&h=260,
Decor Thermal Stainless Steel Water Drink Bottle Assorted 1.4L each,17.5,,https://assets.woolworths.com.au/images/1005/219118.jpg?impolicy=wowsmkqiema&w=260&h=260,
Decor Thermoglass Baking Dish Realseal 1l,15.5,,https://assets.woolworths.com.au/images/1005/710411.jpg?impolicy=wowsmkqiema&w=260&h=260,
Decor Thermoglass Baking Dish Realseal 3l,28.5,,https://assets.woolworths.com.au/images/1005/710420.jpg?impolicy=wowsmkqiema&w=260&h=260,
Decor Vent & Seal Glass Container Oblong 1.5L each,16.5,,https://assets.woolworths.com.au/images/1005/105960.jpg?impolicy=wowsmkqiema&w=260&h=260,
Decor Vent & Seal Glass Container Oblong 1L each,14.0,,https://assets.woolworths.com.au/images/1005/105959.jpg?impolicy=wowsmkqiema&w=260&h=260,
Decor Vent & Seal Glass Container Oblong 2.5L each,22.5,,https://assets.woolworths.com.au/images/1005/219862.jpg?impolicy=wowsmkqiema&w=260&h=260,
Decor Vent & Seal Glass Container Oblong 600mL each,10.8,,https://assets.woolworths.com.au/images/1005/105958.jpg?impolicy=wowsmkqiema&w=260&h=260,
Decor Vent & Seal Glass Container Round 1.5L each,16.5,,https://assets.woolworths.com.au/images/1005/105957.jpg?impolicy=wowsmkqiema&w=260&h=260,
Decor Vent & Seal Glass Container Round 500mL each,10.5,,https://assets.woolworths.com.au/images/1005/105955.jpg?impolicy=wowsmkqiema&w=260&h=260,
Decor Vent & Seal Glass Container Round 750mL each,13.0,,https://assets.woolworths.com.au/images/1005/105956.jpg?impolicy=wowsmkqiema&w=260&h=260,
Decor Wine & Coffee Travel Cup Insulated Assorted 350mL each,9.8,,https://assets.woolworths.com.au/images/1005/84278.jpg?impolicy=wowsmkqiema&w=260&h=260,
Decor XXL Insulated Stainless Steel Water Bottle Assorted 2L each,27.5,,https://assets.woolworths.com.au/images/1005/911998.jpg?impolicy=wowsmkqiema&w=260&h=260,
Decor Zen Glass Silicone Bottle Assorted 600mL each,9.5,,https://assets.woolworths.com.au/images/1005/155187.jpg?impolicy=wowsmkqiema&w=260&h=260,
Deeko Extra Thick Serviette 1Ply 75 pack,3.0,,https://assets.woolworths.com.au/images/1005/31424.jpg?impolicy=wowsmkqiema&w=260&h=260,
Deeko Napkins In A Box 80 pack,2.0,,https://assets.woolworths.com.au/images/1005/6029516.jpg?impolicy=wowsmkqiema&w=260&h=260,
Deeko Paper Cups Assorted 15 pack,3.15,,https://assets.woolworths.com.au/images/1005/230108.jpg?impolicy=wowsmkqiema&w=260&h=260,
Deeko Serviettes Lunch 2 Ply Assorted 50 pack,3.3,,https://assets.woolworths.com.au/images/1005/31417.jpg?impolicy=wowsmkqiema&w=260&h=260,
Deeko Sugarcane Plates Assorted 26cm 6 pack,3.15,,https://assets.woolworths.com.au/images/1005/228922.jpg?impolicy=wowsmkqiema&w=260&h=260,
Deeko Sugarcane Side Plates Assorted 6 pack,2.6,,https://assets.woolworths.com.au/images/1005/227995.jpg?impolicy=wowsmkqiema&w=260&h=260,
Delicious Special Magazine each,13.99,,https://assets.woolworths.com.au/images/1005/671742.jpg?impolicy=wowsmkqiema&w=260&h=260,
Diabetic Living Magazine each,10.5,,https://assets.woolworths.com.au/images/1005/257831.jpg?impolicy=wowsmkqiema&w=260&h=260,
Disney Frozen Bumper Gift Pack Magazine each,14.99,,https://assets.woolworths.com.au/images/1005/6027927.jpg?impolicy=wowsmkqiema&w=260&h=260,
Disney Giftables Series Assorted each,13.6,,https://assets.woolworths.com.au/images/1005/109585.jpg?impolicy=wowsmkqiema&w=260&h=260,
Disney Moana Puffy Sticker Book each,2.8,,https://assets.woolworths.com.au/images/1005/6070098.jpg?impolicy=wowsmkqiema&w=260&h=260,
Disney Pixar Cars Mini Vehicles Assorted 3 pack,12.6,,https://assets.woolworths.com.au/images/1005/82811.jpg?impolicy=wowsmkqiema&w=260&h=260,
Disney Princess Doll Assorted each,6.0,,https://assets.woolworths.com.au/images/1005/6038736.jpg?impolicy=wowsmkqiema&w=260&h=260,
Dollar Sweets 10 Inch Round Cake Board 2 pack,3.25,,https://assets.woolworths.com.au/images/1005/804124.jpg?impolicy=wowsmkqiema&w=260&h=260,
Dollar Sweets Assorted Large Patty Pans 100 pack,3.0,,https://assets.woolworths.com.au/images/1005/147733.jpg?impolicy=wowsmkqiema&w=260&h=260,
Dollar Sweets Colourful Candles 16 pack,3.0,,https://assets.woolworths.com.au/images/1005/209638.jpg?impolicy=wowsmkqiema&w=260&h=260,
Dollar Sweets Foil Patty Pans Assorted 100 pach,3.75,,https://assets.woolworths.com.au/images/1005/147534.jpg?impolicy=wowsmkqiema&w=260&h=260,
Dollar Sweets Happy Birthday Acrylic Plaque Small each,3.95,,https://assets.woolworths.com.au/images/1005/210428.jpg?impolicy=wowsmkqiema&w=260&h=260,
Dollar Sweets Happy Birthday Candle each,3.0,,https://assets.woolworths.com.au/images/1005/211984.jpg?impolicy=wowsmkqiema&w=260&h=260,
Dollar Sweets Muffin Cases Assorted 100 pack,3.0,,https://assets.woolworths.com.au/images/1005/183572.jpg?impolicy=wowsmkqiema&w=260&h=260,
Dollar Sweets Piping Bag Kit 1 pc,3.5,,https://assets.woolworths.com.au/images/1005/68823.jpg?impolicy=wowsmkqiema&w=260&h=260,
Dollar Sweets Piping Bags Refill 20 pack,4.5,,https://assets.woolworths.com.au/images/1005/210507.jpg?impolicy=wowsmkqiema&w=260&h=260,
Dollar Sweets Polka Dot Mini Patty Pans Assorted 100 pack,2.5,,https://assets.woolworths.com.au/images/1005/147626.jpg?impolicy=wowsmkqiema&w=260&h=260,
Dollar Sweets Striped Patty Pans Small Assorted 100 pack,3.0,,https://assets.woolworths.com.au/images/1005/147533.jpg?impolicy=wowsmkqiema&w=260&h=260,
Dollar Sweets Unbleached Muffin Wraps 36 pack,5.0,,https://assets.woolworths.com.au/images/1005/210066.jpg?impolicy=wowsmkqiema&w=260&h=260,
Dollar Sweets Unbleached Patty Pans Large 100 pack,3.5,,https://assets.woolworths.com.au/images/1005/210562.jpg?impolicy=wowsmkqiema&w=260&h=260,
Dollar Sweets White Muffin Wraps 36 pack,4.5,,https://assets.woolworths.com.au/images/1005/183075.jpg?impolicy=wowsmkqiema&w=260&h=260,
Dr.Scholl's 24 Hour Energy Multipurpose Insoles Large each,24.5,,https://assets.woolworths.com.au/images/1005/6029190.jpg?impolicy=wowsmkqiema&w=260&h=260,
Dr.Scholl's Ultra Odour Fighting Foot Powder 85g,4.2,,https://assets.woolworths.com.au/images/1005/6028299.jpg?impolicy=wowsmkqiema&w=260&h=260,
Dymo LetraTag 100H Handheld Labeller Blue each,55.0,,https://assets.woolworths.com.au/images/1005/232052.jpg?impolicy=wowsmkqiema&w=260&h=260,
Dymo LetraTag Paper Tape 12mm x 4M White 2 pack,17.0,,https://assets.woolworths.com.au/images/1005/305889.jpg?impolicy=wowsmkqiema&w=260&h=260,
Dymo Letratag Plastic Tape 12mm x 4m each,18.5,,https://assets.woolworths.com.au/images/1005/546786.jpg?impolicy=wowsmkqiema&w=260&h=260,
Dymo LetraTag Plastic Tape 12mm x 4M White each,18.5,,https://assets.woolworths.com.au/images/1005/232054.jpg?impolicy=wowsmkqiema&w=260&h=260,
Elmer's Crunchy Premade Variety 2 pack,14.0,,https://assets.woolworths.com.au/images/1005/238184.jpg?impolicy=wowsmkqiema&w=260&h=260,
Elmer's Fluffy Slime Kit 4 pack,30.0,,https://assets.woolworths.com.au/images/1005/6033861.jpg?impolicy=wowsmkqiema&w=260&h=260,
Elmer's Glow In The Dark Glue Blue 147mL,6.3,,https://assets.woolworths.com.au/images/1005/54850.jpg?impolicy=wowsmkqiema&w=260&h=260,
Elmer's Gue Fruity Slushie Premade Slime 236.5mL,7.5,,https://assets.woolworths.com.au/images/1005/96346.jpg?impolicy=wowsmkqiema&w=260&h=260,
Elmer's Gue Glassy Clear Slime 236.5mL,9.0,,https://assets.woolworths.com.au/images/1005/96932.jpg?impolicy=wowsmkqiema&w=260&h=260,
Elmer's Gue Unicorn Butter Slime 236.5mL,12.0,,https://assets.woolworths.com.au/images/1005/156602.jpg?impolicy=wowsmkqiema&w=260&h=260,
Elmer's Gue Unicorn Dream Slime Kit 3 pack,26.0,,https://assets.woolworths.com.au/images/1005/142250.jpg?impolicy=wowsmkqiema&w=260&h=260,
Elmer's Gue With Candy Blast Mix In's Premade Slime 236.5mL,12.0,,https://assets.woolworths.com.au/images/1005/296987.jpg?impolicy=wowsmkqiema&w=260&h=260,
Elmer's Liquid School Glue Clear 148mL,7.8,,https://assets.woolworths.com.au/images/1005/652127.jpg?impolicy=wowsmkqiema&w=260&h=260,
Elmer's Liquid School Glue Non Toxic 946mL,22.0,,https://assets.woolworths.com.au/images/1005/809406.jpg?impolicy=wowsmkqiema&w=260&h=260,
Elmer's Metallic Glue Teal 147mL,4.4,,https://assets.woolworths.com.au/images/1005/241180.jpg?impolicy=wowsmkqiema&w=260&h=260,
Elmer's Stretch N Create Dough Kit each,25.0,,https://assets.woolworths.com.au/images/1005/6052829.jpg?impolicy=wowsmkqiema&w=260&h=260,
Emtec Gold Memory Card & Adapter 32GB each,34.0,,https://assets.woolworths.com.au/images/1005/242189.jpg?impolicy=wowsmkqiema&w=260&h=260,
Emtec Style Flash Drive 32GB USB each,19.0,,https://assets.woolworths.com.au/images/1005/242687.jpg?impolicy=wowsmkqiema&w=260&h=260,
Emtec Style Flash Drive 64GB USB each,34.0,,https://assets.woolworths.com.au/images/1005/242598.jpg?impolicy=wowsmkqiema&w=260&h=260,
Energizer 1220 CR1220 Lithium Coin Battery each,6.5,,https://assets.woolworths.com.au/images/1005/221398.jpg?impolicy=wowsmkqiema&w=260&h=260,
Energizer 123 Lithium Photo Battery 2 pack,24.0,,https://assets.woolworths.com.au/images/1005/693111.jpg?impolicy=wowsmkqiema&w=260&h=260,
Energizer 1616 CR1616 Lithium Coin Battery each,6.5,,https://assets.woolworths.com.au/images/1005/222571.jpg?impolicy=wowsmkqiema&w=260&h=260,
Energizer 1620 CR1620 Lithium Coin Battery each,7.75,,https://assets.woolworths.com.au/images/1005/221096.jpg?impolicy=wowsmkqiema&w=260&h=260,
Energizer 1632 CR1632 Lithium Coin Battery 2 pack,13.5,,https://assets.woolworths.com.au/images/1005/222606.jpg?impolicy=wowsmkqiema&w=260&h=260,
Energizer 2016 CR2016 Lithium Coin Battery 2 pack,10.5,,https://assets.woolworths.com.au/images/1005/221095.jpg?impolicy=wowsmkqiema&w=260&h=260,
Energizer 2016 CR2016 Lithium Coin Battery 4 pack,18.6,,https://assets.woolworths.com.au/images/1005/222655.jpg?impolicy=wowsmkqiema&w=260&h=260,
Energizer 2025 CR2025 Lithium Coin Battery 2 pack,10.5,,https://assets.woolworths.com.au/images/1005/221766.jpg?impolicy=wowsmkqiema&w=260&h=260,
Energizer 2025 CR2025 Lithium Coin Battery 4 pack,18.5,,https://assets.woolworths.com.au/images/1005/221056.jpg?impolicy=wowsmkqiema&w=260&h=260,
Energizer 2025 CR2025 Lithium Coin Battery 6 pack,21.25,,https://assets.woolworths.com.au/images/1005/426995.jpg?impolicy=wowsmkqiema&w=260&h=260,
Energizer 2032 CR2032 Lithium Coin Battery 2 pack,10.5,,https://assets.woolworths.com.au/images/1005/221795.jpg?impolicy=wowsmkqiema&w=260&h=260,
Energizer 2032 CR2032 Lithium Coin Battery 3 pack,14.2,,https://assets.woolworths.com.au/images/1005/224471.jpg?impolicy=wowsmkqiema&w=260&h=260,
Energizer 2032 CR2032 Lithium Coin Battery 4 pack,18.5,,https://assets.woolworths.com.au/images/1005/220990.jpg?impolicy=wowsmkqiema&w=260&h=260,
Energizer 2032 CR2032 Lithium Coin Battery 6 pack,21.25,,https://assets.woolworths.com.au/images/1005/430873.jpg?impolicy=wowsmkqiema&w=260&h=260,
Energizer 2430 CR2430 Lithium Coin Battery each,6.5,,https://assets.woolworths.com.au/images/1005/222768.jpg?impolicy=wowsmkqiema&w=260&h=260,
Energizer 2450 CR2450 Lithium Coin Battery each,7.5,,https://assets.woolworths.com.au/images/1005/221775.jpg?impolicy=wowsmkqiema&w=260&h=260,
Energizer 357 303 Silver Oxide Watch Button Battery each,6.85,,https://assets.woolworths.com.au/images/1005/222479.jpg?impolicy=wowsmkqiema&w=260&h=260,
Energizer 377 Silver Oxide Watch Button Battery each,6.5,,https://assets.woolworths.com.au/images/1005/222604.jpg?impolicy=wowsmkqiema&w=260&h=260,
Energizer A23 Alkaline Specialty Battery 2 pack,8.0,,https://assets.woolworths.com.au/images/1005/226813.jpg?impolicy=wowsmkqiema&w=260&h=260,
Energizer A23 Alkaline Specialty Battery 4 pack,13.9,,https://assets.woolworths.com.au/images/1005/57615.jpg?impolicy=wowsmkqiema&w=260&h=260,
Energizer A27 Alkaline Specialty Battery each,3.5,,https://assets.woolworths.com.au/images/1005/825151.jpg?impolicy=wowsmkqiema&w=260&h=260,
Energizer AAAA E96 Alkaline Specialty Battery 2 pack,12.0,,https://assets.woolworths.com.au/images/1005/962222.jpg?impolicy=wowsmkqiema&w=260&h=260,
Energizer CR2 Lithium Photo Battery each,15.75,,https://assets.woolworths.com.au/images/1005/114866.jpg?impolicy=wowsmkqiema&w=260&h=260,
Energizer CR2016 Ultimate Lithium Coin Battery 3-In-1 Child Shield 2 pack,13.1,,https://assets.woolworths.com.au/images/1005/925694.jpg?impolicy=wowsmkqiema&w=260&h=260,
Energizer CR2025 Ultimate Lithium Coin Battery 3-In-1 Child Shield 2 pack,13.1,,https://assets.woolworths.com.au/images/1005/918939.jpg?impolicy=wowsmkqiema&w=260&h=260,
Energizer CR2032 Ultimate Lithium Coin Battery 3-In-1 Child Shield 2 pack,13.1,,https://assets.woolworths.com.au/images/1005/918938.jpg?impolicy=wowsmkqiema&w=260&h=260,
Energizer CR2032 Ultimate Lithium Coin Battery 3-In-1 Child Shield 4 pack,21.8,,https://assets.woolworths.com.au/images/1005/924893.jpg?impolicy=wowsmkqiema&w=260&h=260,
Energizer E90 Alkaline Specialty Battery 2 pack,10.0,,https://assets.woolworths.com.au/images/1005/106429.jpg?impolicy=wowsmkqiema&w=260&h=260,
Energizer Hearing Aid Batteries 312 8 pack,13.3,,https://assets.woolworths.com.au/images/1005/225722.jpg?impolicy=wowsmkqiema&w=260&h=260,
Energizer Hearing Aid Batteries Size 10 8 pack,13.3,,https://assets.woolworths.com.au/images/1005/224438.jpg?impolicy=wowsmkqiema&w=260&h=260,
Energizer Hearing Aid Batteries Size 13 8 pack,13.3,,https://assets.woolworths.com.au/images/1005/224662.jpg?impolicy=wowsmkqiema&w=260&h=260,
Energizer LR44 A544 Alkaline Specialty Battery each,20.0,,https://assets.woolworths.com.au/images/1005/685629.jpg?impolicy=wowsmkqiema&w=260&h=260,
Energizer LR44 A76 Alkaline Button Battery 2 pack,8.0,,https://assets.woolworths.com.au/images/1005/221175.jpg?impolicy=wowsmkqiema&w=260&h=260,
Energizer Max 6-Volt Alkaline Battery each,23.5,,https://assets.woolworths.com.au/images/1005/91008.jpg?impolicy=wowsmkqiema&w=260&h=260,
Energizer Max 9V Alkaline Batteries 4 pack,25.0,,https://assets.woolworths.com.au/images/1005/710051.jpg?impolicy=wowsmkqiema&w=260&h=260,
Energizer Max 9V Alkaline Battery 2 pack,18.0,,https://assets.woolworths.com.au/images/1005/70360.jpg?impolicy=wowsmkqiema&w=260&h=260,
Energizer Max AA Alkaline Batteries 10 pack,15.0,,https://assets.woolworths.com.au/images/1005/70613.jpg?impolicy=wowsmkqiema&w=260&h=260,
Energizer Max AA Alkaline Batteries 16 pack,28.5,,https://assets.woolworths.com.au/images/1005/23597.jpg?impolicy=wowsmkqiema&w=260&h=260,
Energizer Max AA Alkaline Batteries 24 pack,30.0,,https://assets.woolworths.com.au/images/1005/430270.jpg?impolicy=wowsmkqiema&w=260&h=260,
Energizer Max AA Alkaline Batteries 4 pack,8.0,,https://assets.woolworths.com.au/images/1005/11464.jpg?impolicy=wowsmkqiema&w=260&h=260,
Energizer Max AA Alkaline Batteries 6 pack,12.0,,https://assets.woolworths.com.au/images/1005/78690.jpg?impolicy=wowsmkqiema&w=260&h=260,
Energizer Max AAA Alkaline Batteries 10 pack,15.0,,https://assets.woolworths.com.au/images/1005/431163.jpg?impolicy=wowsmkqiema&w=260&h=260,
Energizer Max AAA Alkaline Batteries 16 pack,28.5,,https://assets.woolworths.com.au/images/1005/425291.jpg?impolicy=wowsmkqiema&w=260&h=260,
Energizer Max AAA Alkaline Batteries 24 pack,30.0,,https://assets.woolworths.com.au/images/1005/848417.jpg?impolicy=wowsmkqiema&w=260&h=260,
Energizer Max AAA Alkaline Batteries 4 pack,8.0,,https://assets.woolworths.com.au/images/1005/73629.jpg?impolicy=wowsmkqiema&w=260&h=260,
Energizer Max AAA Alkaline Batteries 6 pack,12.0,,https://assets.woolworths.com.au/images/1005/676356.jpg?impolicy=wowsmkqiema&w=260&h=260,
Energizer Max D Alkaline Batteries 4 pack,17.2,,https://assets.woolworths.com.au/images/1005/70655.jpg?impolicy=wowsmkqiema&w=260&h=260,
Energizer Max Plus Advanced 9V each,12.2,,https://assets.woolworths.com.au/images/1005/124580.jpg?impolicy=wowsmkqiema&w=260&h=260,
Energizer Max Plus High Performance 9V Alkaline Battery 2 pack,14.35,,https://assets.woolworths.com.au/images/1005/795312.jpg?impolicy=wowsmkqiema&w=260&h=260,
Energizer Max Plus High Performance AA Alkaline Batteries 10 pack,23.0,,https://assets.woolworths.com.au/images/1005/335216.jpg?impolicy=wowsmkqiema&w=260&h=260,
Energizer Max Plus High Performance AA Alkaline Batteries 16 pack,15.0,,https://assets.woolworths.com.au/images/1005/693102.jpg?impolicy=wowsmkqiema&w=260&h=260,
Energizer Max Plus High Performance AA Alkaline Batteries 4 pack,10.3,,https://assets.woolworths.com.au/images/1005/124570.jpg?impolicy=wowsmkqiema&w=260&h=260,
Energizer Max Plus High Performance AAA Alkaline Batteries 10 Pack,23.0,,https://assets.woolworths.com.au/images/1005/335219.jpg?impolicy=wowsmkqiema&w=260&h=260,
Energizer Max Plus High Performance AAA Alkaline Batteries 16 pack,15.0,,https://assets.woolworths.com.au/images/1005/693103.jpg?impolicy=wowsmkqiema&w=260&h=260,
Energizer Max Plus High Performance AAA Alkaline Batteries 4 pack,10.3,,https://assets.woolworths.com.au/images/1005/124566.jpg?impolicy=wowsmkqiema&w=260&h=260,
Energizer Max Plus High Performance C Alkaline Batteries 4 pack,20.0,,https://assets.woolworths.com.au/images/1005/693685.jpg?impolicy=wowsmkqiema&w=260&h=260,
Energizer Max Plus High Performance D Alkaline Batteries 4 pack,20.0,,https://assets.woolworths.com.au/images/1005/693104.jpg?impolicy=wowsmkqiema&w=260&h=260,
Energizer Maxi Charger Rechargable AA & AAA Batteries each,37.4,,https://assets.woolworths.com.au/images/1005/670596.jpg?impolicy=wowsmkqiema&w=260&h=260,
Energizer Ultimate Lithium High Performance Battery 9V each,20.0,,https://assets.woolworths.com.au/images/1005/363830.jpg?impolicy=wowsmkqiema&w=260&h=260,
Eveready Dolphin 6V Heavy Duty Battery each,20.8,,https://assets.woolworths.com.au/images/1005/322135.jpg?impolicy=wowsmkqiema&w=260&h=260,
Eveready Gold 9V Alkaline Batteries 2 pack,14.2,,https://assets.woolworths.com.au/images/1005/187727.jpg?impolicy=wowsmkqiema&w=260&h=260,
Eveready Gold AA Alkaline Batteries 16 pack,10.0,,https://assets.woolworths.com.au/images/1005/425295.jpg?impolicy=wowsmkqiema&w=260&h=260,
Eveready Gold AA Alkaline Batteries 4 pack,6.75,,https://assets.woolworths.com.au/images/1005/21016.jpg?impolicy=wowsmkqiema&w=260&h=260,
Eveready Gold AA Alkaline Batteries 8 pack,13.9,,https://assets.woolworths.com.au/images/1005/435454.jpg?impolicy=wowsmkqiema&w=260&h=260,
Eveready Gold AAA Alkaline Batteries 16 pack,10.0,,https://assets.woolworths.com.au/images/1005/743634.jpg?impolicy=wowsmkqiema&w=260&h=260,
Eveready Gold AAA Alkaline Batteries 4 pack,6.75,,https://assets.woolworths.com.au/images/1005/21027.jpg?impolicy=wowsmkqiema&w=260&h=260,
Eveready Gold AAA Alkaline Batteries 8 pack,13.9,,https://assets.woolworths.com.au/images/1005/435444.jpg?impolicy=wowsmkqiema&w=260&h=260,
Eveready Gold C Alkaline Batteries 4 pack,14.9,,https://assets.woolworths.com.au/images/1005/187717.jpg?impolicy=wowsmkqiema&w=260&h=260,
Eveready Gold D Alkaline Batteries 4 pack,14.9,,https://assets.woolworths.com.au/images/1005/187728.jpg?impolicy=wowsmkqiema&w=260&h=260,
Eveready Silver AA Alkaline Batteries 14 pack,13.15,,https://assets.woolworths.com.au/images/1005/435420.jpg?impolicy=wowsmkqiema&w=260&h=260,
Eveready Silver AA Alkaline Batteries 8 pack,8.3,,https://assets.woolworths.com.au/images/1005/440913.jpg?impolicy=wowsmkqiema&w=260&h=260,
Eveready Silver AAA Alkaline Batteries 14 pack,13.15,,https://assets.woolworths.com.au/images/1005/435642.jpg?impolicy=wowsmkqiema&w=260&h=260,
Eveready Silver AAA Alkaline Batteries 8 pack,8.3,,https://assets.woolworths.com.au/images/1005/432598.jpg?impolicy=wowsmkqiema&w=260&h=260,
Exploding Kittens Card Game 2 Player Edition each,10.0,,https://assets.woolworths.com.au/images/1005/6000439.jpg?impolicy=wowsmkqiema&w=260&h=260,
Expo Whiteboard Marker Pens Bullet Tip Assorted Colours 4 pack,13.0,,https://assets.woolworths.com.au/images/1005/64003.jpg?impolicy=wowsmkqiema&w=260&h=260,
Expo Whiteboard Marker Pens Chisel Tip Starter Set 6 pack,17.0,,https://assets.woolworths.com.au/images/1005/521443.jpg?impolicy=wowsmkqiema&w=260&h=260,
Expo Whiteboard Marker Pens Fine Point Fashion Colours 8 pack,18.0,,https://assets.woolworths.com.au/images/1005/521510.jpg?impolicy=wowsmkqiema&w=260&h=260,
Expo Whiteboard Vibrant Marker Pens Chisel Tip 12 pack,18.2,,https://assets.woolworths.com.au/images/1005/118558.jpg?impolicy=wowsmkqiema&w=260&h=260,
Faber-Castell Coloured Pencils 24 pack,9.25,,https://assets.woolworths.com.au/images/1005/933690.jpg?impolicy=wowsmkqiema&w=260&h=260,
Faber-Castell Connectore Pens Neon & Pastel 20 pack,8.8,,https://assets.woolworths.com.au/images/1005/120006.jpg?impolicy=wowsmkqiema&w=260&h=260,
Faber-Castell Junior Triangular Graphite Writing Pencils HB 3 pack,3.5,,https://assets.woolworths.com.au/images/1005/914503.jpg?impolicy=wowsmkqiema&w=260&h=260,
Faber-Castell Triangular Colour Pencils Tri Grip 12 pack,5.0,,https://assets.woolworths.com.au/images/1005/254009.jpg?impolicy=wowsmkqiema&w=260&h=260,
Festiva Butane Gas Canisters 4 pack,10.0,,https://assets.woolworths.com.au/images/1005/172279.jpg?impolicy=wowsmkqiema&w=260&h=260,
Footcare Memory Foam Insole Men Pair each,21.0,,https://assets.woolworths.com.au/images/1005/670026.jpg?impolicy=wowsmkqiema&w=260&h=260,
Footcare Memory Foam Insoles Womens Pair each,21.0,,https://assets.woolworths.com.au/images/1005/634280.jpg?impolicy=wowsmkqiema&w=260&h=260,
Footy Feud Card Game each,10.0,,https://assets.woolworths.com.au/images/1005/858035.jpg?impolicy=wowsmkqiema&w=260&h=260,
For Her Crew Socks Black Size 5-8 5 pack,7.0,,https://assets.woolworths.com.au/images/1005/99176.jpg?impolicy=wowsmkqiema&w=260&h=260,
For Her Crew Socks Black Size 9-11 5 pack,7.0,,https://assets.woolworths.com.au/images/1005/99177.jpg?impolicy=wowsmkqiema&w=260&h=260,
For Her Cushioned Low Cut Sport Socks Size 9-11 White 5 pack,8.0,,https://assets.woolworths.com.au/images/1005/912374.jpg?impolicy=wowsmkqiema&w=260&h=260,
For Her Full Briefs Size 18-20 Assorted 5 pack,12.0,,https://assets.woolworths.com.au/images/1005/39707.jpg?impolicy=wowsmkqiema&w=260&h=260,
For Her Ladies Cushioned Low Cut Sport Socks Size 5-8 5 pack,8.0,,https://assets.woolworths.com.au/images/1005/912342.jpg?impolicy=wowsmkqiema&w=260&h=260,
For Him Business Socks Black Size 11-14 5 pack,10.0,,https://assets.woolworths.com.au/images/1005/99180.jpg?impolicy=wowsmkqiema&w=260&h=260,
For Him Business Socks Size 6-10 5 pack,10.0,,https://assets.woolworths.com.au/images/1005/99179.jpg?impolicy=wowsmkqiema&w=260&h=260,
For Him Fly Front Trunks Large Assorted 3 pack,12.0,,https://assets.woolworths.com.au/images/1005/99173.jpg?impolicy=wowsmkqiema&w=260&h=260,
For Him Fly Front Trunks Medium Assorted 3 pack,12.0,,https://assets.woolworths.com.au/images/1005/99172.jpg?impolicy=wowsmkqiema&w=260&h=260,
For Him Fly Front Trunks XLarge Assorted 3 pack,12.0,,https://assets.woolworths.com.au/images/1005/99174.jpg?impolicy=wowsmkqiema&w=260&h=260,
For Him Low Cut Sport Socks Size 6-10 Assorted 5 pack,10.0,,https://assets.woolworths.com.au/images/1005/99181.jpg?impolicy=wowsmkqiema&w=260&h=260,
For Him Low Cut Sport Socks White Size 11-14 5 pack,10.0,,https://assets.woolworths.com.au/images/1005/99182.jpg?impolicy=wowsmkqiema&w=260&h=260,
For Him Mens Woven Boxer Medium 2 pack,15.0,,https://assets.woolworths.com.au/images/1005/912330.jpg?impolicy=wowsmkqiema&w=260&h=260,
For Him Mens Woven Boxers Large 2 pack,15.0,,https://assets.woolworths.com.au/images/1005/912359.jpg?impolicy=wowsmkqiema&w=260&h=260,
For Kids Boys Briefs Size 3-4 5 pack,10.0,,https://assets.woolworths.com.au/images/1005/40677.jpg?impolicy=wowsmkqiema&w=260&h=260,
For Kids Full Crew Cushioned Sports Socks Size 13-3 4 pack,10.0,,https://assets.woolworths.com.au/images/1005/912347.jpg?impolicy=wowsmkqiema&w=260&h=260,
For Kids Full Crew Cushioned Sports Socks Size 9-12 4 pack,10.0,,https://assets.woolworths.com.au/images/1005/912367.jpg?impolicy=wowsmkqiema&w=260&h=260,
For Kids Full Crew Sports Socks Size 5-8 4 pack,10.0,,https://assets.woolworths.com.au/images/1005/912317.jpg?impolicy=wowsmkqiema&w=260&h=260,
For Kids Girls Briefs Sizes 3-4 Assorted 5 pack,10.0,,https://assets.woolworths.com.au/images/1005/40716.jpg?impolicy=wowsmkqiema&w=260&h=260,
Frankie Magazine each,14.95,,https://assets.woolworths.com.au/images/1005/317567.jpg?impolicy=wowsmkqiema&w=260&h=260,
Fun To Learn Peppa Pig Magazine each,14.99,,https://assets.woolworths.com.au/images/1005/769903.jpg?impolicy=wowsmkqiema&w=260&h=260,
Gardening Australia Magazine each,9.5,,https://assets.woolworths.com.au/images/1005/64896.jpg?impolicy=wowsmkqiema&w=260&h=260,
Go Play! Air Loopz Assorted 2 pack,9.0,,https://assets.woolworths.com.au/images/1005/915594.jpg?impolicy=wowsmkqiema&w=260&h=260,
Gourmet Traveller Magazine each,12.99,,https://assets.woolworths.com.au/images/1005/55573.jpg?impolicy=wowsmkqiema&w=260&h=260,
Great Aussie Wipes BBQ X Large 10 pack,3.0,,https://assets.woolworths.com.au/images/1005/103177.jpg?impolicy=wowsmkqiema&w=260&h=260,
GreenLife Ceramic Non Stick Frypan 20cm each,32.0,,https://assets.woolworths.com.au/images/1005/6026551.jpg?impolicy=wowsmkqiema&w=260&h=260,
GreenLife Ceramic Non Stick Frypan 26cm each,36.0,,https://assets.woolworths.com.au/images/1005/6026436.jpg?impolicy=wowsmkqiema&w=260&h=260,
Grillworx 3 In 1 Long Cleaning Brush each,6.5,,https://assets.woolworths.com.au/images/1005/94750.jpg?impolicy=wowsmkqiema&w=260&h=260,
Grillworx Bamboo Flat Skewers 25 pack,5.5,,https://assets.woolworths.com.au/images/1005/94743.jpg?impolicy=wowsmkqiema&w=260&h=260,
Grillworx BBQ Hot Plate Liner each,10.0,,https://assets.woolworths.com.au/images/1005/94749.jpg?impolicy=wowsmkqiema&w=260&h=260,
Grillworx Digital Food Thermometer each,15.0,,https://assets.woolworths.com.au/images/1005/95068.jpg?impolicy=wowsmkqiema&w=260&h=260,
Grillworx Ezi Lighter Assorted each,10.2,,https://assets.woolworths.com.au/images/1005/171869.jpg?impolicy=wowsmkqiema&w=260&h=260,
Grillworx Flexi Lighter Assorted each,7.3,,https://assets.woolworths.com.au/images/1005/172278.jpg?impolicy=wowsmkqiema&w=260&h=260,
Grillworx Handy Lighter Assorted each,10.2,,https://assets.woolworths.com.au/images/1005/172412.jpg?impolicy=wowsmkqiema&w=260&h=260,
Grillworx Hybrid Lighter 2 pack,8.7,,https://assets.woolworths.com.au/images/1005/334338.jpg?impolicy=wowsmkqiema&w=260&h=260,
Grillworx Long Tongs 40cm each,6.0,,https://assets.woolworths.com.au/images/1005/94747.jpg?impolicy=wowsmkqiema&w=260&h=260,
Grillworx Portable Insect Fan each,15.0,,https://assets.woolworths.com.au/images/1005/102214.jpg?impolicy=wowsmkqiema&w=260&h=260,
Grillworx Push Button Refillable Lighter Assorted each,8.7,,https://assets.woolworths.com.au/images/1005/172472.jpg?impolicy=wowsmkqiema&w=260&h=260,
Grillworx T Grill Wire Brush each,7.5,,https://assets.woolworths.com.au/images/1005/94733.jpg?impolicy=wowsmkqiema&w=260&h=260,
Gui Gui K-Pop Demon Hunters Slime Kit each,20.0,,https://assets.woolworths.com.au/images/1005/6064995.jpg?impolicy=wowsmkqiema&w=260&h=260,
Harmony of Colour Magazine each,14.95,,https://assets.woolworths.com.au/images/1005/936508.jpg?impolicy=wowsmkqiema&w=260&h=260,
Haven 10.1cm Ocean Tide Fig & Lily Soy Blend Candle each,10.4,,https://assets.woolworths.com.au/images/1005/668554.jpg?impolicy=wowsmkqiema&w=260&h=260,
Haven Glass Photo Frame 4 x 6 each,10.0,,https://assets.woolworths.com.au/images/1005/6032301.jpg?impolicy=wowsmkqiema&w=260&h=260,
Haven Island Escape Mango & Kiwi Soy Blend Candle each,12.0,,https://assets.woolworths.com.au/images/1005/284900.jpg?impolicy=wowsmkqiema&w=260&h=260,
Haven Luxe Candle 3 Wick Gardenia & Sandalwood each,20.0,,https://assets.woolworths.com.au/images/1005/662147.jpg?impolicy=wowsmkqiema&w=260&h=260,
Haven Luxe Reed Diffuser Cocktail Hour Vanilla & Tonka 150mL,16.0,,https://assets.woolworths.com.au/images/1005/6021373.jpg?impolicy=wowsmkqiema&w=260&h=260,
Haven Luxe Reed Diffuser Urban Jungle Vanilla & Sage 150mL,16.0,,https://assets.woolworths.com.au/images/1005/6021326.jpg?impolicy=wowsmkqiema&w=260&h=260,
Haven Poolside Resort Coconut & Lime Soy Blend Candle each,12.0,,https://assets.woolworths.com.au/images/1005/284061.jpg?impolicy=wowsmkqiema&w=260&h=260,
Haven Velvet Bloom Prosecco & Peony Soy Blend Candle each,10.4,,https://assets.woolworths.com.au/images/1005/286058.jpg?impolicy=wowsmkqiema&w=260&h=260,
Heat Beads Easy-Lite Bbq Briquettes 3kg,13.25,,https://assets.woolworths.com.au/images/1005/201167.jpg?impolicy=wowsmkqiema&w=260&h=260,
Heat Beads Wood Charcoal Bbq Briquettes 3kg,9.95,,https://assets.woolworths.com.au/images/1005/235417.jpg?impolicy=wowsmkqiema&w=260&h=260,
Hello Kitty Drink Bottle 700mL each,15.0,,https://assets.woolworths.com.au/images/1005/6028174.jpg?impolicy=wowsmkqiema&w=260&h=260,
Hello! Magazine each,9.5,,https://assets.woolworths.com.au/images/1005/266370.jpg?impolicy=wowsmkqiema&w=260&h=260,
Hercules Disposable Nitrile BBQ Gloves 20 pack,6.0,,https://assets.woolworths.com.au/images/1005/6004444.jpg?impolicy=wowsmkqiema&w=260&h=260,
Heroes of Goo Jit Zu Galaxy Blast Hero Pack Assorted each,20.0,,https://assets.woolworths.com.au/images/1005/97783.jpg?impolicy=wowsmkqiema&w=260&h=260,
Hinkler 5 Piece Pencil Sets Assorted each,8.5,,https://assets.woolworths.com.au/images/1005/603467.jpg?impolicy=wowsmkqiema&w=260&h=260,
Home Beautiful Magazine each,10.99,,https://assets.woolworths.com.au/images/1005/12758.jpg?impolicy=wowsmkqiema&w=260&h=260,
Hot Topic Collectable Glass Tumbler Assorted each,3.5,,https://assets.woolworths.com.au/images/1005/809835.jpg?impolicy=wowsmkqiema&w=260&h=260,
Hot Topic Flower Wax Relief Mug Assorted each,5.0,,https://assets.woolworths.com.au/images/1005/6020972.jpg?impolicy=wowsmkqiema&w=260&h=260,
Hot Topic Footed Tea Cup Assorted each,7.0,,https://assets.woolworths.com.au/images/1005/6020175.jpg?impolicy=wowsmkqiema&w=260&h=260,
Hot Topic Kids Sipper Bottle Assorted 577mL each,9.0,,https://assets.woolworths.com.au/images/1005/310428.jpg?impolicy=wowsmkqiema&w=260&h=260,
Hot Topic Licensed Mug Assorted 370mL each,6.0,,https://assets.woolworths.com.au/images/1005/432373.jpg?impolicy=wowsmkqiema&w=260&h=260,
Hot Wheels Mario Kart Asst Vehicles Assorted Each,11.0,,https://assets.woolworths.com.au/images/1005/847809.jpg?impolicy=wowsmkqiema&w=260&h=260,
Hot Wheels Monster Trucks Big Rigs each,11.0,,https://assets.woolworths.com.au/images/1005/470433.jpg?impolicy=wowsmkqiema&w=260&h=260,
Hot Wheels Pull Back Speeders Assorted each,12.5,,https://assets.woolworths.com.au/images/1005/317720.jpg?impolicy=wowsmkqiema&w=260&h=260,
Hot Wheels Street Car Toys Assorted 5 pack,14.0,,https://assets.woolworths.com.au/images/1005/145685.jpg?impolicy=wowsmkqiema&w=260&h=260,
House & Garden Magazine each,10.99,,https://assets.woolworths.com.au/images/1005/13538.jpg?impolicy=wowsmkqiema&w=260&h=260,
Illooms Mixed Light Up LED Balloons 15 pack,14.0,,https://assets.woolworths.com.au/images/1005/234861.jpg?impolicy=wowsmkqiema&w=260&h=260,
Illooms Stars Light Up LED Balloons 5 pack,6.0,,https://assets.woolworths.com.au/images/1005/234859.jpg?impolicy=wowsmkqiema&w=260&h=260,
Infuse Bamboo Steamer 20cm each,9.6,,https://assets.woolworths.com.au/images/1005/102359.jpg?impolicy=wowsmkqiema&w=260&h=260,
Inspire Basic Fleece Throw each,6.0,,https://assets.woolworths.com.au/images/1005/12899.jpg?impolicy=wowsmkqiema&w=260&h=260,
Inspire Candle Care Kit each,18.0,,https://assets.woolworths.com.au/images/1005/6019845.jpg?impolicy=wowsmkqiema&w=260&h=260,
Inspire Ceramic Design Mug Assorted each,6.0,,https://assets.woolworths.com.au/images/1005/6024773.jpg?impolicy=wowsmkqiema&w=260&h=260,
Inspire Ceramic Heart Handle Mug Assorted each,6.0,,https://assets.woolworths.com.au/images/1005/6025545.jpg?impolicy=wowsmkqiema&w=260&h=260,
Inspire Ceramic Pet Mug Assorted each,6.0,,https://assets.woolworths.com.au/images/1005/6025270.jpg?impolicy=wowsmkqiema&w=260&h=260,
Inspire Cotton Blanket Queen Assorted each,35.0,,https://assets.woolworths.com.au/images/1005/79784.jpg?impolicy=wowsmkqiema&w=260&h=260,
Inspire Decal Glass Mug Assorted each,6.0,,https://assets.woolworths.com.au/images/1005/6024791.jpg?impolicy=wowsmkqiema&w=260&h=260,
Inspire Digital Bathroom Scales each,25.0,,https://assets.woolworths.com.au/images/1005/798638.jpg?impolicy=wowsmkqiema&w=260&h=260,
Inspire Double Wall Cafe Glasses Grey Assorted each,15.0,,https://assets.woolworths.com.au/images/1005/291715.jpg?impolicy=wowsmkqiema&w=260&h=260,
Inspire Double Wall Clear Mug each,8.0,,https://assets.woolworths.com.au/images/1005/6061956.jpg?impolicy=wowsmkqiema&w=260&h=260,
Inspire Embossed Mug Assorted each,4.0,,https://assets.woolworths.com.au/images/1005/88533.jpg?impolicy=wowsmkqiema&w=260&h=260,
Inspire Flocked Hanger 10 pack,7.0,,https://assets.woolworths.com.au/images/1005/829155.jpg?impolicy=wowsmkqiema&w=260&h=260,
Inspire Flora Wax Ceramic Mug Assorted each,6.0,,https://assets.woolworths.com.au/images/1005/6025259.jpg?impolicy=wowsmkqiema&w=260&h=260,
Inspire Fridge Storage Large Each,8.0,,https://assets.woolworths.com.au/images/1005/203949.jpg?impolicy=wowsmkqiema&w=260&h=260,
Inspire Fridge Storage Small Each,6.0,,https://assets.woolworths.com.au/images/1005/203948.jpg?impolicy=wowsmkqiema&w=260&h=260,
Inspire Fruit Ceramic Mug Assorted each,5.6,,https://assets.woolworths.com.au/images/1005/6066680.jpg?impolicy=wowsmkqiema&w=260&h=260,
Inspire Glass Tea Light Holder each,3.0,,https://assets.woolworths.com.au/images/1005/839537.jpg?impolicy=wowsmkqiema&w=260&h=260,
Inspire Hand Painted Flowers Mug each,6.0,,https://assets.woolworths.com.au/images/1005/6025258.jpg?impolicy=wowsmkqiema&w=260&h=260,
Inspire Household Candles Unscented 6 pack,4.0,,https://assets.woolworths.com.au/images/1005/285733.jpg?impolicy=wowsmkqiema&w=260&h=260,
Inspire Jumbo Mug each,6.0,,https://assets.woolworths.com.au/images/1005/86940.jpg?impolicy=wowsmkqiema&w=260&h=260,
Inspire Metal Pedal Bin 5L each,15.0,,https://assets.woolworths.com.au/images/1005/829916.jpg?impolicy=wowsmkqiema&w=260&h=260,
Inspire Metallic Mug Assorted each,6.0,,https://assets.woolworths.com.au/images/1005/291826.jpg?impolicy=wowsmkqiema&w=260&h=260,
Inspire Microfibre Bath Mat Lagoon 48X78cm each,20.0,,https://assets.woolworths.com.au/images/1005/731142.jpg?impolicy=wowsmkqiema&w=260&h=260,
Inspire Narrow Fridge Storage Each,6.0,,https://assets.woolworths.com.au/images/1005/203950.jpg?impolicy=wowsmkqiema&w=260&h=260,
Inspire Peva Shower Curtain each,12.0,,https://assets.woolworths.com.au/images/1005/798358.jpg?impolicy=wowsmkqiema&w=260&h=260,
Inspire Plastic Hanger 12 pack,5.0,,https://assets.woolworths.com.au/images/1005/829156.jpg?impolicy=wowsmkqiema&w=260&h=260,
Inspire Plastic Non-Slip Hanger 6 pack,8.0,,https://assets.woolworths.com.au/images/1005/693008.jpg?impolicy=wowsmkqiema&w=260&h=260,
Inspire Premium Bath Sheet  Cream Each,15.6,,https://assets.woolworths.com.au/images/1005/798628.jpg?impolicy=wowsmkqiema&w=260&h=260,
Inspire Premium Bath Sheet Charcoal Each,15.6,,https://assets.woolworths.com.au/images/1005/798629.jpg?impolicy=wowsmkqiema&w=260&h=260,
Inspire Premium Bath Towel  Cream Each,11.4,,https://assets.woolworths.com.au/images/1005/629890.jpg?impolicy=wowsmkqiema&w=260&h=260,
Inspire Premium Bath Towel Charcoal Each,11.4,,https://assets.woolworths.com.au/images/1005/629892.jpg?impolicy=wowsmkqiema&w=260&h=260,
Inspire Premium Face Washer Charcoal 2 Pack,7.2,,https://assets.woolworths.com.au/images/1005/798623.jpg?impolicy=wowsmkqiema&w=260&h=260,
Inspire Premium Face Washer Cream 2 Pack,7.2,,https://assets.woolworths.com.au/images/1005/798622.jpg?impolicy=wowsmkqiema&w=260&h=260,
Inspire Premium Hand Towel Charcoal each,7.2,,https://assets.woolworths.com.au/images/1005/798626.jpg?impolicy=wowsmkqiema&w=260&h=260,
Inspire Premium Hand Towel Cream each,7.2,,https://assets.woolworths.com.au/images/1005/798625.jpg?impolicy=wowsmkqiema&w=260&h=260,
Inspire Printed Velour Beach Towel Assorted each,14.0,,https://assets.woolworths.com.au/images/1005/286118.jpg?impolicy=wowsmkqiema&w=260&h=260,
Inspire Pvc Bath Mat 68cm X 39cm each,12.0,,https://assets.woolworths.com.au/images/1005/79530.jpg?impolicy=wowsmkqiema&w=260&h=260,
Inspire Ribbed Ceramic Mug Assorted each,5.0,,https://assets.woolworths.com.au/images/1005/6024689.jpg?impolicy=wowsmkqiema&w=260&h=260,
Inspire Shower Caddy 2 Level With Hook each,18.0,,https://assets.woolworths.com.au/images/1005/692589.jpg?impolicy=wowsmkqiema&w=260&h=260,
Inspire Soap Dish each,6.0,,https://assets.woolworths.com.au/images/1005/6019848.jpg?impolicy=wowsmkqiema&w=260&h=260,
Inspire Soap Dispenser each,7.0,,https://assets.woolworths.com.au/images/1005/6019914.jpg?impolicy=wowsmkqiema&w=260&h=260,
Inspire Splice Mug Assorted each,6.0,,https://assets.woolworths.com.au/images/1005/311086.jpg?impolicy=wowsmkqiema&w=260&h=260,
Inspire Toilet Brush Holder each,15.0,,https://assets.woolworths.com.au/images/1005/6019847.jpg?impolicy=wowsmkqiema&w=260&h=260,
Inspire Tumbler each,6.0,,https://assets.woolworths.com.au/images/1005/6019846.jpg?impolicy=wowsmkqiema&w=260&h=260,
Inspire Wire Skirt Trouser Hanger 3 pack,3.75,,https://assets.woolworths.com.au/images/1005/829600.jpg?impolicy=wowsmkqiema&w=260&h=260,
Jackson 1.5 Metre F-To-F TV Antenna Foxtel Cable With Pal Adaptors each,14.0,,https://assets.woolworths.com.au/images/1005/518035.jpg?impolicy=wowsmkqiema&w=260&h=260,
Jackson 1.5 Metre HDMI Cable each,22.0,,https://assets.woolworths.com.au/images/1005/518055.jpg?impolicy=wowsmkqiema&w=260&h=260,
Jackson Backlit Led Nightlight each,14.0,,https://assets.woolworths.com.au/images/1005/60145.jpg?impolicy=wowsmkqiema&w=260&h=260,
Jackson Dimmable Plug-In Night Light each,15.0,,https://assets.woolworths.com.au/images/1005/6063496.jpg?impolicy=wowsmkqiema&w=260&h=260,
Jackson LED Push Light 3 pack,15.0,,https://assets.woolworths.com.au/images/1005/6063395.jpg?impolicy=wowsmkqiema&w=260&h=260,
Jackson Magnetic Clip on Safety Light 2 pack,15.0,,https://assets.woolworths.com.au/images/1005/6063143.jpg?impolicy=wowsmkqiema&w=260&h=260,
Jackson Silicon Suction Push Light each,13.0,,https://assets.woolworths.com.au/images/1005/6062965.jpg?impolicy=wowsmkqiema&w=260&h=260,
Jastek Desktop Calculator Compact each,8.4,,https://assets.woolworths.com.au/images/1005/938805.jpg?impolicy=wowsmkqiema&w=260&h=260,
Jastek Scientific Calculator each,17.65,,https://assets.woolworths.com.au/images/1005/938810.jpg?impolicy=wowsmkqiema&w=260&h=260,
Jiffy BBQ Accessory Fire Lighters Economy 24 pack,4.2,,https://assets.woolworths.com.au/images/1005/21968.jpg?impolicy=wowsmkqiema&w=260&h=260,
Jump Rope Assorted each,4.0,,https://assets.woolworths.com.au/images/1005/229266.jpg?impolicy=wowsmkqiema&w=260&h=260,
Jurassic World Mighty Little Biters Dino Assorted each,9.0,,https://assets.woolworths.com.au/images/1005/6010985.jpg?impolicy=wowsmkqiema&w=260&h=260,
Jurassic World Mini Figurine Assorted each,5.0,,https://assets.woolworths.com.au/images/1005/6038772.jpg?impolicy=wowsmkqiema&w=260&h=260,
Just Cars Magazine each,10.95,,https://assets.woolworths.com.au/images/1005/257855.jpg?impolicy=wowsmkqiema&w=260&h=260,
Kaleidoscope Colouring Book & Stickers Assorted each,5.0,,https://assets.woolworths.com.au/images/1005/6054162.jpg?impolicy=wowsmkqiema&w=260&h=260,
Kambrook Speedsteam Iron each,35.0,,https://assets.woolworths.com.au/images/1005/619374.jpg?impolicy=wowsmkqiema&w=260&h=260,
Kate's Kitchen Glass Sauce Bottle 1L each,5.75,,https://assets.woolworths.com.au/images/1005/775971.jpg?impolicy=wowsmkqiema&w=260&h=260,
Kate's Kitchen Screw Top Glass Jar Assorted 150mL each,2.1,,https://assets.woolworths.com.au/images/1005/133843.jpg?impolicy=wowsmkqiema&w=260&h=260,
Kate's Kitchen Screw Top Glass Jar Assorted 1L each,4.7,,https://assets.woolworths.com.au/images/1005/133198.jpg?impolicy=wowsmkqiema&w=260&h=260,
Kate's Kitchen Screw Top Glass Jar Assorted 250mL each,3.15,,https://assets.woolworths.com.au/images/1005/133781.jpg?impolicy=wowsmkqiema&w=260&h=260,
Kate's Kitchen Screw Top Glass Jar Assorted 450mL each,3.7,,https://assets.woolworths.com.au/images/1005/133116.jpg?impolicy=wowsmkqiema&w=260&h=260,
Kevron Accessories Key Tags 4 pack,4.0,,https://assets.woolworths.com.au/images/1005/39309.jpg?impolicy=wowsmkqiema&w=260&h=260,
Korbond 60 Sheet Lint Roller Bamboo Handle each,9.5,,https://assets.woolworths.com.au/images/1005/256794.jpg?impolicy=wowsmkqiema&w=260&h=260,
Korbond 90 Sheet Lint Roller Refill 2 pack,7.0,,https://assets.woolworths.com.au/images/1005/105344.jpg?impolicy=wowsmkqiema&w=260&h=260,
Korbond 90 Sheet Lint Roller Soft Grip Handle each,7.0,,https://assets.woolworths.com.au/images/1005/102724.jpg?impolicy=wowsmkqiema&w=260&h=260,
Korbond Anti Static Spray each,7.0,,https://assets.woolworths.com.au/images/1005/105194.jpg?impolicy=wowsmkqiema&w=260&h=260,
Korbond Berry Pins 40 pack,3.0,,https://assets.woolworths.com.au/images/1005/102309.jpg?impolicy=wowsmkqiema&w=260&h=260,
Korbond Clothes Brush Automatic each,7.0,,https://assets.woolworths.com.au/images/1005/105196.jpg?impolicy=wowsmkqiema&w=260&h=260,
Korbond Compact 30 Sheet Lint Roller Refill 4 pack,5.5,,https://assets.woolworths.com.au/images/1005/256953.jpg?impolicy=wowsmkqiema&w=260&h=260,
Korbond Compact 30 Sheet Lint Roller With 2x Refill each,6.0,,https://assets.woolworths.com.au/images/1005/256825.jpg?impolicy=wowsmkqiema&w=260&h=260,
Korbond Compact Needle Kit 40 pack,3.0,,https://assets.woolworths.com.au/images/1005/101510.jpg?impolicy=wowsmkqiema&w=260&h=260,
Korbond Easy Thread Needles 10 pack,3.0,,https://assets.woolworths.com.au/images/1005/102326.jpg?impolicy=wowsmkqiema&w=260&h=260,
Korbond Elastic Braided 12Mm X4M each,7.0,,https://assets.woolworths.com.au/images/1005/105693.jpg?impolicy=wowsmkqiema&w=260&h=260,
Korbond Elastic Braided 6Mm X5M each,5.0,,https://assets.woolworths.com.au/images/1005/103338.jpg?impolicy=wowsmkqiema&w=260&h=260,
Korbond Embroidery Handy Scissors 12cm each,6.0,,https://assets.woolworths.com.au/images/1005/105111.jpg?impolicy=wowsmkqiema&w=260&h=260,
Korbond Fabric/Wool Comb each,4.0,,https://assets.woolworths.com.au/images/1005/105137.jpg?impolicy=wowsmkqiema&w=260&h=260,
Korbond Home Needle Kit 50 pack,3.0,,https://assets.woolworths.com.au/images/1005/102226.jpg?impolicy=wowsmkqiema&w=260&h=260,
Korbond Horizontal 60 Sheet Lint Roller each,7.2,,https://assets.woolworths.com.au/images/1005/102805.jpg?impolicy=wowsmkqiema&w=260&h=260,
Korbond Instant Hemming & Mending Tape 2M each,5.0,,https://assets.woolworths.com.au/images/1005/105095.jpg?impolicy=wowsmkqiema&w=260&h=260,
Korbond Instant Iron On Menders 3 pack,5.0,,https://assets.woolworths.com.au/images/1005/104496.jpg?impolicy=wowsmkqiema&w=260&h=260,
Korbond Instant Repair Double Sided Tape 4.6M each,5.0,,https://assets.woolworths.com.au/images/1005/104401.jpg?impolicy=wowsmkqiema&w=260&h=260,
Korbond Lint Travel Roller each,3.0,,https://assets.woolworths.com.au/images/1005/102862.jpg?impolicy=wowsmkqiema&w=260&h=260,
Korbond Pearl Headed Pins 200 pack,5.0,,https://assets.woolworths.com.au/images/1005/102657.jpg?impolicy=wowsmkqiema&w=260&h=260,
Korbond Polyester Thread Dark Colours 14m 12 pack,3.0,,https://assets.woolworths.com.au/images/1005/105114.jpg?impolicy=wowsmkqiema&w=260&h=260,
Korbond Rechargeable Lint Remover each,25.0,,https://assets.woolworths.com.au/images/1005/102296.jpg?impolicy=wowsmkqiema&w=260&h=260,
Korbond Safety Pin Assorted Colour & Size 100 pack,5.0,,https://assets.woolworths.com.au/images/1005/102872.jpg?impolicy=wowsmkqiema&w=260&h=260,
Korbond Safety Pins Silver 50 pack,4.0,,https://assets.woolworths.com.au/images/1005/102823.jpg?impolicy=wowsmkqiema&w=260&h=260,
Korbond Scissors 23cm each,10.0,,https://assets.woolworths.com.au/images/1005/94328.jpg?impolicy=wowsmkqiema&w=260&h=260,
Korbond Scissors Soft Touch Handle 2 pack,10.0,,https://assets.woolworths.com.au/images/1005/104676.jpg?impolicy=wowsmkqiema&w=260&h=260,
Korbond Seam Ripper 2 pack,3.0,,https://assets.woolworths.com.au/images/1005/102089.jpg?impolicy=wowsmkqiema&w=260&h=260,
Korbond Sewing Bag Kit With Zipper each,12.0,,https://assets.woolworths.com.au/images/1005/104966.jpg?impolicy=wowsmkqiema&w=260&h=260,
Korbond Snap Lock Pins 4 pack,2.0,,https://assets.woolworths.com.au/images/1005/102830.jpg?impolicy=wowsmkqiema&w=260&h=260,
Korbond Wool Dryer Balls 6 pack,15.0,,https://assets.woolworths.com.au/images/1005/909513.jpg?impolicy=wowsmkqiema&w=260&h=260,
L'Or Barista Milk Frother each,49.0,,https://assets.woolworths.com.au/images/1005/6020526.jpg?impolicy=wowsmkqiema&w=260&h=260,
L'Or Sublime Coffee Pods Machine Black each,89.0,,https://assets.woolworths.com.au/images/1005/197852.jpg?impolicy=wowsmkqiema&w=260&h=260,
Lego Minifigures Assorted each,6.0,,https://assets.woolworths.com.au/images/1005/206566.jpg?impolicy=wowsmkqiema&w=260&h=260,
Let's Make Simple Steps To Crochet Magazine each,17.99,,https://assets.woolworths.com.au/images/1005/108764.jpg?impolicy=wowsmkqiema&w=260&h=260,
Link Life 2 Compartment Food Storage Container each,7.0,,https://assets.woolworths.com.au/images/1005/6066492.jpg?impolicy=wowsmkqiema&w=260&h=260,
Link Life Salad Spinner each,12.6,,https://assets.woolworths.com.au/images/1005/6066369.jpg?impolicy=wowsmkqiema&w=260&h=260,
Liquid Ears Kids Headphones Assorted each,20.0,,https://assets.woolworths.com.au/images/1005/239788.jpg?impolicy=wowsmkqiema&w=260&h=260,
Liquid Ears Long Play Over Ear Wireless Headphones Assorted each,35.0,,https://assets.woolworths.com.au/images/1005/240455.jpg?impolicy=wowsmkqiema&w=260&h=260,
Liquid Ears Music & Calls Earphones Assorted each,10.5,,https://assets.woolworths.com.au/images/1005/240200.jpg?impolicy=wowsmkqiema&w=260&h=260,
Liquid Ears Music & Calls Lightning Headphones each,12.6,,https://assets.woolworths.com.au/images/1005/6006929.jpg?impolicy=wowsmkqiema&w=260&h=260,
Liquid Ears Music & Calls USB C Earphones Black each,10.5,,https://assets.woolworths.com.au/images/1005/6007257.jpg?impolicy=wowsmkqiema&w=260&h=260,
Liquid Ears Pure Freedom Stem Earphones Assorted each,25.0,,https://assets.woolworths.com.au/images/1005/6007557.jpg?impolicy=wowsmkqiema&w=260&h=260,
Liquid Ears True Wireless Bud Style Earphones Assorted each,50.0,,https://assets.woolworths.com.au/images/1005/433310.jpg?impolicy=wowsmkqiema&w=260&h=260,
Liquid Ears True Wireless Stem Style Earphones Assorted each,50.0,,https://assets.woolworths.com.au/images/1005/431199.jpg?impolicy=wowsmkqiema&w=260&h=260,
Liquid Ears Wireless Over Ear Headphones Assorted each,42.0,,https://assets.woolworths.com.au/images/1005/240361.jpg?impolicy=wowsmkqiema&w=260&h=260,
Lovatts Big Crosswords Magazine each,9.99,,https://assets.woolworths.com.au/images/1005/156246.jpg?impolicy=wowsmkqiema&w=260&h=260,
Map Eco Coffee Machine Cleaning Capsules 8 pack,7.5,,https://assets.woolworths.com.au/images/1005/6072667.jpg?impolicy=wowsmkqiema&w=260&h=260,
Maped 1 Hole Sharpener Assorted each,3.0,,https://assets.woolworths.com.au/images/1005/220933.jpg?impolicy=wowsmkqiema&w=260&h=260,
Maped Kidy Learn Concentration Kit 4 pack,13.95,,https://assets.woolworths.com.au/images/1005/6024666.jpg?impolicy=wowsmkqiema&w=260&h=260,
Maped Sharpner & Eraser Pastel Assorted each,5.5,,https://assets.woolworths.com.au/images/1005/125217.jpg?impolicy=wowsmkqiema&w=260&h=260,
Marie Claire Magazine each,10.5,,https://assets.woolworths.com.au/images/1005/4711.jpg?impolicy=wowsmkqiema&w=260&h=260,
Marie Claire Magazine Special each,11.99,,https://assets.woolworths.com.au/images/1005/6044202.jpg?impolicy=wowsmkqiema&w=260&h=260,
Marvel Iron Man & His Awesome Friends Activity Fun Pack each,4.0,,https://assets.woolworths.com.au/images/1005/6072607.jpg?impolicy=wowsmkqiema&w=260&h=260,
Marvel Iron Man & His Awesome Friends Mega Colouring Activity Book each,4.0,,https://assets.woolworths.com.au/images/1005/6072608.jpg?impolicy=wowsmkqiema&w=260&h=260,
Marvel Iron Man & His Awesome Friends Ultimate Sticker Book each,4.0,,https://assets.woolworths.com.au/images/1005/6072609.jpg?impolicy=wowsmkqiema&w=260&h=260,
Maseur Footcare Dry Comfort Latex Insole Pair each,7.5,,https://assets.woolworths.com.au/images/1005/344393.jpg?impolicy=wowsmkqiema&w=260&h=260,
Maseur Footcare Heel & Arch Insole Mens each,20.0,,https://assets.woolworths.com.au/images/1005/55893.jpg?impolicy=wowsmkqiema&w=260&h=260,
Maseur Footcare Heel & Arch Insole Womens each,17.0,,https://assets.woolworths.com.au/images/1005/55892.jpg?impolicy=wowsmkqiema&w=260&h=260,
Maseur Footcare Shoe Brush & Polish Cloth each,9.0,,https://assets.woolworths.com.au/images/1005/749330.jpg?impolicy=wowsmkqiema&w=260&h=260,
Maseur Footcare Sneaker Protector 125g,10.5,,https://assets.woolworths.com.au/images/1005/160292.jpg?impolicy=wowsmkqiema&w=260&h=260,
Maseur Footcare Ultra Sport Mens Insole Pair each,21.0,,https://assets.woolworths.com.au/images/1005/344387.jpg?impolicy=wowsmkqiema&w=260&h=260,
Maseur Footcare Ultra Sport Women Insole Pair each,21.0,,https://assets.woolworths.com.au/images/1005/344381.jpg?impolicy=wowsmkqiema&w=260&h=260,
Maseur Footcare Weather Guard 125g,10.5,,https://assets.woolworths.com.au/images/1005/148720.jpg?impolicy=wowsmkqiema&w=260&h=260,
Maseur Sneaker Foam Cleaner Footcare 150mL,10.0,,https://assets.woolworths.com.au/images/1005/206123.jpg?impolicy=wowsmkqiema&w=260&h=260,
Matchbox Heritage Car Toy Assorted each,3.5,,https://assets.woolworths.com.au/images/1005/432474.jpg?impolicy=wowsmkqiema&w=260&h=260,
Matchbox Moving Parts Car Toy Assorted each,6.0,,https://assets.woolworths.com.au/images/1005/855712.jpg?impolicy=wowsmkqiema&w=260&h=260,
MINT Acacia Serving Board each,20.0,,https://assets.woolworths.com.au/images/1005/420759.jpg?impolicy=wowsmkqiema&w=260&h=260,
MINT Apple Slicer each,4.0,,https://assets.woolworths.com.au/images/1005/807291.jpg?impolicy=wowsmkqiema&w=260&h=260,
MINT Apron Assorted each,12.0,,https://assets.woolworths.com.au/images/1005/6021503.jpg?impolicy=wowsmkqiema&w=260&h=260,
MINT Bamboo Chopboard 30X20cm each,10.0,,https://assets.woolworths.com.au/images/1005/807246.jpg?impolicy=wowsmkqiema&w=260&h=260,
MINT Bamboo Chopboard 40X30cm each,11.25,,https://assets.woolworths.com.au/images/1005/807245.jpg?impolicy=wowsmkqiema&w=260&h=260,
MINT Bamboo Chopsticks 6 pack,4.5,,https://assets.woolworths.com.au/images/1005/807338.jpg?impolicy=wowsmkqiema&w=260&h=260,
MINT Bamboo Skewer 16cm 100 pack,2.3,,https://assets.woolworths.com.au/images/1005/807243.jpg?impolicy=wowsmkqiema&w=260&h=260,
MINT Bamboo Skewer 25cm 200 pack,4.0,,https://assets.woolworths.com.au/images/1005/807242.jpg?impolicy=wowsmkqiema&w=260&h=260,
MINT Beechwood Mixing Spoon each,5.0,,https://assets.woolworths.com.au/images/1005/807238.jpg?impolicy=wowsmkqiema&w=260&h=260,
MINT Beechwood Stirring Spoon each,5.0,,https://assets.woolworths.com.au/images/1005/807237.jpg?impolicy=wowsmkqiema&w=260&h=260,
MINT Beechwood Wok Stirrer each,5.0,,https://assets.woolworths.com.au/images/1005/807239.jpg?impolicy=wowsmkqiema&w=260&h=260,
MINT Cake Icing Set each,8.0,,https://assets.woolworths.com.au/images/1005/807228.jpg?impolicy=wowsmkqiema&w=260&h=260,
MINT Citrus Juicer each,4.0,,https://assets.woolworths.com.au/images/1005/6066879.jpg?impolicy=wowsmkqiema&w=260&h=260,
MINT Clip Lock Food Storage Container 1.25L each,8.5,,https://assets.woolworths.com.au/images/1005/393703.jpg?impolicy=wowsmkqiema&w=260&h=260,
MINT Clip Lock Food Storage Container 880mL each,7.5,,https://assets.woolworths.com.au/images/1005/393702.jpg?impolicy=wowsmkqiema&w=260&h=260,
MINT Cocktail Skewer 50 pack,3.0,,https://assets.woolworths.com.au/images/1005/79697.jpg?impolicy=wowsmkqiema&w=260&h=260,
MINT Colander each,4.0,,https://assets.woolworths.com.au/images/1005/6066668.jpg?impolicy=wowsmkqiema&w=260&h=260,
MINT Coloured Bowl Set 6 pack,21.0,,https://assets.woolworths.com.au/images/1005/807263.jpg?impolicy=wowsmkqiema&w=260&h=260,
MINT Compound Stainless Steel Frypan 24cm each,36.0,,https://assets.woolworths.com.au/images/1005/6024772.jpg?impolicy=wowsmkqiema&w=260&h=260,
MINT Compound Stainless Steel Frypan 28cm each,42.0,,https://assets.woolworths.com.au/images/1005/6024771.jpg?impolicy=wowsmkqiema&w=260&h=260,
MINT Cookie Cutters Assorted 4 pack,7.0,,https://assets.woolworths.com.au/images/1005/131660.jpg?impolicy=wowsmkqiema&w=260&h=260,
MINT Cotton Cooking Twine 100 Meters each,3.0,,https://assets.woolworths.com.au/images/1005/807260.jpg?impolicy=wowsmkqiema&w=260&h=260,
MINT Cutlery Set Stainless Steel 16 pack,17.0,,https://assets.woolworths.com.au/images/1005/807233.jpg?impolicy=wowsmkqiema&w=260&h=260,
MINT Cutting Mat Colour Coded 4 pack,9.0,,https://assets.woolworths.com.au/images/1005/807265.jpg?impolicy=wowsmkqiema&w=260&h=260,
MINT Dessert Spoons Stainless Steel 4 pack,7.0,,https://assets.woolworths.com.au/images/1005/807231.jpg?impolicy=wowsmkqiema&w=260&h=260,
MINT Easy Pop Out Ice Cube Tray each,4.5,,https://assets.woolworths.com.au/images/1005/807266.jpg?impolicy=wowsmkqiema&w=260&h=260,
MINT Electric Salt/Pepper Mill each,16.0,,https://assets.woolworths.com.au/images/1005/807278.jpg?impolicy=wowsmkqiema&w=260&h=260,
MINT Embossed Bowl With Lid Medium each,8.0,,https://assets.woolworths.com.au/images/1005/806429.jpg?impolicy=wowsmkqiema&w=260&h=260,
MINT Everday Waterdrop Dish each,2.0,,https://assets.woolworths.com.au/images/1005/423706.jpg?impolicy=wowsmkqiema&w=260&h=260,
MINT Everyday Heavy Weight Tea Towel Terry Assorted 5 pack,12.0,,https://assets.woolworths.com.au/images/1005/130700.jpg?impolicy=wowsmkqiema&w=260&h=260,
MINT Everyday Polyester Tablecloth 1.5m x 2.3m Assorted each,10.0,,https://assets.woolworths.com.au/images/1005/130701.jpg?impolicy=wowsmkqiema&w=260&h=260,
MINT Everyday Porcelain Salad Bowl each,10.0,,https://assets.woolworths.com.au/images/1005/97133.jpg?impolicy=wowsmkqiema&w=260&h=260,
MINT Everyday Tea Towel Cotton Starter Assorted 5 pack,6.0,,https://assets.woolworths.com.au/images/1005/775455.jpg?impolicy=wowsmkqiema&w=260&h=260,
MINT Food Storage Container 1L 1L x 3 pack,6.0,,https://assets.woolworths.com.au/images/1005/393704.jpg?impolicy=wowsmkqiema&w=260&h=260,
MINT Food Storage Container 650mL 650mL x 3 pack,4.5,,https://assets.woolworths.com.au/images/1005/393705.jpg?impolicy=wowsmkqiema&w=260&h=260,
MINT Food Storage Containers 300mL x 3 pack,4.5,,https://assets.woolworths.com.au/images/1005/804672.jpg?impolicy=wowsmkqiema&w=260&h=260,
MINT Food Storage Containers 600mL x 3 pack,4.5,,https://assets.woolworths.com.au/images/1005/804673.jpg?impolicy=wowsmkqiema&w=260&h=260,
MINT Food Storage Containers 920mL x 3 pack,4.5,,https://assets.woolworths.com.au/images/1005/804674.jpg?impolicy=wowsmkqiema&w=260&h=260,
MINT Fruit Glass Tumbler 350mL each,7.0,,https://assets.woolworths.com.au/images/1005/6065306.jpg?impolicy=wowsmkqiema&w=260&h=260,
MINT Fruit Icy Pole Mould each,1.75,,https://assets.woolworths.com.au/images/1005/6066683.jpg?impolicy=wowsmkqiema&w=260&h=260,
MINT Funnel Set 3 pack,4.0,,https://assets.woolworths.com.au/images/1005/224101.jpg?impolicy=wowsmkqiema&w=260&h=260,
MINT Hi-Ball Glasses 450ml 4 pack,14.0,,https://assets.woolworths.com.au/images/1005/131791.jpg?impolicy=wowsmkqiema&w=260&h=260,
MINT Ice Cream Scoop each,4.8,,https://assets.woolworths.com.au/images/1005/6067241.jpg?impolicy=wowsmkqiema&w=260&h=260,
MINT Jacquard Tea Towel Assorted 2 pack,8.0,,https://assets.woolworths.com.au/images/1005/131368.jpg?impolicy=wowsmkqiema&w=260&h=260,
MINT Jacquard Tea Towel Assorted 3 pack,8.0,,https://assets.woolworths.com.au/images/1005/6021501.jpg?impolicy=wowsmkqiema&w=260&h=260,
MINT Jumbo 6 Cup Muffin Pan each,10.0,,https://assets.woolworths.com.au/images/1005/424790.jpg?impolicy=wowsmkqiema&w=260&h=260,
MINT Jumbo Ice Cube Tray Assorted each,4.0,,https://assets.woolworths.com.au/images/1005/420756.jpg?impolicy=wowsmkqiema&w=260&h=260,
MINT Kids Cutlery Set 3 pack,8.0,,https://assets.woolworths.com.au/images/1005/807236.jpg?impolicy=wowsmkqiema&w=260&h=260,
MINT Kitchen Caddy each,4.0,,https://assets.woolworths.com.au/images/1005/6067745.jpg?impolicy=wowsmkqiema&w=260&h=260,
MINT Kitchen Scissors each,8.0,,https://assets.woolworths.com.au/images/1005/807267.jpg?impolicy=wowsmkqiema&w=260&h=260,
MINT Latte Spoons 4 pack,6.0,,https://assets.woolworths.com.au/images/1005/807340.jpg?impolicy=wowsmkqiema&w=260&h=260,
Mint Lemon Glass Container Large each,8.4,,https://assets.woolworths.com.au/images/1005/6065307.jpg?impolicy=wowsmkqiema&w=260&h=260,
MINT Lemon Glass Container Small each,7.0,,https://assets.woolworths.com.au/images/1005/6065305.jpg?impolicy=wowsmkqiema&w=260&h=260,
MINT Measuring Cup 4 pack,12.0,,https://assets.woolworths.com.au/images/1005/807275.jpg?impolicy=wowsmkqiema&w=260&h=260,
MINT Measuring Jug 3 pack,8.0,,https://assets.woolworths.com.au/images/1005/807261.jpg?impolicy=wowsmkqiema&w=260&h=260,
MINT Measuring Spoon 4 pack,6.0,,https://assets.woolworths.com.au/images/1005/807276.jpg?impolicy=wowsmkqiema&w=260&h=260,
MINT Meat Thermometer each,6.5,,https://assets.woolworths.com.au/images/1005/6026437.jpg?impolicy=wowsmkqiema&w=260&h=260,
MINT Medium Porcelain Baking Dish each,15.0,,https://assets.woolworths.com.au/images/1005/807325.jpg?impolicy=wowsmkqiema&w=260&h=260,
MINT Metal Skewer 25cm 10 pack,6.0,,https://assets.woolworths.com.au/images/1005/807256.jpg?impolicy=wowsmkqiema&w=260&h=260,
MINT Microfibre Tea Towel 5 pack,7.0,,https://assets.woolworths.com.au/images/1005/815416.jpg?impolicy=wowsmkqiema&w=260&h=260,
MINT Mini Pull Chopper each,6.0,,https://assets.woolworths.com.au/images/1005/6066681.jpg?impolicy=wowsmkqiema&w=260&h=260,
MINT Muffin Pan 6 Cup each,3.0,,https://assets.woolworths.com.au/images/1005/6067751.jpg?impolicy=wowsmkqiema&w=260&h=260,
MINT Netted Food Cover each,3.0,,https://assets.woolworths.com.au/images/1005/82114.jpg?impolicy=wowsmkqiema&w=260&h=260,
MINT Non Slip Chopping Boards 2 pack,16.0,,https://assets.woolworths.com.au/images/1005/131934.jpg?impolicy=wowsmkqiema&w=260&h=260,
MINT Non Stick Milk Pan 12cm each,8.0,,https://assets.woolworths.com.au/images/1005/807332.jpg?impolicy=wowsmkqiema&w=260&h=260,
MINT Non Stick Stone Frying Pan 24cm each,18.0,,https://assets.woolworths.com.au/images/1005/423692.jpg?impolicy=wowsmkqiema&w=260&h=260,
MINT Non Stick Stone Frying Pan 28cm each,22.0,,https://assets.woolworths.com.au/images/1005/415551.jpg?impolicy=wowsmkqiema&w=260&h=260,
MINT Non-Stick Coating Baking Tray 37.5cm each,8.0,,https://assets.woolworths.com.au/images/1005/807309.jpg?impolicy=wowsmkqiema&w=260&h=260,
MINT Non-Stick Coating Casserole 24cm each,30.0,,https://assets.woolworths.com.au/images/1005/807308.jpg?impolicy=wowsmkqiema&w=260&h=260,
MINT Non-Stick Coating Frypan 20cm each,14.0,,https://assets.woolworths.com.au/images/1005/807304.jpg?impolicy=wowsmkqiema&w=260&h=260,
MINT Non-Stick Coating Frypan 26cm each,16.0,,https://assets.woolworths.com.au/images/1005/807305.jpg?impolicy=wowsmkqiema&w=260&h=260,
MINT Non-Stick Coating Large Roaster Pan each,13.0,,https://assets.woolworths.com.au/images/1005/807321.jpg?impolicy=wowsmkqiema&w=260&h=260,
MINT Non-Stick Coating Loaf Pan each,8.0,,https://assets.woolworths.com.au/images/1005/807317.jpg?impolicy=wowsmkqiema&w=260&h=260,
MINT Non-Stick Coating Medium Roaster Pan each,12.0,,https://assets.woolworths.com.au/images/1005/807314.jpg?impolicy=wowsmkqiema&w=260&h=260,
MINT Non-Stick Coating Muffin Pan 12 Cups each,10.0,,https://assets.woolworths.com.au/images/1005/807312.jpg?impolicy=wowsmkqiema&w=260&h=260,
MINT Non-stick Coating Pizza Baking Tray 29cm each,8.0,,https://assets.woolworths.com.au/images/1005/807310.jpg?impolicy=wowsmkqiema&w=260&h=260,
MINT Non-Stick Coating Rectangular Cooling Rack each,8.0,,https://assets.woolworths.com.au/images/1005/807316.jpg?impolicy=wowsmkqiema&w=260&h=260,
MINT Non-Stick Coating Saucepan 16cm each,20.0,,https://assets.woolworths.com.au/images/1005/807302.jpg?impolicy=wowsmkqiema&w=260&h=260,
MINT Non-Stick Coating Saucepan 20cm each,22.0,,https://assets.woolworths.com.au/images/1005/807303.jpg?impolicy=wowsmkqiema&w=260&h=260,
MINT Non-Stick Coating Slice Tray each,7.0,,https://assets.woolworths.com.au/images/1005/807311.jpg?impolicy=wowsmkqiema&w=260&h=260,
MINT Non-Stick Coating Small Roaster Pan each,8.0,,https://assets.woolworths.com.au/images/1005/807322.jpg?impolicy=wowsmkqiema&w=260&h=260,
MINT Non-stick Coating Springform Cake Tray 22.5cm each,10.0,,https://assets.woolworths.com.au/images/1005/807313.jpg?impolicy=wowsmkqiema&w=260&h=260,
MINT Non-Stick Coating Square Cake Pan each,8.0,,https://assets.woolworths.com.au/images/1005/807319.jpg?impolicy=wowsmkqiema&w=260&h=260,
MINT Non-stick Coating Wok 30cm each,24.0,,https://assets.woolworths.com.au/images/1005/807307.jpg?impolicy=wowsmkqiema&w=260&h=260,
MINT Non-Stick Egg Ring 2 pack,4.0,,https://assets.woolworths.com.au/images/1005/807255.jpg?impolicy=wowsmkqiema&w=260&h=260,
MINT Non-Stick Frypan 30cm each,18.0,,https://assets.woolworths.com.au/images/1005/807306.jpg?impolicy=wowsmkqiema&w=260&h=260,
MINT Nylon Spaghetti Fork each,5.0,,https://assets.woolworths.com.au/images/1005/807199.jpg?impolicy=wowsmkqiema&w=260&h=260,
MINT Opal Glass Dinner Set 12 pack,40.0,,https://assets.woolworths.com.au/images/1005/6024794.jpg?impolicy=wowsmkqiema&w=260&h=260,
MINT Pastry Brush each,5.0,,https://assets.woolworths.com.au/images/1005/807241.jpg?impolicy=wowsmkqiema&w=260&h=260,
MINT Pet Serving Board Assorted each,12.5,,https://assets.woolworths.com.au/images/1005/6065969.jpg?impolicy=wowsmkqiema&w=260&h=260,
MINT Pizza Cutter each,6.5,,https://assets.woolworths.com.au/images/1005/807279.jpg?impolicy=wowsmkqiema&w=260&h=260,
MINT Plastic Cutting Boards 2 pack,9.0,,https://assets.woolworths.com.au/images/1005/420757.jpg?impolicy=wowsmkqiema&w=260&h=260,
MINT Plastic Tongs 3 pack,4.8,,https://assets.woolworths.com.au/images/1005/6067240.jpg?impolicy=wowsmkqiema&w=260&h=260,
MINT Rectangle Meal Prep Container & Lid 1.23L 5 pack,6.3,,https://assets.woolworths.com.au/images/1005/6066682.jpg?impolicy=wowsmkqiema&w=260&h=260,
MINT Ribbed Glass Tumblers 290mL x 2 pack,10.0,,https://assets.woolworths.com.au/images/1005/6063150.jpg?impolicy=wowsmkqiema&w=260&h=260,
MINT Ribbed Wine Glass 2 pack,9.0,,https://assets.woolworths.com.au/images/1005/6024793.jpg?impolicy=wowsmkqiema&w=260&h=260,
MINT Rolling Pin each,7.0,,https://assets.woolworths.com.au/images/1005/807240.jpg?impolicy=wowsmkqiema&w=260&h=260,
MINT Round Meal Prep Container & Lid 920mL 5 pack,5.6,,https://assets.woolworths.com.au/images/1005/6066669.jpg?impolicy=wowsmkqiema&w=260&h=260,
MINT Round Pan 22.5cm each,3.0,,https://assets.woolworths.com.au/images/1005/6067737.jpg?impolicy=wowsmkqiema&w=260&h=260,
MINT Salt & Pepper Grinder Assorted 20cm each,12.0,,https://assets.woolworths.com.au/images/1005/807194.jpg?impolicy=wowsmkqiema&w=260&h=260,
MINT Sauce Bottle Assorted 400mL each,2.5,,https://assets.woolworths.com.au/images/1005/427139.jpg?impolicy=wowsmkqiema&w=260&h=260,
MINT Silicone Baking Mat each,10.0,,https://assets.woolworths.com.au/images/1005/423717.jpg?impolicy=wowsmkqiema&w=260&h=260,
MINT Silicone Pastry Brush Assorted each,3.5,,https://assets.woolworths.com.au/images/1005/423716.jpg?impolicy=wowsmkqiema&w=260&h=260,
MINT Silicone Straws With Cleaning Brush 5 pack,5.0,,https://assets.woolworths.com.au/images/1005/133288.jpg?impolicy=wowsmkqiema&w=260&h=260,
MINT Silicone Tongs 2 pack,6.0,,https://assets.woolworths.com.au/images/1005/807268.jpg?impolicy=wowsmkqiema&w=260&h=260,
MINT Silicone Tongs 22cm each,4.5,,https://assets.woolworths.com.au/images/1005/807270.jpg?impolicy=wowsmkqiema&w=260&h=260,
MINT Silicone Tongs 30cm each,6.0,,https://assets.woolworths.com.au/images/1005/807269.jpg?impolicy=wowsmkqiema&w=260&h=260,
MINT Soft Grip Can Opener each,7.0,,https://assets.woolworths.com.au/images/1005/807286.jpg?impolicy=wowsmkqiema&w=260&h=260,
MINT Soft Grip Flexible Turner each,7.0,,https://assets.woolworths.com.au/images/1005/807289.jpg?impolicy=wowsmkqiema&w=260&h=260,
MINT Soft Grip Garlic Crusher each,9.0,,https://assets.woolworths.com.au/images/1005/807284.jpg?impolicy=wowsmkqiema&w=260&h=260,
MINT Soft Grip Ice Cream Scoop each,7.0,,https://assets.woolworths.com.au/images/1005/807294.jpg?impolicy=wowsmkqiema&w=260&h=260,
MINT Soft Grip Meat Tenderiser each,10.0,,https://assets.woolworths.com.au/images/1005/807285.jpg?impolicy=wowsmkqiema&w=260&h=260,
MINT Soft Grip Slotted Turner each,7.0,,https://assets.woolworths.com.au/images/1005/807283.jpg?impolicy=wowsmkqiema&w=260&h=260,
MINT Soft Grip Solid Spoon each,7.0,,https://assets.woolworths.com.au/images/1005/807288.jpg?impolicy=wowsmkqiema&w=260&h=260,
MINT Soft Grip Straight Peeler each,5.0,,https://assets.woolworths.com.au/images/1005/807274.jpg?impolicy=wowsmkqiema&w=260&h=260,
MINT Solid Nylon Turner each,7.0,,https://assets.woolworths.com.au/images/1005/810311.jpg?impolicy=wowsmkqiema&w=260&h=260,
MINT Square Pan 22.5cm each,3.0,,https://assets.woolworths.com.au/images/1005/6067741.jpg?impolicy=wowsmkqiema&w=260&h=260,
MINT Square Pot Holder Assorted each,3.0,,https://assets.woolworths.com.au/images/1005/6021502.jpg?impolicy=wowsmkqiema&w=260&h=260,
MINT Stainless Steel Colander each,10.0,,https://assets.woolworths.com.au/images/1005/807250.jpg?impolicy=wowsmkqiema&w=260&h=260,
MINT Stainless Steel Flat Spatula each,6.0,,https://assets.woolworths.com.au/images/1005/807273.jpg?impolicy=wowsmkqiema&w=260&h=260,
MINT Stainless Steel Forks 4 pack,7.0,,https://assets.woolworths.com.au/images/1005/807232.jpg?impolicy=wowsmkqiema&w=260&h=260,
MINT Stainless Steel Grater Box each,8.0,,https://assets.woolworths.com.au/images/1005/807271.jpg?impolicy=wowsmkqiema&w=260&h=260,
MINT Stainless Steel Knifes 4 pack,7.0,,https://assets.woolworths.com.au/images/1005/807234.jpg?impolicy=wowsmkqiema&w=260&h=260,
MINT Stainless Steel Medium Bowl 3.85L each,10.0,,https://assets.woolworths.com.au/images/1005/807249.jpg?impolicy=wowsmkqiema&w=260&h=260,
MINT Stainless Steel Potato Masher each,7.0,,https://assets.woolworths.com.au/images/1005/807272.jpg?impolicy=wowsmkqiema&w=260&h=260,
MINT Stainless Steel Sifter each,10.0,,https://assets.woolworths.com.au/images/1005/807259.jpg?impolicy=wowsmkqiema&w=260&h=260,
MINT Stainless Steel Skimmer each,7.0,,https://assets.woolworths.com.au/images/1005/807281.jpg?impolicy=wowsmkqiema&w=260&h=260,
MINT Stainless Steel Strainer 20cm each,10.0,,https://assets.woolworths.com.au/images/1005/807277.jpg?impolicy=wowsmkqiema&w=260&h=260,
MINT Stainless Steel Whisk each,7.0,,https://assets.woolworths.com.au/images/1005/807280.jpg?impolicy=wowsmkqiema&w=260&h=260,
MINT Stock Pot 5L each,32.0,,https://assets.woolworths.com.au/images/1005/6029234.jpg?impolicy=wowsmkqiema&w=260&h=260,
MINT Stoneware Ramekin each,4.0,,https://assets.woolworths.com.au/images/1005/807324.jpg?impolicy=wowsmkqiema&w=260&h=260,
MINT Straight Peeler each,2.5,,https://assets.woolworths.com.au/images/1005/6067243.jpg?impolicy=wowsmkqiema&w=260&h=260,
MINT Strawberry Tea Towels 3 pack,7.0,,https://assets.woolworths.com.au/images/1005/6065303.jpg?impolicy=wowsmkqiema&w=260&h=260,
MINT Tea / Coffee Strainer each,4.0,,https://assets.woolworths.com.au/images/1005/807258.jpg?impolicy=wowsmkqiema&w=260&h=260,
MINT Terry Back Tea Towel 2 pack,8.0,,https://assets.woolworths.com.au/images/1005/634696.jpg?impolicy=wowsmkqiema&w=260&h=260,
MINT Tongs 22cm 2 pack,3.5,,https://assets.woolworths.com.au/images/1005/807257.jpg?impolicy=wowsmkqiema&w=260&h=260,
MINT Toothpicks Holder 300 pack,5.0,,https://assets.woolworths.com.au/images/1005/807244.jpg?impolicy=wowsmkqiema&w=260&h=260,
MINT Waiter's Friend each,5.0,,https://assets.woolworths.com.au/images/1005/807253.jpg?impolicy=wowsmkqiema&w=260&h=260,
MINT Y Peeler each,2.5,,https://assets.woolworths.com.au/images/1005/6067244.jpg?impolicy=wowsmkqiema&w=260&h=260,
MINT Zester each,7.5,,https://assets.woolworths.com.au/images/1005/807226.jpg?impolicy=wowsmkqiema&w=260&h=260,
Mirabella 200 LED Curtain Lights Multicolour 1.8m each,17.0,,https://assets.woolworths.com.au/images/1005/6031004.jpg?impolicy=wowsmkqiema&w=260&h=260,
Mirabella 200 LED Curtain Lights Warm White 1.8m each,17.0,,https://assets.woolworths.com.au/images/1005/6031437.jpg?impolicy=wowsmkqiema&w=260&h=260,
Mirabella 40W Dimmable Halogen Specialty Globe 2 pack,5.5,,https://assets.woolworths.com.au/images/1005/802507.jpg?impolicy=wowsmkqiema&w=260&h=260,
Mirabella 6W Led Gu5.3 12V Warm White Globe 2 pack,19.0,,https://assets.woolworths.com.au/images/1005/197765.jpg?impolicy=wowsmkqiema&w=260&h=260,
Mirabella 6W LED R50 Reflector Small Edison Screw Warm White each,11.0,,https://assets.woolworths.com.au/images/1005/71593.jpg?impolicy=wowsmkqiema&w=260&h=260,
Mirabella 9W LED GLS Bayonet Warm White Light Globe each,8.25,,https://assets.woolworths.com.au/images/1005/30599.jpg?impolicy=wowsmkqiema&w=260&h=260,
Mirabella 9W LED Gls Cool White Light Globe each,8.25,,https://assets.woolworths.com.au/images/1005/30587.jpg?impolicy=wowsmkqiema&w=260&h=260,
Mirabella Appliance Globe BC 25W 2 pack,7.0,,https://assets.woolworths.com.au/images/1005/6057485.jpg?impolicy=wowsmkqiema&w=260&h=260,
Mirabella Appliance Globe ES 25W 2 pack,9.0,,https://assets.woolworths.com.au/images/1005/6057673.jpg?impolicy=wowsmkqiema&w=260&h=260,
Mirabella Appliance Oven Clear Globe SES 15W 2 pack,7.0,,https://assets.woolworths.com.au/images/1005/197920.jpg?impolicy=wowsmkqiema&w=260&h=260,
Mirabella Appliance Oven Clear Globe SES 25W 2 pack,7.0,,https://assets.woolworths.com.au/images/1005/198190.jpg?impolicy=wowsmkqiema&w=260&h=260,
Mirabella Aroma Air Diffuser With Adaptor each,20.0,,https://assets.woolworths.com.au/images/1005/162513.jpg?impolicy=wowsmkqiema&w=260&h=260,
Mirabella Axolotl LED Night Light each,25.0,,https://assets.woolworths.com.au/images/1005/6052270.jpg?impolicy=wowsmkqiema&w=260&h=260,
Mirabella Desktop Jellyfish Lamp each,27.0,,https://assets.woolworths.com.au/images/1005/6052272.jpg?impolicy=wowsmkqiema&w=260&h=260,
Mirabella Edison Screw 275w Dimmable Infrared Heat Lamp Each,12.0,,https://assets.woolworths.com.au/images/1005/168906.jpg?impolicy=wowsmkqiema&w=260&h=260,
Mirabella Genio Wifi Dimmable 5W Led Candle Small Edison Screw each,25.0,,https://assets.woolworths.com.au/images/1005/129928.jpg?impolicy=wowsmkqiema&w=260&h=260,
Mirabella Genio Wifi Dimmable 9W Led Gls Bayonet Cap each,13.0,,https://assets.woolworths.com.au/images/1005/130918.jpg?impolicy=wowsmkqiema&w=260&h=260,
Mirabella Gls Es 11W 1000Lm 4000K Cw 2 pack,15.0,,https://assets.woolworths.com.au/images/1005/197746.jpg?impolicy=wowsmkqiema&w=260&h=260,
Mirabella Happy Birthday LED String Lights Multicolour 2m each,8.0,,https://assets.woolworths.com.au/images/1005/6031610.jpg?impolicy=wowsmkqiema&w=260&h=260,
Mirabella Happy Birthday LED String Lights Warm White 2m each,8.0,,https://assets.woolworths.com.au/images/1005/6031612.jpg?impolicy=wowsmkqiema&w=260&h=260,
Mirabella LED Candle ES 5W 500Lm Warm White each,7.25,,https://assets.woolworths.com.au/images/1005/487042.jpg?impolicy=wowsmkqiema&w=260&h=260,
Mirabella LED Candle Filament SBC 4.0W 500lm Warm White each,7.25,,https://assets.woolworths.com.au/images/1005/201825.jpg?impolicy=wowsmkqiema&w=260&h=260,
Mirabella LED Candle Filament SES 4W 470LM Warm White each,7.25,,https://assets.woolworths.com.au/images/1005/198944.jpg?impolicy=wowsmkqiema&w=260&h=260,
Mirabella LED Candle SES 5W 470LM Clear Warm White each,6.5,,https://assets.woolworths.com.au/images/1005/198514.jpg?impolicy=wowsmkqiema&w=260&h=260,
Mirabella LED Candle SES 5W 470LM Warm White each,7.25,,https://assets.woolworths.com.au/images/1005/487045.jpg?impolicy=wowsmkqiema&w=260&h=260,
Mirabella LED GLS Bayonet Cap 9W 806lm Cool White 2 pack,13.75,,https://assets.woolworths.com.au/images/1005/197353.jpg?impolicy=wowsmkqiema&w=260&h=260,
Mirabella LED GLS Bayonet Cap 9W 806lm Warm  White Light Globe 2 pack,13.75,,https://assets.woolworths.com.au/images/1005/196997.jpg?impolicy=wowsmkqiema&w=260&h=260,
Mirabella LED GLS BC 11W 1000lm Cool White 2 pack,15.0,,https://assets.woolworths.com.au/images/1005/196998.jpg?impolicy=wowsmkqiema&w=260&h=260,
Mirabella LED GLS BC 11W 1000lm Warm White 2 pack,15.0,,https://assets.woolworths.com.au/images/1005/197099.jpg?impolicy=wowsmkqiema&w=260&h=260,
Mirabella LED GLS BC 14.0W 1500lm Cool White 2 pack,16.5,,https://assets.woolworths.com.au/images/1005/196144.jpg?impolicy=wowsmkqiema&w=260&h=260,
Mirabella LED GLS BC 14.0W 1500lm Cool White each,10.25,,https://assets.woolworths.com.au/images/1005/575553.jpg?impolicy=wowsmkqiema&w=260&h=260,
Mirabella LED GLS BC 14.0W 1500lm Warm White 2 pack,16.5,,https://assets.woolworths.com.au/images/1005/196524.jpg?impolicy=wowsmkqiema&w=260&h=260,
Mirabella LED GLS BC 14.0W 1500lm Warm White each,10.25,,https://assets.woolworths.com.au/images/1005/575551.jpg?impolicy=wowsmkqiema&w=260&h=260,
Mirabella LED GLS Edison Screw 9W 806lm Cool White Globe 2 pack,13.75,,https://assets.woolworths.com.au/images/1005/197386.jpg?impolicy=wowsmkqiema&w=260&h=260,
Mirabella LED GLS Edison Screw 9W 806lm Cool White Light Globe each,8.25,,https://assets.woolworths.com.au/images/1005/30597.jpg?impolicy=wowsmkqiema&w=260&h=260,
Mirabella LED GLS Edison Screw 9W 806lm Warm White Light Globe 2 pack,13.75,,https://assets.woolworths.com.au/images/1005/196153.jpg?impolicy=wowsmkqiema&w=260&h=260,
Mirabella LED GLS Edison Screw 9W 806lm Warm White Light Globe each,8.25,,https://assets.woolworths.com.au/images/1005/30600.jpg?impolicy=wowsmkqiema&w=260&h=260,
Mirabella LED GLS ES 11W 1000lm Warm White 2 pack,15.0,,https://assets.woolworths.com.au/images/1005/196879.jpg?impolicy=wowsmkqiema&w=260&h=260,
Mirabella LED GLS ES 14.0W 1500lm Cool White 2 pack,16.5,,https://assets.woolworths.com.au/images/1005/196164.jpg?impolicy=wowsmkqiema&w=260&h=260,
Mirabella LED GLS ES 14.0W 1500lm Cool White each,10.25,,https://assets.woolworths.com.au/images/1005/575554.jpg?impolicy=wowsmkqiema&w=260&h=260,
Mirabella LED GLS ES 14.0W 1500lm Warm White 2 pack,16.5,,https://assets.woolworths.com.au/images/1005/196105.jpg?impolicy=wowsmkqiema&w=260&h=260,
Mirabella LED GLS ES 14.0W 1500lm Warm White each,10.25,,https://assets.woolworths.com.au/images/1005/575552.jpg?impolicy=wowsmkqiema&w=260&h=260,
Mirabella LED GLS Filament Bayonet Cap 8W 1000lm Warm White Globe each,14.0,,https://assets.woolworths.com.au/images/1005/211709.jpg?impolicy=wowsmkqiema&w=260&h=260,
Mirabella LED GLS Filament Edison Screw 8W 1000lm Warm White Globe each,14.0,,https://assets.woolworths.com.au/images/1005/210705.jpg?impolicy=wowsmkqiema&w=260&h=260,
Mirabella LED GU10 5.5W 500lm Cool White Light Globe 2 pack,19.0,,https://assets.woolworths.com.au/images/1005/198569.jpg?impolicy=wowsmkqiema&w=260&h=260,
Mirabella LED GU10 5.5W 500lm Warm White Light Globe 4 pack,24.5,,https://assets.woolworths.com.au/images/1005/198404.jpg?impolicy=wowsmkqiema&w=260&h=260,
Mirabella LED GU5.3 6W 500Lm Cool White Light Globe 4 pack,24.5,,https://assets.woolworths.com.au/images/1005/197363.jpg?impolicy=wowsmkqiema&w=260&h=260,
Mirabella LED Par38 Flood Light Es 15.0W Warm White each,15.0,,https://assets.woolworths.com.au/images/1005/30613.jpg?impolicy=wowsmkqiema&w=260&h=260,
Mirabella LED Pilot T26 Edison Screw 1.2W 70lm Warm White Globe each,9.5,,https://assets.woolworths.com.au/images/1005/198468.jpg?impolicy=wowsmkqiema&w=260&h=260,
Mirabella LED R80 Reflector ES 10.0W 940lm Warm White Globe each,13.5,,https://assets.woolworths.com.au/images/1005/71595.jpg?impolicy=wowsmkqiema&w=260&h=260,
Mirabella LED Round Bayonet Cap 5W 470lm Warm White Light Globe each,7.25,,https://assets.woolworths.com.au/images/1005/30575.jpg?impolicy=wowsmkqiema&w=260&h=260,
Mirabella LED Round Filament Clear BC 2W 250LM Warm White each,7.25,,https://assets.woolworths.com.au/images/1005/679021.jpg?impolicy=wowsmkqiema&w=260&h=260,
Mirabella LED Round Filament SES 2W 250LM Warm White each,7.25,,https://assets.woolworths.com.au/images/1005/679022.jpg?impolicy=wowsmkqiema&w=260&h=260,
Mirabella LED Small Edison Screw 5W 470lm Warm White Light Globe each,7.25,,https://assets.woolworths.com.au/images/1005/30581.jpg?impolicy=wowsmkqiema&w=260&h=260,
Mirabella LED Stick T45 11W 1055lm Edison Screw Cool White  Globe each,10.0,,https://assets.woolworths.com.au/images/1005/197752.jpg?impolicy=wowsmkqiema&w=260&h=260,
Mirabella LED Stick T45 11W 1055lm Edison Screw Warm White  Globe each,10.0,,https://assets.woolworths.com.au/images/1005/197589.jpg?impolicy=wowsmkqiema&w=260&h=260,
Mirabella Rotating Projector & Night Light each,20.0,,https://assets.woolworths.com.au/images/1005/439124.jpg?impolicy=wowsmkqiema&w=260&h=260,
Mirabella Soccer Ball LED Night Light each,25.0,,https://assets.woolworths.com.au/images/1005/6052271.jpg?impolicy=wowsmkqiema&w=260&h=260,
Mirabella Touch Lamp With Wireless Charger each,25.0,,https://assets.woolworths.com.au/images/1005/439125.jpg?impolicy=wowsmkqiema&w=260&h=260,
Misfitten Kittens Assorted each,13.6,,https://assets.woolworths.com.au/images/1005/906304.jpg?impolicy=wowsmkqiema&w=260&h=260,
Mistral Digital Air Fryer 4L each,82.0,,https://assets.woolworths.com.au/images/1005/6051994.jpg?impolicy=wowsmkqiema&w=260&h=260,
Moki HDMI Cable 3m each,13.0,,https://assets.woolworths.com.au/images/1005/6015164.jpg?impolicy=wowsmkqiema&w=260&h=260,
Moki Life 90cm Syncharge Cable Lightning to USB Blue each,17.0,,https://assets.woolworths.com.au/images/1005/499639.jpg?impolicy=wowsmkqiema&w=260&h=260,
Moki Life Audio Adaptor USB C To 3.5mm Port each,15.0,,https://assets.woolworths.com.au/images/1005/6014681.jpg?impolicy=wowsmkqiema&w=260&h=260,
Moki Life Lightning 90cm Cables 2 pack,25.0,,https://assets.woolworths.com.au/images/1005/172579.jpg?impolicy=wowsmkqiema&w=260&h=260,
Moki Life Lightning To USB Syncharge Cable 90cm (Mfi) each,17.0,,https://assets.woolworths.com.au/images/1005/99546.jpg?impolicy=wowsmkqiema&w=260&h=260,
Moki Life Lightning TypeC 90cm Cable each,22.0,,https://assets.woolworths.com.au/images/1005/172857.jpg?impolicy=wowsmkqiema&w=260&h=260,
Moki Life Metallics Earphones Assorted each,9.0,,https://assets.woolworths.com.au/images/1005/100325.jpg?impolicy=wowsmkqiema&w=260&h=260,
Moki Life Micro USB To USB Syncharge Cable 90cm each,10.0,,https://assets.woolworths.com.au/images/1005/97109.jpg?impolicy=wowsmkqiema&w=260&h=260,
Moki Life Noise Isolation Earphones & In Line Microphone each,12.0,,https://assets.woolworths.com.au/images/1005/972176.jpg?impolicy=wowsmkqiema&w=260&h=260,
Moki Life Type-C To USB Syncharge Cable 90cm each,15.0,,https://assets.woolworths.com.au/images/1005/99964.jpg?impolicy=wowsmkqiema&w=260&h=260,
Moki Life TypeC 90cm Cables 2 pack,23.0,,https://assets.woolworths.com.au/images/1005/173708.jpg?impolicy=wowsmkqiema&w=260&h=260,
Mort Bay 100% Horse Hair Shoe Brush each,10.0,,https://assets.woolworths.com.au/images/1005/543376.jpg?impolicy=wowsmkqiema&w=260&h=260,
Mort Bay Deodorising Balls Lemon 2 pack,6.0,,https://assets.woolworths.com.au/images/1005/912675.jpg?impolicy=wowsmkqiema&w=260&h=260,
Mort Bay Gel Heel Cups Pair each,7.5,,https://assets.woolworths.com.au/images/1005/911484.jpg?impolicy=wowsmkqiema&w=260&h=260,
National Geographic Kids Magazine each,9.5,,https://assets.woolworths.com.au/images/1005/850090.jpg?impolicy=wowsmkqiema&w=260&h=260,
National Geographic Special Ridge Riesling each,22.95,,https://assets.woolworths.com.au/images/1005/375807.jpg?impolicy=wowsmkqiema&w=260&h=260,
Neat Feat Spandex Gel Arch Cushion each,21.0,,https://assets.woolworths.com.au/images/1005/80049.jpg?impolicy=wowsmkqiema&w=260&h=260,
New Idea Jumbo Puzzler Magazine each,6.8,,https://assets.woolworths.com.au/images/1005/720539.jpg?impolicy=wowsmkqiema&w=260&h=260,
New Idea Magazine each,6.5,,https://assets.woolworths.com.au/images/1005/12677.jpg?impolicy=wowsmkqiema&w=260&h=260,
New Idea Special Magazine BBQ ESSENTIALS each,10.99,,https://assets.woolworths.com.au/images/1005/701684.jpg?impolicy=wowsmkqiema&w=260&h=260,
New Scientist Magazine each,11.99,,https://assets.woolworths.com.au/images/1005/214359.jpg?impolicy=wowsmkqiema&w=260&h=260,
Oakwood Bootlaces Brown & Gold 160cm each,4.5,,https://assets.woolworths.com.au/images/1005/6029192.jpg?impolicy=wowsmkqiema&w=260&h=260,
Oakwood Flat Sneaker Shoelaces Black 120cm each,4.0,,https://assets.woolworths.com.au/images/1005/6029019.jpg?impolicy=wowsmkqiema&w=260&h=260,
Oakwood Flat Sneaker Shoelaces White 120cm each,4.0,,https://assets.woolworths.com.au/images/1005/6029130.jpg?impolicy=wowsmkqiema&w=260&h=260,
Oakwood Hydrating Leather Conditioner 75ml,8.0,,https://assets.woolworths.com.au/images/1005/78141.jpg?impolicy=wowsmkqiema&w=260&h=260,
Oakwood Leather Wipes 16 pack,3.5,,https://assets.woolworths.com.au/images/1005/791333.jpg?impolicy=wowsmkqiema&w=260&h=260,
Oakwood Renovating Shoe Polish 65g,5.0,,https://assets.woolworths.com.au/images/1005/81625.jpg?impolicy=wowsmkqiema&w=260&h=260,
Oakwood Round School Shoelaces Black 75cm each,3.0,,https://assets.woolworths.com.au/images/1005/6029122.jpg?impolicy=wowsmkqiema&w=260&h=260,
Oakwood Round Sport Shoelaces Black 120cm each,4.0,,https://assets.woolworths.com.au/images/1005/6029014.jpg?impolicy=wowsmkqiema&w=260&h=260,
Oakwood Round Sport Shoelaces White 120cm each,4.0,,https://assets.woolworths.com.au/images/1005/6028066.jpg?impolicy=wowsmkqiema&w=260&h=260,
Odor Eaters Foot & Shoe Spray Cool Confidence 150ml,9.0,,https://assets.woolworths.com.au/images/1005/161740.jpg?impolicy=wowsmkqiema&w=260&h=260,
Olsent LED Candle Globe Bc 5.5W 480Lm Warm White 2 pack,10.0,,https://assets.woolworths.com.au/images/1005/551299.jpg?impolicy=wowsmkqiema&w=260&h=260,
Olsent LED Candle Globe Es 5.5W 480Lm Warm White 2 pack,10.5,,https://assets.woolworths.com.au/images/1005/6052274.jpg?impolicy=wowsmkqiema&w=260&h=260,
Olsent Led Candle Ses 5.5W 480Lm Ww 2 pack,10.0,,https://assets.woolworths.com.au/images/1005/551490.jpg?impolicy=wowsmkqiema&w=260&h=260,
Olsent LED Downlight Globe Gu5.3 6.0W 500Lm Warm White 2 pack,10.5,,https://assets.woolworths.com.au/images/1005/425282.jpg?impolicy=wowsmkqiema&w=260&h=260,
Olsent LED Downlight Globe Gu5.3 6.0W 500Lm Warm White 4 pack,19.5,,https://assets.woolworths.com.au/images/1005/425217.jpg?impolicy=wowsmkqiema&w=260&h=260,
Olsent LED Filament Candle SBC 4.0W 470Lm Warm White 2 pack,10.5,,https://assets.woolworths.com.au/images/1005/439126.jpg?impolicy=wowsmkqiema&w=260&h=260,
Olsent LED Filament Candle SES 4.0W 470Lm Warm White 2 pack,10.5,,https://assets.woolworths.com.au/images/1005/671851.jpg?impolicy=wowsmkqiema&w=260&h=260,
Olsent Led Filament Gls BC 6.5W 810Lm Warm White 2 pack,10.5,,https://assets.woolworths.com.au/images/1005/671656.jpg?impolicy=wowsmkqiema&w=260&h=260,
Olsent Led Filament Gls ES 6.5W 810Lm Warm White 2 pack,10.5,,https://assets.woolworths.com.au/images/1005/821294.jpg?impolicy=wowsmkqiema&w=260&h=260,
Olsent LED Filament Round Globe 4.0W 470Lm Warm White 2 pack,10.0,,https://assets.woolworths.com.au/images/1005/191161.jpg?impolicy=wowsmkqiema&w=260&h=260,
Olsent LED GLS BC 14.0W 1500Lm Cool White 2 pack,12.0,,https://assets.woolworths.com.au/images/1005/671658.jpg?impolicy=wowsmkqiema&w=260&h=260,
Olsent LED GLS BC 14.0W 1500Lm Warm White 2 pack,12.0,,https://assets.woolworths.com.au/images/1005/671850.jpg?impolicy=wowsmkqiema&w=260&h=260,
Olsent LED GLS BC 15.0W 1800Lm Cool White 2 pack,12.0,,https://assets.woolworths.com.au/images/1005/191160.jpg?impolicy=wowsmkqiema&w=260&h=260,
Olsent LED GLS BC 15.0W 1800Lm Warm White 2 pack,12.0,,https://assets.woolworths.com.au/images/1005/191158.jpg?impolicy=wowsmkqiema&w=260&h=260,
Olsent LED GLS BC 9.0W 850Lm Cool White 2 pack,10.5,,https://assets.woolworths.com.au/images/1005/425285.jpg?impolicy=wowsmkqiema&w=260&h=260,
Olsent LED GLS BC 9.0W 850Lm Warm White 2 pack,10.5,,https://assets.woolworths.com.au/images/1005/425284.jpg?impolicy=wowsmkqiema&w=260&h=260,
Olsent LED GLS ES 14.0W 1500Lm Warm White 2 pack,12.0,,https://assets.woolworths.com.au/images/1005/671659.jpg?impolicy=wowsmkqiema&w=260&h=260,
Olsent LED GLS ES 15.0W 1800Lm Cool White 2 pack,12.0,,https://assets.woolworths.com.au/images/1005/192073.jpg?impolicy=wowsmkqiema&w=260&h=260,
Olsent LED GLS ES 15.0W 1800Lm Warm White 2 pack,12.0,,https://assets.woolworths.com.au/images/1005/192072.jpg?impolicy=wowsmkqiema&w=260&h=260,
Olsent LED GLS ES 6.0W 500Lm Cool White 2 pack,10.5,,https://assets.woolworths.com.au/images/1005/425610.jpg?impolicy=wowsmkqiema&w=260&h=260,
Olsent LED GLS ES 6.0W 500Lm Warm White 2 pack,10.5,,https://assets.woolworths.com.au/images/1005/425283.jpg?impolicy=wowsmkqiema&w=260&h=260,
Olsent LED Gls Globe Bc 6.0W 500Lm Cool White 2 pack,10.5,,https://assets.woolworths.com.au/images/1005/425219.jpg?impolicy=wowsmkqiema&w=260&h=260,
Olsent LED Gls Globe Bc 6.0W 500Lm Warm White 2 pack,10.5,,https://assets.woolworths.com.au/images/1005/425218.jpg?impolicy=wowsmkqiema&w=260&h=260,
Olsent LED Gls Globe Es 14.0W 1500lm Cool White 2 pack,12.0,,https://assets.woolworths.com.au/images/1005/821295.jpg?impolicy=wowsmkqiema&w=260&h=260,
Olsent LED Gls Globe Es 9.0W 850Lm Cool White 2 pack,10.5,,https://assets.woolworths.com.au/images/1005/425612.jpg?impolicy=wowsmkqiema&w=260&h=260,
Olsent LED Gls Globe Es 9.0W 850Lm Warm White 2 pack,10.5,,https://assets.woolworths.com.au/images/1005/425611.jpg?impolicy=wowsmkqiema&w=260&h=260,
Olsent Led Gu10 6.0W 500Lm Warm White 2 pack,10.5,,https://assets.woolworths.com.au/images/1005/425286.jpg?impolicy=wowsmkqiema&w=260&h=260,
Olsent Led Gu10 6.0W 500Lm Warm White 4 pack,19.5,,https://assets.woolworths.com.au/images/1005/425613.jpg?impolicy=wowsmkqiema&w=260&h=260,
Olsent Led Round ES 5.5W 500Lm Warm White 2 pack,10.5,,https://assets.woolworths.com.au/images/1005/551383.jpg?impolicy=wowsmkqiema&w=260&h=260,
Olsent LED Round Globe Bc 5.5W 500Lm Warm White 2 pack,10.5,,https://assets.woolworths.com.au/images/1005/551382.jpg?impolicy=wowsmkqiema&w=260&h=260,
Olsent LED Round Globe Es 5.5W 500Lm Warm White 2 pack,10.5,,https://assets.woolworths.com.au/images/1005/6052273.jpg?impolicy=wowsmkqiema&w=260&h=260,
Olympic Check Ticket Book Loose 100 pack,1.0,,https://assets.woolworths.com.au/images/1005/16507.jpg?impolicy=wowsmkqiema&w=260&h=260,
Ooshies Collector Capsule Assorted each,3.2,,https://assets.woolworths.com.au/images/1005/195963.jpg?impolicy=wowsmkqiema&w=260&h=260,
Openook 250TC Cotton Rich Fitted Sheet Double Bed Green each,15.0,,https://assets.woolworths.com.au/images/1005/6020128.jpg?impolicy=wowsmkqiema&w=260&h=260,
Openook 250TC Cotton Rich Fitted Sheet Double Bed White each,15.0,,https://assets.woolworths.com.au/images/1005/6020252.jpg?impolicy=wowsmkqiema&w=260&h=260,
Openook 250TC Cotton Rich Fitted Sheet King Bed Green each,24.0,,https://assets.woolworths.com.au/images/1005/6020127.jpg?impolicy=wowsmkqiema&w=260&h=260,
Openook 250TC Cotton Rich Fitted Sheet King Bed White each,24.0,,https://assets.woolworths.com.au/images/1005/6020251.jpg?impolicy=wowsmkqiema&w=260&h=260,
Openook 250TC Cotton Rich Fitted Sheet Queen Bed Green each,19.0,,https://assets.woolworths.com.au/images/1005/6020255.jpg?impolicy=wowsmkqiema&w=260&h=260,
Openook 250TC Cotton Rich Fitted Sheet Queen Bed White each,19.0,,https://assets.woolworths.com.au/images/1005/6020253.jpg?impolicy=wowsmkqiema&w=260&h=260,
Openook 250TC Cotton Rich Fitted Sheet Single Bed Green each,13.0,,https://assets.woolworths.com.au/images/1005/6020254.jpg?impolicy=wowsmkqiema&w=260&h=260,
Openook 250TC Cotton Rich Fitted Sheet Single Bed White each,13.0,,https://assets.woolworths.com.au/images/1005/6020129.jpg?impolicy=wowsmkqiema&w=260&h=260,
Openook 250TC Cotton Rich Pillowcase Green each,4.0,,https://assets.woolworths.com.au/images/1005/6020250.jpg?impolicy=wowsmkqiema&w=260&h=260,
Openook 250TC Cotton Rich Pillowcase White each,4.0,,https://assets.woolworths.com.au/images/1005/6020126.jpg?impolicy=wowsmkqiema&w=260&h=260,
Openook Archer Cotton Quilt Cover Set King Bed Green each,50.0,,https://assets.woolworths.com.au/images/1005/6020537.jpg?impolicy=wowsmkqiema&w=260&h=260,
Openook Cotton Quilt Cover Set Queen Bed Assorted each,45.0,,https://assets.woolworths.com.au/images/1005/6020535.jpg?impolicy=wowsmkqiema&w=260&h=260,
Openook Cotton Quilt Cover Set Single Bed Assorted each,35.0,,https://assets.woolworths.com.au/images/1005/6020536.jpg?impolicy=wowsmkqiema&w=260&h=260,
Optus Nubia Focus 5G each,199.0,,https://assets.woolworths.com.au/images/1005/6018398.jpg?impolicy=wowsmkqiema&w=260&h=260,
Optus Samsung A17 5G Mobile Phone each,279.0,,https://assets.woolworths.com.au/images/1005/6044326.jpg?impolicy=wowsmkqiema&w=260&h=260,
Optus X Flip each,69.0,,https://assets.woolworths.com.au/images/1005/6018450.jpg?impolicy=wowsmkqiema&w=260&h=260,
Optus X Plus each,119.0,,https://assets.woolworths.com.au/images/1005/6018460.jpg?impolicy=wowsmkqiema&w=260&h=260,
Optus X Pro 2 5G Phone each,179.0,,https://assets.woolworths.com.au/images/1005/6044565.jpg?impolicy=wowsmkqiema&w=260&h=260,
Optus X Start 5 Mobile Phone each,79.0,,https://assets.woolworths.com.au/images/1005/6041649.jpg?impolicy=wowsmkqiema&w=260&h=260,
Optus X Value 5G Phone each,159.0,,https://assets.woolworths.com.au/images/1005/6044739.jpg?impolicy=wowsmkqiema&w=260&h=260,
Optus X-Total 2 each,149.0,,https://assets.woolworths.com.au/images/1005/6067583.jpg?impolicy=wowsmkqiema&w=260&h=260,
Organic Gardener Magazine each,9.99,,https://assets.woolworths.com.au/images/1005/89077.jpg?impolicy=wowsmkqiema&w=260&h=260,
Paper Mate Ballpoint Pen Reliable Writing 10 pack,3.5,,https://assets.woolworths.com.au/images/1005/239954.jpg?impolicy=wowsmkqiema&w=260&h=260,
Paper Mate Flair Medium Felt Tip Pens 24 pack,25.0,,https://assets.woolworths.com.au/images/1005/6056554.jpg?impolicy=wowsmkqiema&w=260&h=260,
Paper Mate Flair Scented Pens 12 pack,15.0,,https://assets.woolworths.com.au/images/1005/239179.jpg?impolicy=wowsmkqiema&w=260&h=260,
Paper Mate Ink Joy Ballpoint Pens Black 10 pack,5.25,,https://assets.woolworths.com.au/images/1005/239951.jpg?impolicy=wowsmkqiema&w=260&h=260,
Paper Mate InkJoy 300RT Ballpoint Pens Assorted Colours 4 pack,3.5,,https://assets.woolworths.com.au/images/1005/713771.jpg?impolicy=wowsmkqiema&w=260&h=260,
Paper Mate InkJoy 300RT Ballpoint Pens Black 4 pack,3.5,,https://assets.woolworths.com.au/images/1005/713359.jpg?impolicy=wowsmkqiema&w=260&h=260,
Paper Mate InkJoy Ballpoint Pen 100ST Ultra Smooth Ink 10 pack,5.25,,https://assets.woolworths.com.au/images/1005/239953.jpg?impolicy=wowsmkqiema&w=260&h=260,
Paper Mate Inkjoy Gel Pens 10 pack,25.0,,https://assets.woolworths.com.au/images/1005/6025640.jpg?impolicy=wowsmkqiema&w=260&h=260,
Paper Mate Inkjoy Gel Pens Candy Pop 4 pack,10.15,,https://assets.woolworths.com.au/images/1005/6024637.jpg?impolicy=wowsmkqiema&w=260&h=260,
Paper Mate Kilometrico Ballpoint Pens Assorted Colours 10 pack,3.5,,https://assets.woolworths.com.au/images/1005/239956.jpg?impolicy=wowsmkqiema&w=260&h=260,
Paper Mate Liquid Paper Dryline Grip White Out Correction Tape 2 pack,10.75,,https://assets.woolworths.com.au/images/1005/69015.jpg?impolicy=wowsmkqiema&w=260&h=260,
Paper Mate Liquid Paper Dryline i Mini White Out Correction Tape 3 pack,5.55,,https://assets.woolworths.com.au/images/1005/254216.jpg?impolicy=wowsmkqiema&w=260&h=260,
Paper Mate Liquid Paper White Out Correction Fluid 20mL 2 pack,5.25,,https://assets.woolworths.com.au/images/1005/283096.jpg?impolicy=wowsmkqiema&w=260&h=260,
Paper Mate Liquid Paper White Out Correction Pens 7mL x 2 pack,10.0,,https://assets.woolworths.com.au/images/1005/100718.jpg?impolicy=wowsmkqiema&w=260&h=260,
Paper Mate Profile 0.7mm Gel Pens Assorted Colours 4 pack,8.4,,https://assets.woolworths.com.au/images/1005/103712.jpg?impolicy=wowsmkqiema&w=260&h=260,
Paper Mate Profile 1.0mm Ballpoint Pens Black 2 pack,5.75,,https://assets.woolworths.com.au/images/1005/333435.jpg?impolicy=wowsmkqiema&w=260&h=260,
Paper Mate Profile 1.0mm Ballpoint Pens Blue 2 pack,5.75,,https://assets.woolworths.com.au/images/1005/283098.jpg?impolicy=wowsmkqiema&w=260&h=260,
Paper Reward Stickers Assorted 120 pack,2.5,,https://assets.woolworths.com.au/images/1005/582299.jpg?impolicy=wowsmkqiema&w=260&h=260,
Paperclick 2 Hole Pencil Sharpener Assorted each,3.0,,https://assets.woolworths.com.au/images/1005/228134.jpg?impolicy=wowsmkqiema&w=260&h=260,
Paperclick A3 Visual Art Diary 120 Pages each,12.0,,https://assets.woolworths.com.au/images/1005/612627.jpg?impolicy=wowsmkqiema&w=260&h=260,
Paperclick A4 10 Tab Divider each,3.0,,https://assets.woolworths.com.au/images/1005/55227.jpg?impolicy=wowsmkqiema&w=260&h=260,
Paperclick A4 5 Subject Lecture Book each,6.5,,https://assets.woolworths.com.au/images/1005/882241.jpg?impolicy=wowsmkqiema&w=260&h=260,
Paperclick A4 Clipboard Assorted each,4.0,,https://assets.woolworths.com.au/images/1005/6052613.jpg?impolicy=wowsmkqiema&w=260&h=260,
Paperclick A4 Coloured Paper Pad 120 Pages each,5.5,,https://assets.woolworths.com.au/images/1005/882060.jpg?impolicy=wowsmkqiema&w=260&h=260,
Paperclick A4 Display Book 30 Pages Assorted each,5.0,,https://assets.woolworths.com.au/images/1005/6052614.jpg?impolicy=wowsmkqiema&w=260&h=260,
Paperclick A4 Elasticated Box File each,7.0,,https://assets.woolworths.com.au/images/1005/6052633.jpg?impolicy=wowsmkqiema&w=260&h=260,
Paperclick A4 Exercise Book 96 pages 3 pack,5.0,,https://assets.woolworths.com.au/images/1005/882122.jpg?impolicy=wowsmkqiema&w=260&h=260,
Paperclick A4 Letter File Clear 20 pack,6.0,,https://assets.woolworths.com.au/images/1005/6052632.jpg?impolicy=wowsmkqiema&w=260&h=260,
Paperclick A4 Mesh Wallet each,5.0,,https://assets.woolworths.com.au/images/1005/6052616.jpg?impolicy=wowsmkqiema&w=260&h=260,
Paperclick A4 Notebook 120 Pages 5 pack,10.0,,https://assets.woolworths.com.au/images/1005/882279.jpg?impolicy=wowsmkqiema&w=260&h=260,
Paperclick A4 Presentation File Assorted 4 pack,5.0,,https://assets.woolworths.com.au/images/1005/6052655.jpg?impolicy=wowsmkqiema&w=260&h=260,
Paperclick A4 Spiral Lecture Book 140 Pages each,4.0,,https://assets.woolworths.com.au/images/1005/751592.jpg?impolicy=wowsmkqiema&w=260&h=260,
Paperclick A4 Stationery Case each,6.0,,https://assets.woolworths.com.au/images/1005/615015.jpg?impolicy=wowsmkqiema&w=260&h=260,
Paperclick A4 Visual Art Diary 120 Pages each,8.0,,https://assets.woolworths.com.au/images/1005/612628.jpg?impolicy=wowsmkqiema&w=260&h=260,
Paperclick A4 Writing Pad 80 Pages 3 pack,7.0,,https://assets.woolworths.com.au/images/1005/884792.jpg?impolicy=wowsmkqiema&w=260&h=260,
Paperclick A5 Embroidered Notebook 160 Pages each,10.0,,https://assets.woolworths.com.au/images/1005/6052645.jpg?impolicy=wowsmkqiema&w=260&h=260,
Paperclick A5 Kraft 300 Page Notebook Assorted each,9.0,,https://assets.woolworths.com.au/images/1005/582297.jpg?impolicy=wowsmkqiema&w=260&h=260,
Paperclick A5 Notebook With Pen Holder 160 Pages Assorted each,10.0,,https://assets.woolworths.com.au/images/1005/6052657.jpg?impolicy=wowsmkqiema&w=260&h=260,
Paperclick A5 Project Notebook 200 Pages Assorted each,8.0,,https://assets.woolworths.com.au/images/1005/6052630.jpg?impolicy=wowsmkqiema&w=260&h=260,
Paperclick A5 Spiral Notebook 160 Pages Assorted each,7.0,,https://assets.woolworths.com.au/images/1005/6052611.jpg?impolicy=wowsmkqiema&w=260&h=260,
Paperclick A5 Spiral Notebook 240 Pages Assorted each,10.0,,https://assets.woolworths.com.au/images/1005/6052654.jpg?impolicy=wowsmkqiema&w=260&h=260,
Paperclick A6 Notebook Stichbound 64 Pages 3 pack,6.0,,https://assets.woolworths.com.au/images/1005/6052631.jpg?impolicy=wowsmkqiema&w=260&h=260,
Paperclick Acrylic Colour Paints each,5.5,,https://assets.woolworths.com.au/images/1005/165424.jpg?impolicy=wowsmkqiema&w=260&h=260,
Paperclick Adhesive Labels Rectangle Blue Border 34Mm X 75Mm 18 pack,2.5,,https://assets.woolworths.com.au/images/1005/751900.jpg?impolicy=wowsmkqiema&w=260&h=260,
Paperclick Adhesive Rectangle Labels White 72 pack,2.5,,https://assets.woolworths.com.au/images/1005/751953.jpg?impolicy=wowsmkqiema&w=260&h=260,
Paperclick Binder Clips 15 pack,5.0,,https://assets.woolworths.com.au/images/1005/6052622.jpg?impolicy=wowsmkqiema&w=260&h=260,
Paperclick Bubble Mail Bag Medium 3 pack,6.0,,https://assets.woolworths.com.au/images/1005/6052658.jpg?impolicy=wowsmkqiema&w=260&h=260,
Paperclick Bubble Mail Bag Small 5 pack,6.0,,https://assets.woolworths.com.au/images/1005/6052634.jpg?impolicy=wowsmkqiema&w=260&h=260,
Paperclick Bubble Wrap 5m each,5.0,,https://assets.woolworths.com.au/images/1005/6052637.jpg?impolicy=wowsmkqiema&w=260&h=260,
Paperclick C4 Envelopes Peel & Seal 25 pack,7.5,,https://assets.woolworths.com.au/images/1005/725382.jpg?impolicy=wowsmkqiema&w=260&h=260,
Paperclick C6 Envelopes Peel & Seal C6 100 pack,6.5,,https://assets.woolworths.com.au/images/1005/188365.jpg?impolicy=wowsmkqiema&w=260&h=260,
Paperclick Colour Your Own Magnet Kit Assorted each,5.0,,https://assets.woolworths.com.au/images/1005/6052651.jpg?impolicy=wowsmkqiema&w=260&h=260,
Paperclick Colour your Own Puzzle Kit Assorted each,5.0,,https://assets.woolworths.com.au/images/1005/6052670.jpg?impolicy=wowsmkqiema&w=260&h=260,
Paperclick Colour Your Own Squishy Kit Assorted each,5.0,,https://assets.woolworths.com.au/images/1005/6052672.jpg?impolicy=wowsmkqiema&w=260&h=260,
Paperclick Colour Your Own Tote Bag Assorted each,5.0,,https://assets.woolworths.com.au/images/1005/6052673.jpg?impolicy=wowsmkqiema&w=260&h=260,
Paperclick Colouring Book Assorted 30 pages each,6.0,,https://assets.woolworths.com.au/images/1005/228122.jpg?impolicy=wowsmkqiema&w=260&h=260,
Paperclick Colouring Book Assorted 40 pages each,4.5,,https://assets.woolworths.com.au/images/1005/583773.jpg?impolicy=wowsmkqiema&w=260&h=260,
Paperclick Colouring Paper Roll Assorted 5m each,9.0,,https://assets.woolworths.com.au/images/1005/6052662.jpg?impolicy=wowsmkqiema&w=260&h=260,
Paperclick Colouring Pencils 24 pack,5.0,,https://assets.woolworths.com.au/images/1005/6052626.jpg?impolicy=wowsmkqiema&w=260&h=260,
Paperclick Colouring Pens 24 pack,5.0,,https://assets.woolworths.com.au/images/1005/6052628.jpg?impolicy=wowsmkqiema&w=260&h=260,
Paperclick Correction Tape Tape 2 pack,4.5,,https://assets.woolworths.com.au/images/1005/725365.jpg?impolicy=wowsmkqiema&w=260&h=260,
Paperclick DL Envelopes Peel & Seal Dl 100 pack,7.5,,https://assets.woolworths.com.au/images/1005/171406.jpg?impolicy=wowsmkqiema&w=260&h=260,
Paperclick Document Folder Assorted 10 pack,7.5,,https://assets.woolworths.com.au/images/1005/55228.jpg?impolicy=wowsmkqiema&w=260&h=260,
Paperclick Eraser Sticks 3 pack,2.5,,https://assets.woolworths.com.au/images/1005/6052405.jpg?impolicy=wowsmkqiema&w=260&h=260,
Paperclick Exercise Books 64 Pages 3 pack,3.5,,https://assets.woolworths.com.au/images/1005/6052627.jpg?impolicy=wowsmkqiema&w=260&h=260,
Paperclick Expanding File each,6.5,,https://assets.woolworths.com.au/images/1005/614392.jpg?impolicy=wowsmkqiema&w=260&h=260,
Paperclick Fashion Pencil Case Assorted each,9.0,,https://assets.woolworths.com.au/images/1005/6052644.jpg?impolicy=wowsmkqiema&w=260&h=260,
Paperclick Fineliner Pens 10 pack,8.0,,https://assets.woolworths.com.au/images/1005/6052653.jpg?impolicy=wowsmkqiema&w=260&h=260,
Paperclick Folder A4 Sheet Protector 100 pack,7.0,,https://assets.woolworths.com.au/images/1005/39559.jpg?impolicy=wowsmkqiema&w=260&h=260,
Paperclick Gel Pens 6 pack,5.0,,https://assets.woolworths.com.au/images/1005/6052402.jpg?impolicy=wowsmkqiema&w=260&h=260,
Paperclick Glue Stick 2 pack,5.0,,https://assets.woolworths.com.au/images/1005/55242.jpg?impolicy=wowsmkqiema&w=260&h=260,
Paperclick Glue Sticks 4 pack,4.0,,https://assets.woolworths.com.au/images/1005/6052640.jpg?impolicy=wowsmkqiema&w=260&h=260,
Paperclick HB Pencil With Eraser 6 pack,3.5,,https://assets.woolworths.com.au/images/1005/6052610.jpg?impolicy=wowsmkqiema&w=260&h=260,
Paperclick Highlighters Assorted Colours 6 pack,6.0,,https://assets.woolworths.com.au/images/1005/881328.jpg?impolicy=wowsmkqiema&w=260&h=260,
Paperclick Invisible Tape with Dispenser 18 x 25m each,2.5,,https://assets.woolworths.com.au/images/1005/787388.jpg?impolicy=wowsmkqiema&w=260&h=260,
Paperclick Junior Scissors Assorted each,3.0,,https://assets.woolworths.com.au/images/1005/6052406.jpg?impolicy=wowsmkqiema&w=260&h=260,
Paperclick Jute Twine 100m each,6.0,,https://assets.woolworths.com.au/images/1005/6052624.jpg?impolicy=wowsmkqiema&w=260&h=260,
Paperclick Kids Jumbo Chalk 10 pack,2.8,,https://assets.woolworths.com.au/images/1005/882389.jpg?impolicy=wowsmkqiema&w=260&h=260,
Paperclick Kraft Honeycomb Paper Roll 5m each,7.0,,https://assets.woolworths.com.au/images/1005/6052659.jpg?impolicy=wowsmkqiema&w=260&h=260,
Paperclick Kraft Paper Roll 10m each,5.0,,https://assets.woolworths.com.au/images/1005/7799.jpg?impolicy=wowsmkqiema&w=260&h=260,
Paperclick Kraft Paper Tape Roll 48mm x 50m each,7.0,,https://assets.woolworths.com.au/images/1005/573709.jpg?impolicy=wowsmkqiema&w=260&h=260,
Paperclick Leather Look Hard Cover Notebook Assorted each,9.0,,https://assets.woolworths.com.au/images/1005/55332.jpg?impolicy=wowsmkqiema&w=260&h=260,
Paperclick Lever Arch Folder Assorted each,5.5,,https://assets.woolworths.com.au/images/1005/882378.jpg?impolicy=wowsmkqiema&w=260&h=260,
Paperclick Magnets 4 pack,5.0,,https://assets.woolworths.com.au/images/1005/6052618.jpg?impolicy=wowsmkqiema&w=260&h=260,
Paperclick Make your Own Castle Kit Assorted each,5.0,,https://assets.woolworths.com.au/images/1005/6052675.jpg?impolicy=wowsmkqiema&w=260&h=260,
Paperclick Marble Pencil Case Assorted each,8.0,,https://assets.woolworths.com.au/images/1005/6052661.jpg?impolicy=wowsmkqiema&w=260&h=260,
Paperclick Mini Pegs 20 pack,3.0,,https://assets.woolworths.com.au/images/1005/6052656.jpg?impolicy=wowsmkqiema&w=260&h=260,
Paperclick Mini Stapler Set Assorted each,4.0,,https://assets.woolworths.com.au/images/1005/6052638.jpg?impolicy=wowsmkqiema&w=260&h=260,
Paperclick Packaging Tape 3 pack,8.8,,https://assets.woolworths.com.au/images/1005/751879.jpg?impolicy=wowsmkqiema&w=260&h=260,
Paperclick Paint Brush Set 10 pack,6.0,,https://assets.woolworths.com.au/images/1005/6052625.jpg?impolicy=wowsmkqiema&w=260&h=260,
Paperclick Paint With Water Activity Book Assorted each,5.0,,https://assets.woolworths.com.au/images/1005/6052646.jpg?impolicy=wowsmkqiema&w=260&h=260,
Paperclick Palm Cards 100 pack,6.0,,https://assets.woolworths.com.au/images/1005/697232.jpg?impolicy=wowsmkqiema&w=260&h=260,
Paperclick Paper Clips 200 pack,4.8,,https://assets.woolworths.com.au/images/1005/6052621.jpg?impolicy=wowsmkqiema&w=260&h=260,
Paperclick Permanent Markers Black 2 pack,4.0,,https://assets.woolworths.com.au/images/1005/615016.jpg?impolicy=wowsmkqiema&w=260&h=260,
Paperclick Pocket Notebook 96 Pages 5 pack,3.0,,https://assets.woolworths.com.au/images/1005/751591.jpg?impolicy=wowsmkqiema&w=260&h=260,
Paperclick Presentation Wallet A4 Document Clear each,6.0,,https://assets.woolworths.com.au/images/1005/751510.jpg?impolicy=wowsmkqiema&w=260&h=260,
Paperclick Puffy Stickers Assorted each,2.0,,https://assets.woolworths.com.au/images/1005/228124.jpg?impolicy=wowsmkqiema&w=260&h=260,
Paperclick Push Pins 100 pack,4.0,,https://assets.woolworths.com.au/images/1005/6052617.jpg?impolicy=wowsmkqiema&w=260&h=260,
Paperclick Quick Drying Paint Sticks 6 pack,6.0,,https://assets.woolworths.com.au/images/1005/586795.jpg?impolicy=wowsmkqiema&w=260&h=260,
Paperclick Quilted Pencil Case Assorted each,8.0,,https://assets.woolworths.com.au/images/1005/6052667.jpg?impolicy=wowsmkqiema&w=260&h=260,
Paperclick Reporter Notebook 300 Pages each,4.0,,https://assets.woolworths.com.au/images/1005/755982.jpg?impolicy=wowsmkqiema&w=260&h=260,
Paperclick Ring Binder each,5.0,,https://assets.woolworths.com.au/images/1005/615014.jpg?impolicy=wowsmkqiema&w=260&h=260,
Paperclick Rubber Bands 100g,4.45,,https://assets.woolworths.com.au/images/1005/6052620.jpg?impolicy=wowsmkqiema&w=260&h=260,
Paperclick Scissors with Soft Grip 17cm Assorted each,5.0,,https://assets.woolworths.com.au/images/1005/213906.jpg?impolicy=wowsmkqiema&w=260&h=260,
Paperclick Scrap Notebook 72 Page each,3.0,,https://assets.woolworths.com.au/images/1005/55831.jpg?impolicy=wowsmkqiema&w=260&h=260,
Paperclick Single Hole Punch each,3.0,,https://assets.woolworths.com.au/images/1005/6052639.jpg?impolicy=wowsmkqiema&w=260&h=260,
Paperclick Slim Highlighters 5 pack,5.0,,https://assets.woolworths.com.au/images/1005/6052676.jpg?impolicy=wowsmkqiema&w=260&h=260,
Paperclick Small Pencil Case Assorted each,3.0,,https://assets.woolworths.com.au/images/1005/55329.jpg?impolicy=wowsmkqiema&w=260&h=260,
Paperclick Stamp Marker 6 pack,6.0,,https://assets.woolworths.com.au/images/1005/6052407.jpg?impolicy=wowsmkqiema&w=260&h=260,
Paperclick Stapler each,8.0,,https://assets.woolworths.com.au/images/1005/725464.jpg?impolicy=wowsmkqiema&w=260&h=260,
Paperclick Staples No. 26/6 2000 pack,2.5,,https://assets.woolworths.com.au/images/1005/882393.jpg?impolicy=wowsmkqiema&w=260&h=260,
Paperclick Sticker Small Stars 180 pack,2.0,,https://assets.woolworths.com.au/images/1005/751898.jpg?impolicy=wowsmkqiema&w=260&h=260,
Paperclick Sticky Notes 300 Sheets each,4.0,,https://assets.woolworths.com.au/images/1005/6052408.jpg?impolicy=wowsmkqiema&w=260&h=260,
Paperclick Sticky Notes Set each,3.0,,https://assets.woolworths.com.au/images/1005/6052404.jpg?impolicy=wowsmkqiema&w=260&h=260,
Paperclick Sticky Notes Wide 200 Sheets each,4.0,,https://assets.woolworths.com.au/images/1005/6052409.jpg?impolicy=wowsmkqiema&w=260&h=260,
Paperclick Thumb Tacks 200 pack,4.0,,https://assets.woolworths.com.au/images/1005/6052623.jpg?impolicy=wowsmkqiema&w=260&h=260,
Paperclick Twin Zip Pencil Case Assorted each,7.0,,https://assets.woolworths.com.au/images/1005/6052641.jpg?impolicy=wowsmkqiema&w=260&h=260,
Paperclick Whiteboard Markers 2.0mm Bullet Nib 4 pack,6.0,,https://assets.woolworths.com.au/images/1005/586836.jpg?impolicy=wowsmkqiema&w=260&h=260,
Pass The Animals Original Dice Game each,20.0,,https://assets.woolworths.com.au/images/1005/653385.jpg?impolicy=wowsmkqiema&w=260&h=260,
Philips Led 1400Lm Cool Bc 2 pack,13.2,,https://assets.woolworths.com.au/images/1005/871596.jpg?impolicy=wowsmkqiema&w=260&h=260,
Philips Led 1400Lm Cool Es 2 pack,13.2,,https://assets.woolworths.com.au/images/1005/871612.jpg?impolicy=wowsmkqiema&w=260&h=260,
Philips Led 1400Lm Warm Bc 2 pack,13.2,,https://assets.woolworths.com.au/images/1005/871611.jpg?impolicy=wowsmkqiema&w=260&h=260,
Philips Led 1400Lm Warm Es 2 pack,13.2,,https://assets.woolworths.com.au/images/1005/871609.jpg?impolicy=wowsmkqiema&w=260&h=260,
Philips Ultraefficient LED Globe B22 13W 2080Lm Cool White each,12.0,,https://assets.woolworths.com.au/images/1005/6054014.jpg?impolicy=wowsmkqiema&w=260&h=260,
Philips Ultraefficient LED Globe B22 13W 2080Lm Warm White each,12.0,,https://assets.woolworths.com.au/images/1005/6054044.jpg?impolicy=wowsmkqiema&w=260&h=260,
Philips Ultraefficient LED Globe E27 13W 2080Lm Cool White each,12.0,,https://assets.woolworths.com.au/images/1005/6053722.jpg?impolicy=wowsmkqiema&w=260&h=260,
Philips Ultraefficient LED Globe E27 13W 2080Lm Warm White each,12.0,,https://assets.woolworths.com.au/images/1005/6053723.jpg?impolicy=wowsmkqiema&w=260&h=260,
Phoenix Firelighters 40 pack,3.6,,https://assets.woolworths.com.au/images/1005/81359.jpg?impolicy=wowsmkqiema&w=260&h=260,
Pilot FriXion Ball Erasable Gel Pen 0.7mm Assortment 3 pack,9.9,,https://assets.woolworths.com.au/images/1005/710589.jpg?impolicy=wowsmkqiema&w=260&h=260,
Pilot FriXion Ball Erasable Gel Pen 0.7mm Black 3 pack,9.9,,https://assets.woolworths.com.au/images/1005/652518.jpg?impolicy=wowsmkqiema&w=260&h=260,
Pilot FriXion Ball Erasable Gel Pen 0.7mm Blue 3 pack,9.9,,https://assets.woolworths.com.au/images/1005/652572.jpg?impolicy=wowsmkqiema&w=260&h=260,
Pilot Frixion Clicker Erasable Pen 0.7mm Fine 3 pack,9.7,,https://assets.woolworths.com.au/images/1005/893496.jpg?impolicy=wowsmkqiema&w=260&h=260,
Pilot FriXion Erasable Retractable Gel Pen 0.7mm Black +3 refills each,7.4,,https://assets.woolworths.com.au/images/1005/239018.jpg?impolicy=wowsmkqiema&w=260&h=260,
Pink Magazine each,13.99,,https://assets.woolworths.com.au/images/1005/686783.jpg?impolicy=wowsmkqiema&w=260&h=260,
Playing Cards Deck Assorted each,5.0,,https://assets.woolworths.com.au/images/1005/240480.jpg?impolicy=wowsmkqiema&w=260&h=260,
Plugd 4 in 1 Wall Charger USB A & C each,22.0,,https://assets.woolworths.com.au/images/1005/6017253.jpg?impolicy=wowsmkqiema&w=260&h=260,
Plugd USB A to C Cable 1m each,8.0,,https://assets.woolworths.com.au/images/1005/6017530.jpg?impolicy=wowsmkqiema&w=260&h=260,
Plugd USB A To Lightning Cable 1m each,8.0,,https://assets.woolworths.com.au/images/1005/6016602.jpg?impolicy=wowsmkqiema&w=260&h=260,
Post-it Flags 25x43mm 3 pack,6.55,,https://assets.woolworths.com.au/images/1005/710344.jpg?impolicy=wowsmkqiema&w=260&h=260,
Post-it Notes Canary Yellow 4 pack,6.0,,https://assets.woolworths.com.au/images/1005/660431.jpg?impolicy=wowsmkqiema&w=260&h=260,
Post-it Super Sticky Jewel Pop Pad 3 pack,6.0,,https://assets.woolworths.com.au/images/1005/333113.jpg?impolicy=wowsmkqiema&w=260&h=260,
Prevention Magazine each,9.99,,https://assets.woolworths.com.au/images/1005/331552.jpg?impolicy=wowsmkqiema&w=260&h=260,
Propert 5kg Round Glass Top Digital Scale Assorted each,20.0,,https://assets.woolworths.com.au/images/1005/210649.jpg?impolicy=wowsmkqiema&w=260&h=260,
Puzzler Sudoku Australia each,7.5,,https://assets.woolworths.com.au/images/1005/229281.jpg?impolicy=wowsmkqiema&w=260&h=260,
Pyrex 1L Measuring Jug each,14.5,,https://assets.woolworths.com.au/images/1005/204777.jpg?impolicy=wowsmkqiema&w=260&h=260,
Pyrex 3.1L Iconics Mixing Bowl each,16.5,,https://assets.woolworths.com.au/images/1005/188751.jpg?impolicy=wowsmkqiema&w=260&h=260,
Pyrex Bake N Serve Glass Baking Dish 2.6L each,20.0,,https://assets.woolworths.com.au/images/1005/6058389.jpg?impolicy=wowsmkqiema&w=260&h=260,
Pyrex Let's Share Glass Roasting Dish 4L each,23.0,,https://assets.woolworths.com.au/images/1005/218252.jpg?impolicy=wowsmkqiema&w=260&h=260,
Pyrex Measuring Jug 500ml each,11.0,,https://assets.woolworths.com.au/images/1005/185184.jpg?impolicy=wowsmkqiema&w=260&h=260,
Pyrex Simply Store Round Storage Dish 946mL each,14.0,,https://assets.woolworths.com.au/images/1005/185187.jpg?impolicy=wowsmkqiema&w=260&h=260,
Quantum Alkaline 9V 2 pack,15.0,,https://assets.woolworths.com.au/images/1005/223425.jpg?impolicy=wowsmkqiema&w=260&h=260,
Quantum Alkaline 9V each,8.5,,https://assets.woolworths.com.au/images/1005/223424.jpg?impolicy=wowsmkqiema&w=260&h=260,
Quantum Alkaline LR44 1.5V Coin Cell 4 pack,6.0,,https://assets.woolworths.com.au/images/1005/6060370.jpg?impolicy=wowsmkqiema&w=260&h=260,
Quantum Alkaline Size D 4 pack,11.0,,https://assets.woolworths.com.au/images/1005/223431.jpg?impolicy=wowsmkqiema&w=260&h=260,
Quantum Battery Operated Head Lamp each,15.0,,https://assets.woolworths.com.au/images/1005/6052721.jpg?impolicy=wowsmkqiema&w=260&h=260,
Quantum CR2032 Batteries 8 pack,22.0,,https://assets.woolworths.com.au/images/1005/6060287.jpg?impolicy=wowsmkqiema&w=260&h=260,
Quantum Lithium CR2016 4PK 4 pack,12.0,,https://assets.woolworths.com.au/images/1005/223473.jpg?impolicy=wowsmkqiema&w=260&h=260,
Quantum Lithium CR2025 4PK 4 pack,12.0,,https://assets.woolworths.com.au/images/1005/223474.jpg?impolicy=wowsmkqiema&w=260&h=260,
Quantum Lithium CR2032 4PK 4 pack,12.0,,https://assets.woolworths.com.au/images/1005/223475.jpg?impolicy=wowsmkqiema&w=260&h=260,
Quantum Ni-Mh AA/AAA Battery Charger AA/AAA with micro USB cable each,26.5,,https://assets.woolworths.com.au/images/1005/223472.jpg?impolicy=wowsmkqiema&w=260&h=260,
Quantum NiMh Rechargeable AA 2500 4 pack,16.15,,https://assets.woolworths.com.au/images/1005/223476.jpg?impolicy=wowsmkqiema&w=260&h=260,
Quantum Super Alkaline AA Batteries 10 pack,12.5,,https://assets.woolworths.com.au/images/1005/223426.jpg?impolicy=wowsmkqiema&w=260&h=260,
Quantum Super Alkaline AA Batteries 16 pack,19.0,,https://assets.woolworths.com.au/images/1005/223427.jpg?impolicy=wowsmkqiema&w=260&h=260,
Quantum Super Alkaline AAA Batteries 10 pack,12.5,,https://assets.woolworths.com.au/images/1005/223428.jpg?impolicy=wowsmkqiema&w=260&h=260,
Quantum Super Alkaline AAA Batteries 16 pack,19.0,,https://assets.woolworths.com.au/images/1005/223429.jpg?impolicy=wowsmkqiema&w=260&h=260,
Quantum Super Alkaline C Batteries 4 pack,11.0,,https://assets.woolworths.com.au/images/1005/223430.jpg?impolicy=wowsmkqiema&w=260&h=260,
Quartet White Board 290X290Mm each,6.6,,https://assets.woolworths.com.au/images/1005/768981.jpg?impolicy=wowsmkqiema&w=260&h=260,
Quell Q1400 Photoelectric Smoke Alarm Lithium Sealed Battery each,32.0,,https://assets.woolworths.com.au/images/1005/693400.jpg?impolicy=wowsmkqiema&w=260&h=260,
Rainbow High Littles Fantasy Fairy Toy Assorted each,22.0,,https://assets.woolworths.com.au/images/1005/6033599.jpg?impolicy=wowsmkqiema&w=260&h=260,
Razzamatazz Knee Hi Pairs & Spares Beige 4 pack,3.5,,https://assets.woolworths.com.au/images/1005/178511.jpg?impolicy=wowsmkqiema&w=260&h=260,
Razzamatazz Knee Hi Pantyhose Natural One Size 2 pack,2.5,,https://assets.woolworths.com.au/images/1005/32354.jpg?impolicy=wowsmkqiema&w=260&h=260,
Razzamatazz Knee Hi Pantyhose Tan One Size 2 pack,2.5,,https://assets.woolworths.com.au/images/1005/32350.jpg?impolicy=wowsmkqiema&w=260&h=260,
Razzamatazz Pantyhose Control Brazen Medium 2 pack,4.0,,https://assets.woolworths.com.au/images/1005/339809.jpg?impolicy=wowsmkqiema&w=260&h=260,
Razzamatazz Pantyhose Control Brazen Tall 2 pack,4.0,,https://assets.woolworths.com.au/images/1005/339810.jpg?impolicy=wowsmkqiema&w=260&h=260,
Razzamatazz Pantyhose Control Brazen X-Tall 2 pack,4.0,,https://assets.woolworths.com.au/images/1005/339811.jpg?impolicy=wowsmkqiema&w=260&h=260,
Razzamatazz Tan Anklet One Size 2 pack,1.5,,https://assets.woolworths.com.au/images/1005/100303.jpg?impolicy=wowsmkqiema&w=260&h=260,
Redds Compostable 20 Paper Pong Cup & 3 Balls Pack each,7.0,,https://assets.woolworths.com.au/images/1005/640823.jpg?impolicy=wowsmkqiema&w=260&h=260,
Redds Cup Pong Game Pack each,12.5,,https://assets.woolworths.com.au/images/1005/179135.jpg?impolicy=wowsmkqiema&w=260&h=260,
Redheads Classic Mega Value Block 64 pack,8.8,,https://assets.woolworths.com.au/images/1005/40246.jpg?impolicy=wowsmkqiema&w=260&h=260,
Redheads Firelighters Natural Block 32 pack,3.85,,https://assets.woolworths.com.au/images/1005/77684.jpg?impolicy=wowsmkqiema&w=260&h=260,
Redheads Long Safety Matches 270 pack,3.5,,https://assets.woolworths.com.au/images/1005/21462.jpg?impolicy=wowsmkqiema&w=260&h=260,
Redheads Natural Firelighter Cubes 64 pack,7.0,,https://assets.woolworths.com.au/images/1005/345826.jpg?impolicy=wowsmkqiema&w=260&h=260,
Redheads Turbo Gasmatch each,14.0,,https://assets.woolworths.com.au/images/1005/347644.jpg?impolicy=wowsmkqiema&w=260&h=260,
Reversible Plush Assorted each,7.2,,https://assets.woolworths.com.au/images/1005/913250.jpg?impolicy=wowsmkqiema&w=260&h=260,
Rubik's 3x3 Cube each,16.0,,https://assets.woolworths.com.au/images/1005/956982.jpg?impolicy=wowsmkqiema&w=260&h=260,
Samba Fire Wool Firelighter 20 pack,6.45,,https://assets.woolworths.com.au/images/1005/169378.jpg?impolicy=wowsmkqiema&w=260&h=260,
Samba Lump Charcoal Bbq Fuel 3kg,11.9,,https://assets.woolworths.com.au/images/1005/101042.jpg?impolicy=wowsmkqiema&w=260&h=260,
Samba Matches Twin 100 pack,4.0,,https://assets.woolworths.com.au/images/1005/55891.jpg?impolicy=wowsmkqiema&w=260&h=260,
Samba Smoking Chips 300g,5.9,,https://assets.woolworths.com.au/images/1005/168973.jpg?impolicy=wowsmkqiema&w=260&h=260,
Scholl Fresh Step Shoe Spray 100g,6.3,,https://assets.woolworths.com.au/images/1005/757102.jpg?impolicy=wowsmkqiema&w=260&h=260,
Scholl Gel Activ Casual Insoles Large Pair each,19.5,,https://assets.woolworths.com.au/images/1005/562976.jpg?impolicy=wowsmkqiema&w=260&h=260,
Scholl Gel Activ Casual Insoles Small Pair each,19.5,,https://assets.woolworths.com.au/images/1005/520570.jpg?impolicy=wowsmkqiema&w=260&h=260,
Scholl Gel Activ Sport Insoles Large Pair each,19.5,,https://assets.woolworths.com.au/images/1005/546004.jpg?impolicy=wowsmkqiema&w=260&h=260,
Scholl Gel Activ Sport Insoles Small Pair each,19.5,,https://assets.woolworths.com.au/images/1005/547215.jpg?impolicy=wowsmkqiema&w=260&h=260,
Scholl Gel Activ Work & Boot Insoles Large Pair each,19.5,,https://assets.woolworths.com.au/images/1005/547489.jpg?impolicy=wowsmkqiema&w=260&h=260,
Scholl Gel Activ Work & Boot Insoles Small Pair each,19.5,,https://assets.woolworths.com.au/images/1005/547223.jpg?impolicy=wowsmkqiema&w=260&h=260,
Scholl Party Feet Foot Care Invisible Heel Shields each,7.7,,https://assets.woolworths.com.au/images/1005/720812.jpg?impolicy=wowsmkqiema&w=260&h=260,
Scholl Shock Reducer Shoe Base Insoles each,10.0,,https://assets.woolworths.com.au/images/1005/80858.jpg?impolicy=wowsmkqiema&w=260&h=260,
Scotch 19Mm Magic Tape 16.5M With Dispenser each,4.8,,https://assets.woolworths.com.au/images/1005/383869.jpg?impolicy=wowsmkqiema&w=260&h=260,
Scotch Giftwrap Tape With Dispenser 19Mm X 16.5M each,4.7,,https://assets.woolworths.com.au/images/1005/329531.jpg?impolicy=wowsmkqiema&w=260&h=260,
Scotch Tear By Hand Packaging Tape 48mm x 20m each,5.5,,https://assets.woolworths.com.au/images/1005/6056853.jpg?impolicy=wowsmkqiema&w=260&h=260,
Selleys BBQ Accessory Tough Clean 400g,8.6,,https://assets.woolworths.com.au/images/1005/225844.jpg?impolicy=wowsmkqiema&w=260&h=260,
Sellotape Masking Tape 24Mm X 18M each,2.8,,https://assets.woolworths.com.au/images/1005/16111.jpg?impolicy=wowsmkqiema&w=260&h=260,
Sellotape Packaging Tape Brown 36Mmx20M each,3.4,,https://assets.woolworths.com.au/images/1005/16113.jpg?impolicy=wowsmkqiema&w=260&h=260,
Sellotape Sticky Tape Abs Dispenser 18Mmx25M each,3.95,,https://assets.woolworths.com.au/images/1005/36653.jpg?impolicy=wowsmkqiema&w=260&h=260,
Sellotape Sticky Tape Refill 18Mmx25M 2 pack,3.95,,https://assets.woolworths.com.au/images/1005/188385.jpg?impolicy=wowsmkqiema&w=260&h=260,
Sellotape Sticky Tape Roll 24Mmx66M each,3.7,,https://assets.woolworths.com.au/images/1005/384265.jpg?impolicy=wowsmkqiema&w=260&h=260,
Sellotape Tape Double Sided 12Mmx10M each,3.4,,https://assets.woolworths.com.au/images/1005/248691.jpg?impolicy=wowsmkqiema&w=260&h=260,
Settlers Insect Repellent Candle 100g,7.2,,https://assets.woolworths.com.au/images/1005/163994.jpg?impolicy=wowsmkqiema&w=260&h=260,
Sharpie Clearview Stick Highlighter 8 pack,9.8,,https://assets.woolworths.com.au/images/1005/296983.jpg?impolicy=wowsmkqiema&w=260&h=260,
Sharpie Creative Acrylic Markers 5 pack,10.5,,https://assets.woolworths.com.au/images/1005/910320.jpg?impolicy=wowsmkqiema&w=260&h=260,
Sharpie Metal Permanent Marker Pens Bullet Tip Black 2 pack,4.55,,https://assets.woolworths.com.au/images/1005/936521.jpg?impolicy=wowsmkqiema&w=260&h=260,
Sharpie Pen S Gel Medium Metal Barrel Black 2 pack,15.0,,https://assets.woolworths.com.au/images/1005/173951.jpg?impolicy=wowsmkqiema&w=260&h=260,
Sharpie Permanent Marker Pens Extreme Fine Tip Black 2 pack,6.75,,https://assets.woolworths.com.au/images/1005/931401.jpg?impolicy=wowsmkqiema&w=260&h=260,
Sharpie Permanent Marker Pens Fine Metallic Colours 3 pack,10.0,,https://assets.woolworths.com.au/images/1005/936520.jpg?impolicy=wowsmkqiema&w=260&h=260,
Sharpie Permanent Marker Pens Fine Point Assorted Colours 12 pack,16.0,,https://assets.woolworths.com.au/images/1005/64033.jpg?impolicy=wowsmkqiema&w=260&h=260,
Sharpie Permanent Marker Pens Fine Point Black 2 pack,5.6,,https://assets.woolworths.com.au/images/1005/283104.jpg?impolicy=wowsmkqiema&w=260&h=260,
Sharpie Permanent Marker Pens Fine Point Black 8 pack,10.5,,https://assets.woolworths.com.au/images/1005/118061.jpg?impolicy=wowsmkqiema&w=260&h=260,
Sharpie Permanent Marker Pens Fine Point Colour Burst 24 pack,20.0,,https://assets.woolworths.com.au/images/1005/754092.jpg?impolicy=wowsmkqiema&w=260&h=260,
Sharpie Permanent Marker Pens Ultra Fine Assorted Colours 12 pack,16.0,,https://assets.woolworths.com.au/images/1005/64034.jpg?impolicy=wowsmkqiema&w=260&h=260,
Sharpie Permanent Marker Pens Ultra Fine Black 2 pack,3.9,,https://assets.woolworths.com.au/images/1005/931408.jpg?impolicy=wowsmkqiema&w=260&h=260,
Sharpie Rub A Dub Laundry Marker Black each,3.75,,https://assets.woolworths.com.au/images/1005/331219.jpg?impolicy=wowsmkqiema&w=260&h=260,
Sharpie S Gel 07mm Pens Black 2 pack,8.0,,https://assets.woolworths.com.au/images/1005/95445.jpg?impolicy=wowsmkqiema&w=260&h=260,
Sharpie S Gel Medium Pens Black 4 pack,15.0,,https://assets.woolworths.com.au/images/1005/6055326.jpg?impolicy=wowsmkqiema&w=260&h=260,
Sharpie S-Gel 0.7mm Gel Pens Assorted Colours 4 pack,15.0,,https://assets.woolworths.com.au/images/1005/95415.jpg?impolicy=wowsmkqiema&w=260&h=260,
Sistema Double Walled Stainless Steel Bottle Assorted 500mL each,22.75,,https://assets.woolworths.com.au/images/1005/689576.jpg?impolicy=wowsmkqiema&w=260&h=260,
Sistema Home Grey Basket Storage Container 18.5L,9.3,,https://assets.woolworths.com.au/images/1005/646533.jpg?impolicy=wowsmkqiema&w=260&h=260,
Sistema Hydrate Active Shaker Bottle 750mL each,13.5,,https://assets.woolworths.com.au/images/1005/207399.jpg?impolicy=wowsmkqiema&w=260&h=260,
Sistema Hydrate Quick Flip Bottle Assorted 800mL each,13.25,,https://assets.woolworths.com.au/images/1005/686151.jpg?impolicy=wowsmkqiema&w=260&h=260,
Sistema Hydrate Tritan Active Bottle Assorted 800mL each,7.0,,https://assets.woolworths.com.au/images/1005/532375.jpg?impolicy=wowsmkqiema&w=260&h=260,
Sistema Klip It Plus Cereal Food Container 4.2L each,8.7,,https://assets.woolworths.com.au/images/1005/107052.jpg?impolicy=wowsmkqiema&w=260&h=260,
Sistema Klip It Plus Food Container 7.5L each,7.9,,https://assets.woolworths.com.au/images/1005/107063.jpg?impolicy=wowsmkqiema&w=260&h=260,
Sistema Klip It Plus Rectangle Food Container 10L each,9.25,,https://assets.woolworths.com.au/images/1005/107064.jpg?impolicy=wowsmkqiema&w=260&h=260,
Sistema Klip It Plus Rectangle Food Container 1L each,6.35,,https://assets.woolworths.com.au/images/1005/107168.jpg?impolicy=wowsmkqiema&w=260&h=260,
Sistema Klip It Plus Rectangle Food Container 2.2L each,4.4,,https://assets.woolworths.com.au/images/1005/107058.jpg?impolicy=wowsmkqiema&w=260&h=260,
Sistema Klip It Plus Rectangle Food Container 2.2L x 2 pack,7.05,,https://assets.woolworths.com.au/images/1005/107203.jpg?impolicy=wowsmkqiema&w=260&h=260,
Sistema Klip It Plus Rectangle Food Container 3.35L each,5.25,,https://assets.woolworths.com.au/images/1005/107060.jpg?impolicy=wowsmkqiema&w=260&h=260,
Sistema Klip It Plus Rectangle Food Container 400mL each,1.95,,https://assets.woolworths.com.au/images/1005/107054.jpg?impolicy=wowsmkqiema&w=260&h=260,
Sistema Klip It Plus Square Cookie Food Container 2.2L each,5.25,,https://assets.woolworths.com.au/images/1005/106670.jpg?impolicy=wowsmkqiema&w=260&h=260,
Sistema Klip It Plus Square Lunch Food Container 1.15L each,3.32,,https://assets.woolworths.com.au/images/1005/107056.jpg?impolicy=wowsmkqiema&w=260&h=260,
Sistema Klip It Plus Square Lunch Food Container 1.15L x 2 pack,5.5,,https://assets.woolworths.com.au/images/1005/107057.jpg?impolicy=wowsmkqiema&w=260&h=260,
Sistema Klip It Plus Square Lunch Food Container 5.5L each,6.37,,https://assets.woolworths.com.au/images/1005/107061.jpg?impolicy=wowsmkqiema&w=260&h=260,
Sistema Max To Go Lunch Cube Container Assorted 2L each,12.0,,https://assets.woolworths.com.au/images/1005/777289.jpg?impolicy=wowsmkqiema&w=260&h=260,
Sistema Mega Fold Up Lunch Cooler Bag 5.5L Assorted each,18.15,,https://assets.woolworths.com.au/images/1005/56523.jpg?impolicy=wowsmkqiema&w=260&h=260,
Sistema Nest It Meal Prep Food Storage Containers 1.9L x 5 pack,21.0,,https://assets.woolworths.com.au/images/1005/217119.jpg?impolicy=wowsmkqiema&w=260&h=260,
Sistema Nest It Meal Prep Food Storage Containers 870mL x 5 pack,16.0,,https://assets.woolworths.com.au/images/1005/220955.jpg?impolicy=wowsmkqiema&w=260&h=260,
Sistema Nest It Nested Food Storage Containers 5 pack,23.1,,https://assets.woolworths.com.au/images/1005/218250.jpg?impolicy=wowsmkqiema&w=260&h=260,
Sistema Split Multi Food Container 820mL each,3.77,,https://assets.woolworths.com.au/images/1005/110925.jpg?impolicy=wowsmkqiema&w=260&h=260,
Sistema Stainless Steel Double Wall Bottle Assorted 1L each,33.5,,https://assets.woolworths.com.au/images/1005/56843.jpg?impolicy=wowsmkqiema&w=260&h=260,
Sistema Stainless Steel Double Walled Bottle Assorted 280mL each,16.75,,https://assets.woolworths.com.au/images/1005/117322.jpg?impolicy=wowsmkqiema&w=260&h=260,
Sistema Stainless Steel Double Walled Bottle Assorted 600mL each,26.0,,https://assets.woolworths.com.au/images/1005/154379.jpg?impolicy=wowsmkqiema&w=260&h=260,
Sistema Storage Bin Container 40L each,15.1,,https://assets.woolworths.com.au/images/1005/32950.jpg?impolicy=wowsmkqiema&w=260&h=260,
Sistema Storage Bin Container Assorted 14L,10.8,,https://assets.woolworths.com.au/images/1005/32942.jpg?impolicy=wowsmkqiema&w=260&h=260,
Sistema Storage Bin Container Assorted 27L,13.2,,https://assets.woolworths.com.au/images/1005/32944.jpg?impolicy=wowsmkqiema&w=260&h=260,
Sistema Storage Bin Container Assorted 60L,17.5,,https://assets.woolworths.com.au/images/1005/32954.jpg?impolicy=wowsmkqiema&w=260&h=260,
Sistema Storage Container with Tray 3.5L each,5.1,,https://assets.woolworths.com.au/images/1005/43497.jpg?impolicy=wowsmkqiema&w=260&h=260,
Sistema Storage Container with Tray 7.9L 7.91L,7.0,,https://assets.woolworths.com.au/images/1005/43499.jpg?impolicy=wowsmkqiema&w=260&h=260,
Sistema To Go Bento Create Lunch Box Container Assorted 1.48L each,16.3,,https://assets.woolworths.com.au/images/1005/387000.jpg?impolicy=wowsmkqiema&w=260&h=260,
Sistema To Go Bento Lunch Bag Assorted 4L each,14.95,,https://assets.woolworths.com.au/images/1005/812571.jpg?impolicy=wowsmkqiema&w=260&h=260,
Sistema To Go Breakfast Food Container 530mL each,6.65,,https://assets.woolworths.com.au/images/1005/360161.jpg?impolicy=wowsmkqiema&w=260&h=260,
Sistema To Go Dressing Food Container 35mL x 4 pack,6.65,,https://assets.woolworths.com.au/images/1005/748141.jpg?impolicy=wowsmkqiema&w=260&h=260,
Sistema To Go Maxi Fold Lunch Cooler Bag Assorted 4.5L each,12.75,,https://assets.woolworths.com.au/images/1005/310586.jpg?impolicy=wowsmkqiema&w=260&h=260,
Sistema To Go Mini Bites Food Container 130mL x 3 pack,7.75,,https://assets.woolworths.com.au/images/1005/850092.jpg?impolicy=wowsmkqiema&w=260&h=260,
Sistema To Go Portion Pod Food Container Assorted 210mL x 2 pack,8.8,,https://assets.woolworths.com.au/images/1005/687066.jpg?impolicy=wowsmkqiema&w=260&h=260,
Sistema To Go Rectangle Stax Food Container Assorted 1.15L each,4.5,,https://assets.woolworths.com.au/images/1005/917939.jpg?impolicy=wowsmkqiema&w=260&h=260,
Sistema To Go Rectangle Stax Food Container Assorted 1L each,4.25,,https://assets.woolworths.com.au/images/1005/917938.jpg?impolicy=wowsmkqiema&w=260&h=260,
Sistema To Go Rectangle Stax Food Container Assorted 2.2L each,6.0,,https://assets.woolworths.com.au/images/1005/917940.jpg?impolicy=wowsmkqiema&w=260&h=260,
Sistema To Go Sandwich Food Container Assorted 450mL each,6.65,,https://assets.woolworths.com.au/images/1005/711918.jpg?impolicy=wowsmkqiema&w=260&h=260,
Sistema To Go Snacks Food Container Assorted 400mL each,6.6,,https://assets.woolworths.com.au/images/1005/757630.jpg?impolicy=wowsmkqiema&w=260&h=260,
Sistema Ultra Large Square Food Container 1.4L each,8.25,,https://assets.woolworths.com.au/images/1005/148276.jpg?impolicy=wowsmkqiema&w=260&h=260,
Sistema Ultra Large Square Food Container 1.9L each,9.67,,https://assets.woolworths.com.au/images/1005/148275.jpg?impolicy=wowsmkqiema&w=260&h=260,
Sistema Ultra Large Square Food Container 4L each,14.2,,https://assets.woolworths.com.au/images/1005/148278.jpg?impolicy=wowsmkqiema&w=260&h=260,
Sistema Ultra Square Food Container 1.3L each,8.0,,https://assets.woolworths.com.au/images/1005/500873.jpg?impolicy=wowsmkqiema&w=260&h=260,
Sistema Ultra Square Food Container 460mL each,4.27,,https://assets.woolworths.com.au/images/1005/500870.jpg?impolicy=wowsmkqiema&w=260&h=260,
Sistema Ultra Square Food Container 700mL each,5.12,,https://assets.woolworths.com.au/images/1005/500871.jpg?impolicy=wowsmkqiema&w=260&h=260,
Sistema Ultra Square Food Container 920mL each,6.25,,https://assets.woolworths.com.au/images/1005/500872.jpg?impolicy=wowsmkqiema&w=260&h=260,
Smart Kids Liquid Shoe Polish Black 80mL,4.5,,https://assets.woolworths.com.au/images/1005/207229.jpg?impolicy=wowsmkqiema&w=260&h=260,
Smart Liquid Shoe Polish Black 75mL,6.0,,https://assets.woolworths.com.au/images/1005/207709.jpg?impolicy=wowsmkqiema&w=260&h=260,
Smart Liquid Shoe Polish Brown 75mL,6.0,,https://assets.woolworths.com.au/images/1005/207100.jpg?impolicy=wowsmkqiema&w=260&h=260,
Smart Liquid Shoe Polish Whitener 75mL,6.0,,https://assets.woolworths.com.au/images/1005/206749.jpg?impolicy=wowsmkqiema&w=260&h=260,
Smart Premium Instant Shine Sponge Black 5mL,6.0,,https://assets.woolworths.com.au/images/1005/534577.jpg?impolicy=wowsmkqiema&w=260&h=260,
Smart Premium Instant Shine Sponge Neutral 5mL,6.0,,https://assets.woolworths.com.au/images/1005/519535.jpg?impolicy=wowsmkqiema&w=260&h=260,
Smart Premium Shoe Polish Dubbin Neutral 85g,5.0,,https://assets.woolworths.com.au/images/1005/525817.jpg?impolicy=wowsmkqiema&w=260&h=260,
Smart Shoe Polish Black 65g,5.0,,https://assets.woolworths.com.au/images/1005/6030365.jpg?impolicy=wowsmkqiema&w=260&h=260,
Smart Shoe Polish Brown 65g,5.0,,https://assets.woolworths.com.au/images/1005/6030387.jpg?impolicy=wowsmkqiema&w=260&h=260,
Smart Shoe Polish High Gloss Black 65g,5.0,,https://assets.woolworths.com.au/images/1005/6030374.jpg?impolicy=wowsmkqiema&w=260&h=260,
Smart Shoe Polish Neutral 65g,5.0,,https://assets.woolworths.com.au/images/1005/6030603.jpg?impolicy=wowsmkqiema&w=260&h=260,
Smash Blue 2 Compartment Snack Box Assorted 410mL each,20.0,,https://assets.woolworths.com.au/images/1005/6024796.jpg?impolicy=wowsmkqiema&w=260&h=260,
Smash Blue Bento Bowl Assorted 600mL each,24.0,,https://assets.woolworths.com.au/images/1005/296158.jpg?impolicy=wowsmkqiema&w=260&h=260,
Smash Blue Stainless Steel Bento Box Assorted each,27.5,,https://assets.woolworths.com.au/images/1005/103659.jpg?impolicy=wowsmkqiema&w=260&h=260,
Smash Blue Stainless Steel Meal Box Assorted each,20.0,,https://assets.woolworths.com.au/images/1005/103660.jpg?impolicy=wowsmkqiema&w=260&h=260,
Smash Blue Stainless Steel Snack Pots Assorted 200mL 2 pack,16.0,,https://assets.woolworths.com.au/images/1005/103661.jpg?impolicy=wowsmkqiema&w=260&h=260,
Smash Double Wall Coffee Cup Assorted 350mL each,28.0,,https://assets.woolworths.com.au/images/1005/309802.jpg?impolicy=wowsmkqiema&w=260&h=260,
Smash Double Wall Stainless Steel Sipper Assorted 1L each,32.0,,https://assets.woolworths.com.au/images/1005/507614.jpg?impolicy=wowsmkqiema&w=260&h=260,
Smash Ice Gel Wrap Large each,7.0,,https://assets.woolworths.com.au/images/1005/626735.jpg?impolicy=wowsmkqiema&w=260&h=260,
Smash Large Freeze Bricks each,4.0,,https://assets.woolworths.com.au/images/1005/494000.jpg?impolicy=wowsmkqiema&w=260&h=260,
Smash Magnetic Phone Holder Bottle Assorted 1L each,38.0,,https://assets.woolworths.com.au/images/1005/6024881.jpg?impolicy=wowsmkqiema&w=260&h=260,
Smash Stainless Steel 4 Compartment Bento Assorted 1.7L each,35.0,,https://assets.woolworths.com.au/images/1005/6024845.jpg?impolicy=wowsmkqiema&w=260&h=260,
Space Vac Extra Large Storage Bag Vacuum-Seal each,10.5,,https://assets.woolworths.com.au/images/1005/81552.jpg?impolicy=wowsmkqiema&w=260&h=260,
Space Vac Large Storage Bags 2 pack,15.4,,https://assets.woolworths.com.au/images/1005/81551.jpg?impolicy=wowsmkqiema&w=260&h=260,
Space Vac Vacuum-Seal Storage Bags 3 pack,20.0,,https://assets.woolworths.com.au/images/1005/220464.jpg?impolicy=wowsmkqiema&w=260&h=260,
Sparkle World Magazine each,14.99,,https://assets.woolworths.com.au/images/1005/331555.jpg?impolicy=wowsmkqiema&w=260&h=260,
Spirax A4 5 Subject Notebook 250 Pages Assorted each,7.9,,https://assets.woolworths.com.au/images/1005/935630.jpg?impolicy=wowsmkqiema&w=260&h=260,
Spirax A4 Notebook 120 Pages Assorted each,5.0,,https://assets.woolworths.com.au/images/1005/936476.jpg?impolicy=wowsmkqiema&w=260&h=260,
Spirax A4 Notebook 240 Pages Assorted each,5.8,,https://assets.woolworths.com.au/images/1005/935627.jpg?impolicy=wowsmkqiema&w=260&h=260,
Spirax A4 Notebook 240 Pages each,6.0,,https://assets.woolworths.com.au/images/1005/165750.jpg?impolicy=wowsmkqiema&w=260&h=260,
Spirax A5 Notebook 200 Pages Assorted each,5.75,,https://assets.woolworths.com.au/images/1005/935620.jpg?impolicy=wowsmkqiema&w=260&h=260,
Spirax A5 Notebook 200 Pages each,6.0,,https://assets.woolworths.com.au/images/1005/165756.jpg?impolicy=wowsmkqiema&w=260&h=260,
Spirax A5 Platinum Notebook 120 Pages Assorted each,7.35,,https://assets.woolworths.com.au/images/1005/67577.jpg?impolicy=wowsmkqiema&w=260&h=260,
Spirax Kode A4 Lecture Notebook 140 Pages Assorted each,6.5,,https://assets.woolworths.com.au/images/1005/68762.jpg?impolicy=wowsmkqiema&w=260&h=260,
Spirax Kode Notebook 400 Pages Assorted each,5.1,,https://assets.woolworths.com.au/images/1005/935589.jpg?impolicy=wowsmkqiema&w=260&h=260,
Spirax Platinum List Planner each,8.2,,https://assets.woolworths.com.au/images/1005/176662.jpg?impolicy=wowsmkqiema&w=260&h=260,
Spirax Pocket Notebook 96 Pages Assorted each,4.6,,https://assets.woolworths.com.au/images/1005/935602.jpg?impolicy=wowsmkqiema&w=260&h=260,
Spirax Reporter Notebook 200 Pages Assorted each,5.5,,https://assets.woolworths.com.au/images/1005/936475.jpg?impolicy=wowsmkqiema&w=260&h=260,
Squishmallows Plush Toy Assorted each,6.4,,https://assets.woolworths.com.au/images/1005/81628.jpg?impolicy=wowsmkqiema&w=260&h=260,
Stabilo Boss Highlighters 4 pack,6.5,,https://assets.woolworths.com.au/images/1005/354504.jpg?impolicy=wowsmkqiema&w=260&h=260,
Stabilo Boss Pastel 4 pack,6.5,,https://assets.woolworths.com.au/images/1005/546810.jpg?impolicy=wowsmkqiema&w=260&h=260,
Stabilo Point 88 0.4mm Fineliner Pen Assorted 6 pack,15.0,,https://assets.woolworths.com.au/images/1005/938726.jpg?impolicy=wowsmkqiema&w=260&h=260,
Stabilo Point 88 0.4mm Fineliner Pen Black 3 pack,8.0,,https://assets.woolworths.com.au/images/1005/354496.jpg?impolicy=wowsmkqiema&w=260&h=260,
Staedtler Coloured Pencils Tin 36 pack,12.0,,https://assets.woolworths.com.au/images/1005/688747.jpg?impolicy=wowsmkqiema&w=260&h=260,
Staedtler Double Hole Tub Sharpener Assorted each,6.5,,https://assets.woolworths.com.au/images/1005/885775.jpg?impolicy=wowsmkqiema&w=260&h=260,
Staedtler Lumocolor Whiteboard Markers 4 pack,14.5,,https://assets.woolworths.com.au/images/1005/411279.jpg?impolicy=wowsmkqiema&w=260&h=260,
Staedtler Luna Fibre Tip Pens 36 pack,10.0,,https://assets.woolworths.com.au/images/1005/6057003.jpg?impolicy=wowsmkqiema&w=260&h=260,
Staedtler Natural Coloured Pencils 12 pack,5.0,,https://assets.woolworths.com.au/images/1005/689114.jpg?impolicy=wowsmkqiema&w=260&h=260,
Staedtler Natural Graphite Pencils Hb 5 pack,4.5,,https://assets.woolworths.com.au/images/1005/119300.jpg?impolicy=wowsmkqiema&w=260&h=260,
Staedtler Noris Math Set Math Set 10 pack,8.0,,https://assets.woolworths.com.au/images/1005/662484.jpg?impolicy=wowsmkqiema&w=260&h=260,
Staedtler Tradition Graphite Pencils Hb 5 pack,5.5,,https://assets.woolworths.com.au/images/1005/75012.jpg?impolicy=wowsmkqiema&w=260&h=260,
Stefani Elite Water Filter Jug 2.4L each,27.0,,https://assets.woolworths.com.au/images/1005/6035793.jpg?impolicy=wowsmkqiema&w=260&h=260,
Stefani Pure Flow Elite Water Filter Cartridges 3 pack,25.2,,https://assets.woolworths.com.au/images/1005/6035704.jpg?impolicy=wowsmkqiema&w=260&h=260,
Stefani Water Filter Dispenser 8.5L each,51.0,,https://assets.woolworths.com.au/images/1005/6035673.jpg?impolicy=wowsmkqiema&w=260&h=260,
Street machine Magazine each,14.95,,https://assets.woolworths.com.au/images/1005/103855.jpg?impolicy=wowsmkqiema&w=260&h=260,
Stunt Plane Assorted each,5.0,,https://assets.woolworths.com.au/images/1005/913362.jpg?impolicy=wowsmkqiema&w=260&h=260,
Take 5 Magazine each,4.7,,https://assets.woolworths.com.au/images/1005/99326.jpg?impolicy=wowsmkqiema&w=260&h=260,
Take 5 Mega Puzzler Magazine each,6.8,,https://assets.woolworths.com.au/images/1005/429214.jpg?impolicy=wowsmkqiema&w=260&h=260,
Take 5 Monthly Magazine each,5.8,,https://assets.woolworths.com.au/images/1005/681479.jpg?impolicy=wowsmkqiema&w=260&h=260,
Take 5 Pocket Puzzler Book each,5.7,,https://assets.woolworths.com.au/images/1005/188538.jpg?impolicy=wowsmkqiema&w=260&h=260,
Taste Cookbook Collection Book each,11.99,,https://assets.woolworths.com.au/images/1005/774960.jpg?impolicy=wowsmkqiema&w=260&h=260,
Teamsterz Die Cast Street Machines Assorted 3 pack,9.0,,https://assets.woolworths.com.au/images/1005/913366.jpg?impolicy=wowsmkqiema&w=260&h=260,
Tech Deck BMX Toys Assorted each,12.0,,https://assets.woolworths.com.au/images/1005/822796.jpg?impolicy=wowsmkqiema&w=260&h=260,
Tefal Cook Right Non-Stick Frypan 24cm each,34.0,,https://assets.woolworths.com.au/images/1005/178099.jpg?impolicy=wowsmkqiema&w=260&h=260,
Tefal Cook Right Non-Stick Frypan 28cm each,42.0,,https://assets.woolworths.com.au/images/1005/520505.jpg?impolicy=wowsmkqiema&w=260&h=260,
Tefal Cook Right Non-Stick Frypan 32cm each,52.5,,https://assets.woolworths.com.au/images/1005/522824.jpg?impolicy=wowsmkqiema&w=260&h=260,
Tefal Cook Right XL Non-Stick Sautepan 30cm+Lid each,63.0,,https://assets.woolworths.com.au/images/1005/95766.jpg?impolicy=wowsmkqiema&w=260&h=260,
Tefal Total Non Stick Induction 28cm Frypan each,49.0,,https://assets.woolworths.com.au/images/1005/6021063.jpg?impolicy=wowsmkqiema&w=260&h=260,
Tefal Total Non Stick Induction 32cm Frypan each,59.0,,https://assets.woolworths.com.au/images/1005/6019207.jpg?impolicy=wowsmkqiema&w=260&h=260,
Telstra Oppo A5 5G Mobile Phone each,239.0,,https://assets.woolworths.com.au/images/1005/6044981.jpg?impolicy=wowsmkqiema&w=260&h=260,
Telstra Samsung A16 4G each,279.0,,https://assets.woolworths.com.au/images/1005/6025332.jpg?impolicy=wowsmkqiema&w=260&h=260,
Telstra T Lite Mobile Phone each,39.0,,https://assets.woolworths.com.au/images/1005/700168.jpg?impolicy=wowsmkqiema&w=260&h=260,
Telstra T-Elite 2 5G each,189.0,,https://assets.woolworths.com.au/images/1005/6070042.jpg?impolicy=wowsmkqiema&w=260&h=260,
Telstra T-Inspire 2 Mobile Phone each,139.0,,https://assets.woolworths.com.au/images/1005/6047009.jpg?impolicy=wowsmkqiema&w=260&h=260,
Telstra T-Prime 5G Mobile Phone each,209.0,,https://assets.woolworths.com.au/images/1005/6045184.jpg?impolicy=wowsmkqiema&w=260&h=260,
Telstra T-Pro 2 5G Mobile Phone each,159.0,,https://assets.woolworths.com.au/images/1005/6047611.jpg?impolicy=wowsmkqiema&w=260&h=260,
Tennis Balls 4 pack,6.0,,https://assets.woolworths.com.au/images/1005/913248.jpg?impolicy=wowsmkqiema&w=260&h=260,
That's Life Mega Monthly Magazine each,5.8,,https://assets.woolworths.com.au/images/1005/819981.jpg?impolicy=wowsmkqiema&w=260&h=260,
That's Life Puzzler On the Go Magazine each,5.7,,https://assets.woolworths.com.au/images/1005/338729.jpg?impolicy=wowsmkqiema&w=260&h=260,
ThermoCafe Stainless Steel Bottle Assorted 480mL each,30.0,,https://assets.woolworths.com.au/images/1005/6030057.jpg?impolicy=wowsmkqiema&w=260&h=260,
ThermoCafe Stainless Steel Insulated Travel Mug Assorted 400mL each,14.0,,https://assets.woolworths.com.au/images/1005/872206.jpg?impolicy=wowsmkqiema&w=260&h=260,
Thermos Food Jar Assorted 350mL each,26.0,,https://assets.woolworths.com.au/images/1005/872343.jpg?impolicy=wowsmkqiema&w=260&h=260,
Tontine Sweet Dreams Easy Wash Medium Pillows 2 pack,16.0,,https://assets.woolworths.com.au/images/1005/6021414.jpg?impolicy=wowsmkqiema&w=260&h=260,
Tontine Sweet Dreams Medium Pillows Anti Allergy 2 pack,32.0,,https://assets.woolworths.com.au/images/1005/6021358.jpg?impolicy=wowsmkqiema&w=260&h=260,
Top Trumps Playing Cards Assorted each,9.6,,https://assets.woolworths.com.au/images/1005/390766.jpg?impolicy=wowsmkqiema&w=260&h=260,
Torres Strait Island Flag each,3.5,,https://assets.woolworths.com.au/images/1005/63419.jpg?impolicy=wowsmkqiema&w=260&h=260,
Tradie Mens Cotton Blend Crew Work Socks Black Size 11-13 3 pack,12.0,,https://assets.woolworths.com.au/images/1005/6029049.jpg?impolicy=wowsmkqiema&w=260&h=260,
Tradie Mens Cotton Blend Crew Work Socks Black Size 7-10 3 pack,12.0,,https://assets.woolworths.com.au/images/1005/6029935.jpg?impolicy=wowsmkqiema&w=260&h=260,
Tradie Mens Cotton Blend Work Socks Size 7-10 3 pack,12.0,,https://assets.woolworths.com.au/images/1005/909761.jpg?impolicy=wowsmkqiema&w=260&h=260,
Tradie Mens Light Work Rib Crew Socks Size 11-13 3 pack,12.0,,https://assets.woolworths.com.au/images/1005/907542.jpg?impolicy=wowsmkqiema&w=260&h=260,
Tradie Mens Socks Black 11/13 3 pack,12.0,,https://assets.woolworths.com.au/images/1005/520499.jpg?impolicy=wowsmkqiema&w=260&h=260,
Tradie Mens Trunk L 3 pack,22.0,,https://assets.woolworths.com.au/images/1005/96455.jpg?impolicy=wowsmkqiema&w=260&h=260,
Tradie Mens Trunk Medium 3 pack,22.0,,https://assets.woolworths.com.au/images/1005/96937.jpg?impolicy=wowsmkqiema&w=260&h=260,
Tradie Mens Trunk Size XL 3 pack,22.0,,https://assets.woolworths.com.au/images/1005/96096.jpg?impolicy=wowsmkqiema&w=260&h=260,
TV Week Magazine each,6.2,,https://assets.woolworths.com.au/images/1005/12751.jpg?impolicy=wowsmkqiema&w=260&h=260,
UHU Blue Stic Glue Stick 40g x 2 pack,6.75,,https://assets.woolworths.com.au/images/1005/67569.jpg?impolicy=wowsmkqiema&w=260&h=260,
UHU Glu Stic 21g x 2 pack,5.8,,https://assets.woolworths.com.au/images/1005/232858.jpg?impolicy=wowsmkqiema&w=260&h=260,
UHU Glue Stick Clear 40g,4.0,,https://assets.woolworths.com.au/images/1005/383860.jpg?impolicy=wowsmkqiema&w=260&h=260,
UHU Super Glue Control 3g,3.0,,https://assets.woolworths.com.au/images/1005/137163.jpg?impolicy=wowsmkqiema&w=260&h=260,
UHU Super Glue Minis 1mL x 3 pack,7.6,,https://assets.woolworths.com.au/images/1005/383862.jpg?impolicy=wowsmkqiema&w=260&h=260,
UHU Super Glue Strong & Safe 7mL,9.75,,https://assets.woolworths.com.au/images/1005/383861.jpg?impolicy=wowsmkqiema&w=260&h=260,
Underworks Ladies Heel Tab Size 5-8 Assorted 4 pack,10.0,,https://assets.woolworths.com.au/images/1005/167242.jpg?impolicy=wowsmkqiema&w=260&h=260,
Underworks Ladies Invisible Footlets Black 5 - 8 3 pack,9.0,,https://assets.woolworths.com.au/images/1005/433440.jpg?impolicy=wowsmkqiema&w=260&h=260,
Underworks Ladies Invisible Footlets Black 9-11 3 pack,9.0,,https://assets.woolworths.com.au/images/1005/520557.jpg?impolicy=wowsmkqiema&w=260&h=260,
Underworks Ladies Invisible Footlets Nude 5-8 3 pack,9.0,,https://assets.woolworths.com.au/images/1005/520611.jpg?impolicy=wowsmkqiema&w=260&h=260,
Underworks Ladies Invisible Footlets Nude 9-11 3 pack,9.0,,https://assets.woolworths.com.au/images/1005/520559.jpg?impolicy=wowsmkqiema&w=260&h=260,
Underworks Ladies No Show Sneaker Socks Size 5-10 Black 3 pack,8.0,,https://assets.woolworths.com.au/images/1005/317886.jpg?impolicy=wowsmkqiema&w=260&h=260,
Underworks Ladies No Show Sneaker Socks Size 5-10 White 3 pack,8.0,,https://assets.woolworths.com.au/images/1005/317814.jpg?impolicy=wowsmkqiema&w=260&h=260,
Underworks Ladies Quarter Crew Socks Size 5-8 Black 4 pack,10.0,,https://assets.woolworths.com.au/images/1005/311224.jpg?impolicy=wowsmkqiema&w=260&h=260,
Underworks Ladies Sport Mid Crew Cotton Blend Socks White Size 5-8 3 pack,9.0,,https://assets.woolworths.com.au/images/1005/909509.jpg?impolicy=wowsmkqiema&w=260&h=260,
Underworks Ladies Sport No Show Socks Size 5-8 Black 4 pack,10.0,,https://assets.woolworths.com.au/images/1005/319360.jpg?impolicy=wowsmkqiema&w=260&h=260,
Underworks Ladies Sport No Show Socks Size 5-8 White 4 pack,10.0,,https://assets.woolworths.com.au/images/1005/311168.jpg?impolicy=wowsmkqiema&w=260&h=260,
Underworks Ladies Sporty High Cut Underwear Size 14 2 pack,10.0,,https://assets.woolworths.com.au/images/1005/309578.jpg?impolicy=wowsmkqiema&w=260&h=260,
Underworks Mens All Day Bamboo Crew Socks Black Size 11-13 2 pack,10.5,,https://assets.woolworths.com.au/images/1005/6029690.jpg?impolicy=wowsmkqiema&w=260&h=260,
Underworks Mens All Day Bamboo Crew Socks Black Size 7-10 2 pack,10.5,,https://assets.woolworths.com.au/images/1005/6029497.jpg?impolicy=wowsmkqiema&w=260&h=260,
Underworks Mens All Day Cushion Foot Sock Black Size 11-13 Assorted 2 pack,10.5,,https://assets.woolworths.com.au/images/1005/360108.jpg?impolicy=wowsmkqiema&w=260&h=260,
Underworks Mens All Day Cushion Foot Socks Black Size 7-10 Assorted 2 pack,10.5,,https://assets.woolworths.com.au/images/1005/360107.jpg?impolicy=wowsmkqiema&w=260&h=260,
Underworks Mens Cushioned Crew Sports Socks White Size 7-10 3 pack,10.0,,https://assets.woolworths.com.au/images/1005/913533.jpg?impolicy=wowsmkqiema&w=260&h=260,
Underworks Mens Sport Quarter Crew Black 7 To 10 3 pack,10.0,,https://assets.woolworths.com.au/images/1005/57067.jpg?impolicy=wowsmkqiema&w=260&h=260,
Underworks Mens Sport Quarter Crew White 7 To 10 3 pack,10.0,,https://assets.woolworths.com.au/images/1005/57068.jpg?impolicy=wowsmkqiema&w=260&h=260,
Underworks Sport Quarter Crew Womans Socks Size 5-8 4 pack,10.0,,https://assets.woolworths.com.au/images/1005/318444.jpg?impolicy=wowsmkqiema&w=260&h=260,
Underworks Sporty Hi Cut Underwear Size 12 2 pack,10.0,,https://assets.woolworths.com.au/images/1005/309577.jpg?impolicy=wowsmkqiema&w=260&h=260,
Underworks Sporty Hi Cut Underwear Size 16 2 pack,10.0,,https://assets.woolworths.com.au/images/1005/309831.jpg?impolicy=wowsmkqiema&w=260&h=260,
Underworks Women's Smooth Lines Hi Cut Size 16 Assorted 2 pack,14.0,,https://assets.woolworths.com.au/images/1005/160325.jpg?impolicy=wowsmkqiema&w=260&h=260,
Underworks Women's Smooth Lines Hi Cut Underwear Size 14 Assorted 2 pack,14.0,,https://assets.woolworths.com.au/images/1005/162722.jpg?impolicy=wowsmkqiema&w=260&h=260,
Underworks Womens All Day Bamboo Crew Socks Black Size 5-8 2 pack,15.0,,https://assets.woolworths.com.au/images/1005/6029145.jpg?impolicy=wowsmkqiema&w=260&h=260,
Underworks Womens All Day Bamboo Crew Socks Black Size 9-11 2 pack,15.0,,https://assets.woolworths.com.au/images/1005/6029079.jpg?impolicy=wowsmkqiema&w=260&h=260,
Underworks Womens Cotton Bamboo Socks Black Size 5-8 3 pack,9.0,,https://assets.woolworths.com.au/images/1005/6029518.jpg?impolicy=wowsmkqiema&w=260&h=260,
Underworks Womens Cushioned Mid Crew Sport Socks Size 5-8 3 pack,9.0,,https://assets.woolworths.com.au/images/1005/910362.jpg?impolicy=wowsmkqiema&w=260&h=260,
Underworks Womens Smooth Lines Hi Cut Underwear Size 12 Assorted 2 pack,14.0,,https://assets.woolworths.com.au/images/1005/162576.jpg?impolicy=wowsmkqiema&w=260&h=260,
Unique Cars Magazine each,11.95,,https://assets.woolworths.com.au/images/1005/64317.jpg?impolicy=wowsmkqiema&w=260&h=260,
UNO Playing Cards each,11.0,,https://assets.woolworths.com.au/images/1005/175093.jpg?impolicy=wowsmkqiema&w=260&h=260,
UNO Show Em No Mercy Card Game each,12.0,,https://assets.woolworths.com.au/images/1005/483903.jpg?impolicy=wowsmkqiema&w=260&h=260,
UPM Office 80GSM A4 Multifunction Copy Paper 500 Sheets each,8.5,,https://assets.woolworths.com.au/images/1005/361090.jpg?impolicy=wowsmkqiema&w=260&h=260,
Urban Ethos Glass Pantry Canister 1.3L each,16.5,,https://assets.woolworths.com.au/images/1005/6063943.jpg?impolicy=wowsmkqiema&w=260&h=260,
Urban Ethos Glass Pantry Canister 1L each,14.5,,https://assets.woolworths.com.au/images/1005/6062969.jpg?impolicy=wowsmkqiema&w=260&h=260,
Urban Ethos Glass Pantry Canister 2L each,19.5,,https://assets.woolworths.com.au/images/1005/6063446.jpg?impolicy=wowsmkqiema&w=260&h=260,
Urban Ethos Glass Pantry Canister 500mL each,10.5,,https://assets.woolworths.com.au/images/1005/6063136.jpg?impolicy=wowsmkqiema&w=260&h=260,
Urban Ethos Glass Pantry Canister 700mL each,12.5,,https://assets.woolworths.com.au/images/1005/6063623.jpg?impolicy=wowsmkqiema&w=260&h=260,
Urban Ethos Jar Spatula Assorted each,6.3,,https://assets.woolworths.com.au/images/1005/6021375.jpg?impolicy=wowsmkqiema&w=260&h=260,
Urban Ethos Rectangular Glass Container 1l Assorted each,12.5,,https://assets.woolworths.com.au/images/1005/920895.jpg?impolicy=wowsmkqiema&w=260&h=260,
Urban Ethos Rectangular Glass Container Assorted 600mL each,11.5,,https://assets.woolworths.com.au/images/1005/921089.jpg?impolicy=wowsmkqiema&w=260&h=260,
Urban Ethos Round Glass Container Assorted 500mL each,10.0,,https://assets.woolworths.com.au/images/1005/919539.jpg?impolicy=wowsmkqiema&w=260&h=260,
Urban Ethos Round Glass Container Assorted 750mL each,12.5,,https://assets.woolworths.com.au/images/1005/920896.jpg?impolicy=wowsmkqiema&w=260&h=260,
Velleda 1721 Whiteboard Markers Bullet Tip Fine 4 pack,4.9,,https://assets.woolworths.com.au/images/1005/232710.jpg?impolicy=wowsmkqiema&w=260&h=260,
Very Beary Toy Assorted each,8.0,,https://assets.woolworths.com.au/images/1005/6013437.jpg?impolicy=wowsmkqiema&w=260&h=260,
Vogue Magazine each,10.99,,https://assets.woolworths.com.au/images/1005/71175.jpg?impolicy=wowsmkqiema&w=260&h=260,
Watercolour Paint Set Assorted each,9.0,,https://assets.woolworths.com.au/images/1005/915451.jpg?impolicy=wowsmkqiema&w=260&h=260,
Waxworks Citronella Tea Light Candles Assorted 30 pack,6.0,,https://assets.woolworths.com.au/images/1005/494024.jpg?impolicy=wowsmkqiema&w=260&h=260,
Waxworks Insect Control Citronella Oil 1l,7.5,,https://assets.woolworths.com.au/images/1005/278875.jpg?impolicy=wowsmkqiema&w=260&h=260,
Waxworks Metal Bucket Citronella Candle Assorted 13cm each,10.0,,https://assets.woolworths.com.au/images/1005/494115.jpg?impolicy=wowsmkqiema&w=260&h=260,
Waxworks Mosquito Repellent Coils 10 pack,5.0,,https://assets.woolworths.com.au/images/1005/889382.jpg?impolicy=wowsmkqiema&w=260&h=260,
Waxworks Patio Glass Jar Citronella Candle 10cm Assorted each,8.0,,https://assets.woolworths.com.au/images/1005/494110.jpg?impolicy=wowsmkqiema&w=260&h=260,
Waxworks Pie Dish Citronella Candle Assorted each,5.0,,https://assets.woolworths.com.au/images/1005/173889.jpg?impolicy=wowsmkqiema&w=260&h=260,
Waxworks Sandalwood Mozzie Sticks With Citronella & Frangipani 12 pack,8.0,,https://assets.woolworths.com.au/images/1005/494117.jpg?impolicy=wowsmkqiema&w=260&h=260,
Waxworks Sandalwood Mozzie Sticks With Eucalyptus & Citronella 12 pack,8.0,,https://assets.woolworths.com.au/images/1005/494108.jpg?impolicy=wowsmkqiema&w=260&h=260,
Wheels Magazine each,12.95,,https://assets.woolworths.com.au/images/1005/55560.jpg?impolicy=wowsmkqiema&w=260&h=260,
White Magic Stay Fresh Fridge Mat each,6.05,,https://assets.woolworths.com.au/images/1005/810521.jpg?impolicy=wowsmkqiema&w=260&h=260,
Whiz Pop Bang Assorted Balloons 3 pack,4.0,,https://assets.woolworths.com.au/images/1005/243961.jpg?impolicy=wowsmkqiema&w=260&h=260,
Whiz Pop Bang Assorted Coloured Balloons 100 pack,8.5,,https://assets.woolworths.com.au/images/1005/54422.jpg?impolicy=wowsmkqiema&w=260&h=260,
Whiz Pop Bang Balloon Pump each,3.5,,https://assets.woolworths.com.au/images/1005/54452.jpg?impolicy=wowsmkqiema&w=260&h=260,
Whiz Pop Bang Birthday Banner Big Adventure each,4.0,,https://assets.woolworths.com.au/images/1005/243821.jpg?impolicy=wowsmkqiema&w=260&h=260,
Whiz Pop Bang Charmed Balloon Garland Kit 70 pack,12.0,,https://assets.woolworths.com.au/images/1005/246055.jpg?impolicy=wowsmkqiema&w=260&h=260,
Whiz Pop Bang Charmed Balloon With Decos 50cm Assorted each,6.0,,https://assets.woolworths.com.au/images/1005/246555.jpg?impolicy=wowsmkqiema&w=260&h=260,
Whiz Pop Bang Charmed Balloons Printed With Confetti 10 pack,4.0,,https://assets.woolworths.com.au/images/1005/244653.jpg?impolicy=wowsmkqiema&w=260&h=260,
Whiz Pop Bang Charmed Balloons With Banner 13 pack,8.0,,https://assets.woolworths.com.au/images/1005/243776.jpg?impolicy=wowsmkqiema&w=260&h=260,
Whiz Pop Bang Charmed Cake Topper each,5.0,,https://assets.woolworths.com.au/images/1005/244467.jpg?impolicy=wowsmkqiema&w=260&h=260,
Whiz Pop Bang Charmed Foil Letter Banner Assorted 30cm each,5.0,,https://assets.woolworths.com.au/images/1005/6031438.jpg?impolicy=wowsmkqiema&w=260&h=260,
Whiz Pop Bang Charmed Paper Tablecloth each,6.0,,https://assets.woolworths.com.au/images/1005/243985.jpg?impolicy=wowsmkqiema&w=260&h=260,
Whiz Pop Bang Charmed Party Hats 6 pack,3.0,,https://assets.woolworths.com.au/images/1005/243994.jpg?impolicy=wowsmkqiema&w=260&h=260,
Whiz Pop Bang Children's Candles On Pick 6 pack,5.0,,https://assets.woolworths.com.au/images/1005/244574.jpg?impolicy=wowsmkqiema&w=260&h=260,
Whiz Pop Bang Children's Decorative Candles 12 pack,4.0,,https://assets.woolworths.com.au/images/1005/244020.jpg?impolicy=wowsmkqiema&w=260&h=260,
Whiz Pop Bang Cocktail Picks 450 pack,3.5,,https://assets.woolworths.com.au/images/1005/54475.jpg?impolicy=wowsmkqiema&w=260&h=260,
Whiz Pop Bang Colour Coated Sparklers 20cm 16 pack,3.5,,https://assets.woolworths.com.au/images/1005/517095.jpg?impolicy=wowsmkqiema&w=260&h=260,
Whiz Pop Bang Colour Hairspray 87g,4.5,,https://assets.woolworths.com.au/images/1005/54457.jpg?impolicy=wowsmkqiema&w=260&h=260,
Whiz Pop Bang Confetti Balloons Assorted 5 pack,3.15,,https://assets.woolworths.com.au/images/1005/54430.jpg?impolicy=wowsmkqiema&w=260&h=260,
Whiz Pop Bang Cupcake Toppers Assorted 24 pack,3.5,,https://assets.woolworths.com.au/images/1005/660361.jpg?impolicy=wowsmkqiema&w=260&h=260,
Whiz Pop Bang Decorative Candles Assorted 12 pack,4.0,,https://assets.woolworths.com.au/images/1005/243959.jpg?impolicy=wowsmkqiema&w=260&h=260,
Whiz Pop Bang Decorative Crepe Set 8 pack,10.0,,https://assets.woolworths.com.au/images/1005/244036.jpg?impolicy=wowsmkqiema&w=260&h=260,
Whiz Pop Bang Electric Balloon Pump each,30.0,,https://assets.woolworths.com.au/images/1005/244791.jpg?impolicy=wowsmkqiema&w=260&h=260,
Whiz Pop Bang Foil Letter Happy Birthday Bunting 3.5m each,6.0,,https://assets.woolworths.com.au/images/1005/54534.jpg?impolicy=wowsmkqiema&w=260&h=260,
Whiz Pop Bang Glamour Candles each,3.5,,https://assets.woolworths.com.au/images/1005/244776.jpg?impolicy=wowsmkqiema&w=260&h=260,
Whiz Pop Bang Glow Star Wand each,2.5,,https://assets.woolworths.com.au/images/1005/6051605.jpg?impolicy=wowsmkqiema&w=260&h=260,
Whiz Pop Bang Glow Unicorn Wand each,2.5,,https://assets.woolworths.com.au/images/1005/76069.jpg?impolicy=wowsmkqiema&w=260&h=260,
Whiz Pop Bang Gold Sparklers 20cm 16 pack,3.5,,https://assets.woolworths.com.au/images/1005/517118.jpg?impolicy=wowsmkqiema&w=260&h=260,
Whiz Pop Bang Happy Birthday Badge Assorted each,3.0,,https://assets.woolworths.com.au/images/1005/54545.jpg?impolicy=wowsmkqiema&w=260&h=260,
Whiz Pop Bang Happy Birthday Banner Candle each,5.0,,https://assets.woolworths.com.au/images/1005/243960.jpg?impolicy=wowsmkqiema&w=260&h=260,
Whiz Pop Bang Happy Birthday Bunting Set each,8.15,,https://assets.woolworths.com.au/images/1005/54536.jpg?impolicy=wowsmkqiema&w=260&h=260,
Whiz Pop Bang Happy Birthday Cake Topper each,5.0,,https://assets.woolworths.com.au/images/1005/243856.jpg?impolicy=wowsmkqiema&w=260&h=260,
Whiz Pop Bang Happy Birthday Cake Topper Large each,5.5,,https://assets.woolworths.com.au/images/1005/246875.jpg?impolicy=wowsmkqiema&w=260&h=260,
Whiz Pop Bang Happy Birthday Candles On Pick 13 pack,4.5,,https://assets.woolworths.com.au/images/1005/244654.jpg?impolicy=wowsmkqiema&w=260&h=260,
Whiz Pop Bang Happy Birthday Foil Banner 3.65m each,2.5,,https://assets.woolworths.com.au/images/1005/54437.jpg?impolicy=wowsmkqiema&w=260&h=260,
Whiz Pop Bang Happy Birthday Plaque With Candles 25 pack,4.0,,https://assets.woolworths.com.au/images/1005/246112.jpg?impolicy=wowsmkqiema&w=260&h=260,
Whiz Pop Bang Kids Favours Assorted each,2.15,,https://assets.woolworths.com.au/images/1005/54476.jpg?impolicy=wowsmkqiema&w=260&h=260,
Whiz Pop Bang Macaron Coloured Balloons 20 pack,3.15,,https://assets.woolworths.com.au/images/1005/54351.jpg?impolicy=wowsmkqiema&w=260&h=260,
Whiz Pop Bang Metallic Taper Candles Assorted 12 pack,3.15,,https://assets.woolworths.com.au/images/1005/54525.jpg?impolicy=wowsmkqiema&w=260&h=260,
Whiz Pop Bang Mystical Mermaids Acrylic Cake Topper each,5.0,,https://assets.woolworths.com.au/images/1005/244316.jpg?impolicy=wowsmkqiema&w=260&h=260,
Whiz Pop Bang Mystical Mermaids Invitations 10 pack,3.5,,https://assets.woolworths.com.au/images/1005/244673.jpg?impolicy=wowsmkqiema&w=260&h=260,
Whiz Pop Bang Mystical Paper Tablecloth each,6.0,,https://assets.woolworths.com.au/images/1005/245029.jpg?impolicy=wowsmkqiema&w=260&h=260,
Whiz Pop Bang Novelties Multipack each,10.15,,https://assets.woolworths.com.au/images/1005/108187.jpg?impolicy=wowsmkqiema&w=260&h=260,
Whiz Pop Bang Novelty Bubbles 6 pack,4.15,,https://assets.woolworths.com.au/images/1005/54470.jpg?impolicy=wowsmkqiema&w=260&h=260,
Whiz Pop Bang Number Candle 0 Assorted each,3.0,,https://assets.woolworths.com.au/images/1005/612778.jpg?impolicy=wowsmkqiema&w=260&h=260,
Whiz Pop Bang Number Candle 1 Assorted each,3.0,,https://assets.woolworths.com.au/images/1005/612808.jpg?impolicy=wowsmkqiema&w=260&h=260,
Whiz Pop Bang Number Candle 2 Assorted each,3.0,,https://assets.woolworths.com.au/images/1005/613462.jpg?impolicy=wowsmkqiema&w=260&h=260,
Whiz Pop Bang Number Candle 3 Assorted each,3.0,,https://assets.woolworths.com.au/images/1005/612777.jpg?impolicy=wowsmkqiema&w=260&h=260,
Whiz Pop Bang Number Candle 4 Assorted each,3.0,,https://assets.woolworths.com.au/images/1005/612800.jpg?impolicy=wowsmkqiema&w=260&h=260,
Whiz Pop Bang Number Candle 5 Assorted each,3.0,,https://assets.woolworths.com.au/images/1005/626510.jpg?impolicy=wowsmkqiema&w=260&h=260,
Whiz Pop Bang Number Candle 6 Assorted each,3.0,,https://assets.woolworths.com.au/images/1005/610119.jpg?impolicy=wowsmkqiema&w=260&h=260,
Whiz Pop Bang Number Candle 7 Assorted each,3.0,,https://assets.woolworths.com.au/images/1005/612779.jpg?impolicy=wowsmkqiema&w=260&h=260,
Whiz Pop Bang Number Candle 8 Assorted each,3.0,,https://assets.woolworths.com.au/images/1005/613114.jpg?impolicy=wowsmkqiema&w=260&h=260,
Whiz Pop Bang Number Candle 9 Assorted each,3.0,,https://assets.woolworths.com.au/images/1005/613039.jpg?impolicy=wowsmkqiema&w=260&h=260,
Whiz Pop Bang Ocean Blue Balloons 12 pack,2.15,,https://assets.woolworths.com.au/images/1005/54358.jpg?impolicy=wowsmkqiema&w=260&h=260,
Whiz Pop Bang Paper Loot Bags Assorted 10 pack,3.15,,https://assets.woolworths.com.au/images/1005/54466.jpg?impolicy=wowsmkqiema&w=260&h=260,
Whiz Pop Bang Party Blowouts Assorted 20 pack,3.25,,https://assets.woolworths.com.au/images/1005/54556.jpg?impolicy=wowsmkqiema&w=260&h=260,
Whiz Pop Bang Party Bubbles 24 pack,8.15,,https://assets.woolworths.com.au/images/1005/83292.jpg?impolicy=wowsmkqiema&w=260&h=260,
Whiz Pop Bang Party Favours Assorted each,2.15,,https://assets.woolworths.com.au/images/1005/54471.jpg?impolicy=wowsmkqiema&w=260&h=260,
Whiz Pop Bang Party Hats Big Adventure 6 pack,4.0,,https://assets.woolworths.com.au/images/1005/243791.jpg?impolicy=wowsmkqiema&w=260&h=260,
Whiz Pop Bang Party Hats Foil 6 pack,3.25,,https://assets.woolworths.com.au/images/1005/109202.jpg?impolicy=wowsmkqiema&w=260&h=260,
Whiz Pop Bang Party Lolly Bags Clear 30 pack,2.25,,https://assets.woolworths.com.au/images/1005/54558.jpg?impolicy=wowsmkqiema&w=260&h=260,
Whiz Pop Bang Party Parasol Picks 20 pack,3.15,,https://assets.woolworths.com.au/images/1005/54477.jpg?impolicy=wowsmkqiema&w=260&h=260,
Whiz Pop Bang Pretty Pink Balloons 12 pack,2.15,,https://assets.woolworths.com.au/images/1005/54398.jpg?impolicy=wowsmkqiema&w=260&h=260,
Whiz Pop Bang Rainbow Streamers 6 pack,3.5,,https://assets.woolworths.com.au/images/1005/54537.jpg?impolicy=wowsmkqiema&w=260&h=260,
Whiz Pop Bang Silver Sparklers 20cm 16 pack,3.5,,https://assets.woolworths.com.au/images/1005/517117.jpg?impolicy=wowsmkqiema&w=260&h=260,
Whiz Pop Bang Sparklers 24cm 24 pack,4.0,,https://assets.woolworths.com.au/images/1005/517092.jpg?impolicy=wowsmkqiema&w=260&h=260,
Whiz Pop Bang Sparklers 40cm 8 pack,3.5,,https://assets.woolworths.com.au/images/1005/517115.jpg?impolicy=wowsmkqiema&w=260&h=260,
Whiz Pop Bang Spiral Candles Large 12 pack,3.0,,https://assets.woolworths.com.au/images/1005/244647.jpg?impolicy=wowsmkqiema&w=260&h=260,
Whiz Pop Bang Spiral Candles With Holder 24 pack,3.0,,https://assets.woolworths.com.au/images/1005/54514.jpg?impolicy=wowsmkqiema&w=260&h=260,
Whiz Pop Bang Star Candles Rainbow 6 pack,6.0,,https://assets.woolworths.com.au/images/1005/6031762.jpg?impolicy=wowsmkqiema&w=260&h=260,
Whiz Pop Bang Themed Balloons Assorted 12 pack,4.0,,https://assets.woolworths.com.au/images/1005/6033181.jpg?impolicy=wowsmkqiema&w=260&h=260,
Whiz Pop Bang Themed Blowouts Assorted 10 pack,4.0,,https://assets.woolworths.com.au/images/1005/6033007.jpg?impolicy=wowsmkqiema&w=260&h=260,
Whiz Pop Bang Themed Honeycomb Decorations Assorted each,4.0,,https://assets.woolworths.com.au/images/1005/6033192.jpg?impolicy=wowsmkqiema&w=260&h=260,
Whiz Pop Bang Themed Loot Bags Assorted each,5.0,,https://assets.woolworths.com.au/images/1005/6033351.jpg?impolicy=wowsmkqiema&w=260&h=260,
Whiz Pop Bang Themed Paper Masks Assorted 6 pack,4.0,,https://assets.woolworths.com.au/images/1005/613587.jpg?impolicy=wowsmkqiema&w=260&h=260,
Whiz Pop Bang Variety Balloons Assorted 10 pack,5.0,,https://assets.woolworths.com.au/images/1005/54431.jpg?impolicy=wowsmkqiema&w=260&h=260,
Whiz Pop Bang Water Balloons 200 pack,3.15,,https://assets.woolworths.com.au/images/1005/54350.jpg?impolicy=wowsmkqiema&w=260&h=260,
Who Magazine each,7.2,,https://assets.woolworths.com.au/images/1005/70139.jpg?impolicy=wowsmkqiema&w=260&h=260,
Whot! Playing Cards each,12.0,,https://assets.woolworths.com.au/images/1005/241612.jpg?impolicy=wowsmkqiema&w=260&h=260,
Willow Cooler Jug With Tap Blue 5L,31.0,,https://assets.woolworths.com.au/images/1005/800129.jpg?impolicy=wowsmkqiema&w=260&h=260,
Willow Good Time Cooler Ice Box Blue 25L,23.0,,https://assets.woolworths.com.au/images/1005/800385.jpg?impolicy=wowsmkqiema&w=260&h=260,
Willow Swing n Stay Rubbish Bin 25l,22.0,,https://assets.woolworths.com.au/images/1005/242366.jpg?impolicy=wowsmkqiema&w=260&h=260,
Willow Waste Tidy Round 10L each,5.5,,https://assets.woolworths.com.au/images/1005/430510.jpg?impolicy=wowsmkqiema&w=260&h=260,
Wiltshire 12 Cup Muffin Pan each,14.7,,https://assets.woolworths.com.au/images/1005/150539.jpg?impolicy=wowsmkqiema&w=260&h=260,
Wiltshire 4 In 1 Avocado Tool each,4.2,,https://assets.woolworths.com.au/images/1005/103115.jpg?impolicy=wowsmkqiema&w=260&h=260,
Wiltshire Airfryer Pizza Tray each,4.2,,https://assets.woolworths.com.au/images/1005/509479.jpg?impolicy=wowsmkqiema&w=260&h=260,
Wiltshire Angled Pallet Knife Large each,6.65,,https://assets.woolworths.com.au/images/1005/578078.jpg?impolicy=wowsmkqiema&w=260&h=260,
Wiltshire Enamel Baking Dish 26cm 1.5L each,16.8,,https://assets.woolworths.com.au/images/1005/758148.jpg?impolicy=wowsmkqiema&w=260&h=260,
Wiltshire Gas Flame Lighter each,7.0,,https://assets.woolworths.com.au/images/1005/211897.jpg?impolicy=wowsmkqiema&w=260&h=260,
Wiltshire Knife & Scissors Sharpener each,19.0,,https://assets.woolworths.com.au/images/1005/6026145.jpg?impolicy=wowsmkqiema&w=260&h=260,
Wiltshire Loaf Cake Pan each,8.4,,https://assets.woolworths.com.au/images/1005/848421.jpg?impolicy=wowsmkqiema&w=260&h=260,
Wiltshire Rectangular Collapsible Silicone Air Fryer Pan each,8.4,,https://assets.woolworths.com.au/images/1005/6026460.jpg?impolicy=wowsmkqiema&w=260&h=260,
Wiltshire Rose Gold Spring Form Pan Large each,13.3,,https://assets.woolworths.com.au/images/1005/928100.jpg?impolicy=wowsmkqiema&w=260&h=260,
Wiltshire Round Cake Pan each,8.4,,https://assets.woolworths.com.au/images/1005/848425.jpg?impolicy=wowsmkqiema&w=260&h=260,
Wiltshire Silicone Air Fryer Pan Square Collapsible each,11.9,,https://assets.woolworths.com.au/images/1005/914690.jpg?impolicy=wowsmkqiema&w=260&h=260,
Wiltshire Silicone Air Fryer Tongs 29cm Assorted each,7.0,,https://assets.woolworths.com.au/images/1005/6026379.jpg?impolicy=wowsmkqiema&w=260&h=260,
Wiltshire Silicone Pastry Brush Assorted each,6.65,,https://assets.woolworths.com.au/images/1005/578083.jpg?impolicy=wowsmkqiema&w=260&h=260,
Wiltshire Silicone Solid Turner each,4.9,,https://assets.woolworths.com.au/images/1005/496993.jpg?impolicy=wowsmkqiema&w=260&h=260,
Wiltshire Silicone Spoonula Assorted each,7.35,,https://assets.woolworths.com.au/images/1005/646279.jpg?impolicy=wowsmkqiema&w=260&h=260,
Wiltshire Slice & Brownie Pan each,8.4,,https://assets.woolworths.com.au/images/1005/848422.jpg?impolicy=wowsmkqiema&w=260&h=260,
Wiltshire Small Cookie Sheet each,8.4,,https://assets.woolworths.com.au/images/1005/848435.jpg?impolicy=wowsmkqiema&w=260&h=260,
Wiltshire Spring Form Pan Mini Assorted each,8.4,,https://assets.woolworths.com.au/images/1005/151043.jpg?impolicy=wowsmkqiema&w=260&h=260,
Wiltshire Spring Form Pan Small each,10.5,,https://assets.woolworths.com.au/images/1005/54632.jpg?impolicy=wowsmkqiema&w=260&h=260,
Wiltshire Square Pan each,8.4,,https://assets.woolworths.com.au/images/1005/848424.jpg?impolicy=wowsmkqiema&w=260&h=260,
Wiltshire Stainless Steel 10cm Strainer each,4.9,,https://assets.woolworths.com.au/images/1005/885682.jpg?impolicy=wowsmkqiema&w=260&h=260,
Wiltshire Tart Quiche Pan Assorted each,10.5,,https://assets.woolworths.com.au/images/1005/928051.jpg?impolicy=wowsmkqiema&w=260&h=260,
Wiltshire Vitreous Enamel Baking Tray 38 x 25cm each,16.8,,https://assets.woolworths.com.au/images/1005/717769.jpg?impolicy=wowsmkqiema&w=260&h=260,
Wiltshire Whisk With Silicone Scraper 26cm each,5.6,,https://assets.woolworths.com.au/images/1005/494614.jpg?impolicy=wowsmkqiema&w=260&h=260,
Wiltshire Wooden Handle Spatula Assorted each,6.65,,https://assets.woolworths.com.au/images/1005/578081.jpg?impolicy=wowsmkqiema&w=260&h=260,
Woman's Day New Idea Who Magazines Triple Pack each,15.0,,https://assets.woolworths.com.au/images/1005/101977.jpg?impolicy=wowsmkqiema&w=260&h=260,
Woman's Day Super Puzzler Magazine each,6.8,,https://assets.woolworths.com.au/images/1005/255690.jpg?impolicy=wowsmkqiema&w=260&h=260,
Woolworths Binder Folder A4 128 Pages 3 pack,6.0,,https://assets.woolworths.com.au/images/1005/315229.jpg?impolicy=wowsmkqiema&w=260&h=260,
Woolworths Classic Tote Reusable Shopping Bag each,0.99,,https://assets.woolworths.com.au/images/1005/221191.jpg?impolicy=wowsmkqiema&w=260&h=260,
Woolworths Door Draught Stopper each,4.0,,https://assets.woolworths.com.au/images/1005/21456.jpg?impolicy=wowsmkqiema&w=260&h=260,
Woolworths Essentials Bag Seals 8 pack,2.0,,https://assets.woolworths.com.au/images/1005/521897.jpg?impolicy=wowsmkqiema&w=260&h=260,
Woolworths Essentials Candle Pillar 150Mm X 70Mm each,5.0,,https://assets.woolworths.com.au/images/1005/325112.jpg?impolicy=wowsmkqiema&w=260&h=260,
Woolworths Essentials Candle Submarine Plain 6 pack,4.0,,https://assets.woolworths.com.au/images/1005/68475.jpg?impolicy=wowsmkqiema&w=260&h=260,
Woolworths Essentials Collapsible Colander each,5.0,,https://assets.woolworths.com.au/images/1005/131932.jpg?impolicy=wowsmkqiema&w=260&h=260,
Woolworths Essentials Dinnerware Sauce Dish 9X3.5cm each,1.0,,https://assets.woolworths.com.au/images/1005/733577.jpg?impolicy=wowsmkqiema&w=260&h=260,
Woolworths Essentials Essential Gravy Bowl each,5.0,,https://assets.woolworths.com.au/images/1005/806421.jpg?impolicy=wowsmkqiema&w=260&h=260,
Woolworths Essentials Fitted Sheet Set Double Bed Assorted each,16.0,,https://assets.woolworths.com.au/images/1005/283551.jpg?impolicy=wowsmkqiema&w=260&h=260,
Woolworths Essentials Food Containers Mini 50g x 8 pack,2.5,,https://assets.woolworths.com.au/images/1005/744189.jpg?impolicy=wowsmkqiema&w=260&h=260,
Woolworths Essentials Food Containers Rectangle 1L x 4 pack,3.5,,https://assets.woolworths.com.au/images/1005/744030.jpg?impolicy=wowsmkqiema&w=260&h=260,
Woolworths Essentials Food Containers Rectangle 300mL x 4 pack,3.0,,https://assets.woolworths.com.au/images/1005/744052.jpg?impolicy=wowsmkqiema&w=260&h=260,
Woolworths Essentials Food Containers Rectangle 650mL x 25 pack,12.0,,https://assets.woolworths.com.au/images/1005/744027.jpg?impolicy=wowsmkqiema&w=260&h=260,
Woolworths Essentials Food Containers Rectangle 650mL x 5 pack,3.0,,https://assets.woolworths.com.au/images/1005/744029.jpg?impolicy=wowsmkqiema&w=260&h=260,
Woolworths Essentials Food Containers Round 600mL x 5 pack,3.0,,https://assets.woolworths.com.au/images/1005/744028.jpg?impolicy=wowsmkqiema&w=260&h=260,
Woolworths Essentials Food Containers Square 920mL x 4 pack,3.0,,https://assets.woolworths.com.au/images/1005/744051.jpg?impolicy=wowsmkqiema&w=260&h=260,
Woolworths Essentials Glass Jug each,4.5,,https://assets.woolworths.com.au/images/1005/99296.jpg?impolicy=wowsmkqiema&w=260&h=260,
Woolworths Essentials Glass Water Bottle 950mL each,3.5,,https://assets.woolworths.com.au/images/1005/433972.jpg?impolicy=wowsmkqiema&w=260&h=260,
Woolworths Essentials Ice Cube Tray Assorted each,3.5,,https://assets.woolworths.com.au/images/1005/521895.jpg?impolicy=wowsmkqiema&w=260&h=260,
Woolworths Essentials Kitchen Scissors each,2.5,,https://assets.woolworths.com.au/images/1005/854121.jpg?impolicy=wowsmkqiema&w=260&h=260,
Woolworths Essentials Metal Whisk With Nylon Handle each,3.5,,https://assets.woolworths.com.au/images/1005/854117.jpg?impolicy=wowsmkqiema&w=260&h=260,
Woolworths Essentials Nylon Turner each,3.5,,https://assets.woolworths.com.au/images/1005/854194.jpg?impolicy=wowsmkqiema&w=260&h=260,
Woolworths Essentials Plain Dyed Fitted Sheet Set Micro Fibre Queen Bed each,18.0,,https://assets.woolworths.com.au/images/1005/744020.jpg?impolicy=wowsmkqiema&w=260&h=260,
Woolworths Essentials Plastic Coated Wire Hangers each,4.0,,https://assets.woolworths.com.au/images/1005/829153.jpg?impolicy=wowsmkqiema&w=260&h=260,
Woolworths Essentials Plastic Kids Hangers 6 pack,2.0,,https://assets.woolworths.com.au/images/1005/829154.jpg?impolicy=wowsmkqiema&w=260&h=260,
Woolworths Essentials Silicone Spatula Assorted each,3.5,,https://assets.woolworths.com.au/images/1005/521911.jpg?impolicy=wowsmkqiema&w=260&h=260,
Woolworths Essentials Sink Plug each,2.0,,https://assets.woolworths.com.au/images/1005/79693.jpg?impolicy=wowsmkqiema&w=260&h=260,
Woolworths Essentials Tealights Candles 100 pack,10.0,,https://assets.woolworths.com.au/images/1005/224307.jpg?impolicy=wowsmkqiema&w=260&h=260,
Woolworths Essentials Underwear Boy's Basic Briefs Size 4-5 each,10.0,,https://assets.woolworths.com.au/images/1005/747078.jpg?impolicy=wowsmkqiema&w=260&h=260,
Woolworths Essentials Underwear Girl's Basic Briefs Size 2-3 each,10.0,,https://assets.woolworths.com.au/images/1005/747114.jpg?impolicy=wowsmkqiema&w=260&h=260,
Woolworths Essentials Underwear Girl's Basic Briefs Size 4-5 each,10.0,,https://assets.woolworths.com.au/images/1005/747115.jpg?impolicy=wowsmkqiema&w=260&h=260,
Woolworths Essentials Underwear Girl's Basic Briefs Size 6-7 each,10.0,,https://assets.woolworths.com.au/images/1005/747116.jpg?impolicy=wowsmkqiema&w=260&h=260,
Woolworths Essentials Underwear Women's Full Brief Size 12-14 each,12.0,,https://assets.woolworths.com.au/images/1005/741985.jpg?impolicy=wowsmkqiema&w=260&h=260,
Woolworths Essentials Underwear Women's Full Brief Size 16-18 each,12.0,,https://assets.woolworths.com.au/images/1005/741986.jpg?impolicy=wowsmkqiema&w=260&h=260,
Woolworths Essentials Wire Hangers 20 pack,6.0,,https://assets.woolworths.com.au/images/1005/829151.jpg?impolicy=wowsmkqiema&w=260&h=260,
Woolworths Essentials Wooden Hangers 5 pack,6.0,,https://assets.woolworths.com.au/images/1005/829152.jpg?impolicy=wowsmkqiema&w=260&h=260,
Woolworths Essentials Y Shaped Peeler Assorted each,3.5,,https://assets.woolworths.com.au/images/1005/521914.jpg?impolicy=wowsmkqiema&w=260&h=260,
Woolworths Fly Swatter 2 pack,3.0,,https://assets.woolworths.com.au/images/1005/701016.jpg?impolicy=wowsmkqiema&w=260&h=260,
Woolworths For Kids Boys Underwear Basic Briefs Size 2-3 5 pack,10.0,,https://assets.woolworths.com.au/images/1005/747076.jpg?impolicy=wowsmkqiema&w=260&h=260,
Woolworths Mud Cake Foldable Bag each,2.0,,https://assets.woolworths.com.au/images/1005/6072545.jpg?impolicy=wowsmkqiema&w=260&h=260,
Woolworths Reusable Art Shopping Bag Assorted each,2.0,,https://assets.woolworths.com.au/images/1005/71843.jpg?impolicy=wowsmkqiema&w=260&h=260,
Woolworths Reusable Chiller Shopping Bag each,3.0,,https://assets.woolworths.com.au/images/1005/800963.jpg?impolicy=wowsmkqiema&w=260&h=260,
Woolworths Reusable Foldable Shopping Bag Assorted each,2.0,,https://assets.woolworths.com.au/images/1005/6004917.jpg?impolicy=wowsmkqiema&w=260&h=260,
Woolworths Reusable Fruit & Vegetable Bags 3 Pack,1.5,,https://assets.woolworths.com.au/images/1005/181199.jpg?impolicy=wowsmkqiema&w=260&h=260,
Woolworths Reusable Paper Shopping Bag each,0.25,,https://assets.woolworths.com.au/images/1005/61885.jpg?impolicy=wowsmkqiema&w=260&h=260,
Zak Designs Cutlery Set Bluey each,7.0,,https://assets.woolworths.com.au/images/1005/947202.jpg?impolicy=wowsmkqiema&w=260&h=260,
Zak Designs Cutlery Set Gabby's Dollhouse each,7.0,,https://assets.woolworths.com.au/images/1005/947198.jpg?impolicy=wowsmkqiema&w=260&h=260,
Zak Designs Melamine Bowl Bluey each,5.5,,https://assets.woolworths.com.au/images/1005/947412.jpg?impolicy=wowsmkqiema&w=260&h=260,
Zak Designs Melamine Bowl Gabby's Dollhouse each,5.5,,https://assets.woolworths.com.au/images/1005/947408.jpg?impolicy=wowsmkqiema&w=260&h=260,
Zak Designs Melamine Plate Bluey each,5.5,,https://assets.woolworths.com.au/images/1005/947692.jpg?impolicy=wowsmkqiema&w=260&h=260,
Zak Designs Melamine Plate Gabby's Dollhouse each,5.5,,https://assets.woolworths.com.au/images/1005/947681.jpg?impolicy=wowsmkqiema&w=260&h=260,
Zuru Coco Surprise Assorted each,8.0,,https://assets.woolworths.com.au/images/1005/229256.jpg?impolicy=wowsmkqiema&w=260&h=260,
Zuru Rainbocorns Assorted each,16.0,,https://assets.woolworths.com.au/images/1005/201012.jpg?impolicy=wowsmkqiema&w=260&h=260,
Zuru Sparkle Girlz Princess Doll Assorted each,9.0,,https://assets.woolworths.com.au/images/1005/91778.jpg?impolicy=wowsmkqiema&w=260&h=260,
Zuru X-Shot Blastercorn each,15.0,,https://assets.woolworths.com.au/images/1005/6029692.jpg?impolicy=wowsmkqiema&w=260&h=260,
