name,price,image
CUB Biodegradable Fragrance Free Baby Wipes | 80 Pack,$2.00$2.50/ 100ea,https://www.coles.com.au/_next/image?url=https%3A%2F%2Fcdn.productimages.coles.com.au%2Fproductimages%2F6%2F6579607.jpg&w=640&q=90
Biogaia Protectis Baby Probiotic Drops Vit D | 5mL,$39.00$780.00/ 100mL,https://www.coles.com.au/_next/image?url=https%3A%2F%2Fcdn.productimages.coles.com.au%2Fproductimages%2F1%2F1282382.jpg&w=640&q=90
Biogaia Protectis Probiotic Drops For Infant Colic Relief | 5mL,$36.50$730.00/ 100mL,https://www.coles.com.au/_next/image?url=https%3A%2F%2Fcdn.productimages.coles.com.au%2Fproductimages%2F8%2F8537131.jpg&w=640&q=90
Rafferty's Garden Raspberry & Blackberry Mini Yoghurt Drops 10  ... 8g,$2.50Save $0.50$31.25/ 100g | Was $3.00,https://www.coles.com.au/_next/image?url=https%3A%2F%2Fcdn.productimages.coles.com.au%2Fproductimages%2F4%2F4158890.jpg&w=640&q=90
Cetaphil Baby Wash & Shampoo | 400mL,$11.00Save $4.80$2.75/ 100mL | Was $15.80,https://www.coles.com.au/_next/image?url=https%3A%2F%2Fcdn.productimages.coles.com.au%2Fproductimages%2F3%2F3508850.jpg&w=640&q=90
Rafferty's Garden Apple & Raspberry Snack Bars With Real Fruit Baby Foo ... 128g,$4.50Save $1.00$3.52/ 100g | Was $5.50,https://www.coles.com.au/_next/image?url=https%3A%2F%2Fcdn.productimages.coles.com.au%2Fproductimages%2F3%2F3018862.jpg&w=640&q=90
Biogaia Protectis Kids Chewables Orange Vit D | 30 Pack,$41.40$1.38/ 1ea,https://www.coles.com.au/_next/image?url=https%3A%2F%2Fcdn.productimages.coles.com.au%2Fproductimages%2F1%2F1282393.jpg&w=640&q=90
Kiddylicious Pizza Straws Pizza Multipack 12g | 4 Pack,$7.80$16.25/ 100g,https://www.coles.com.au/_next/image?url=https%3A%2F%2Fcdn.productimages.coles.com.au%2Fproductimages%2F1%2F1854555.jpg&w=640&q=90
Euky Bear Baby Sniffly Nose Room Spray | 125g,$12.00$9.60/ 100g,https://www.coles.com.au/_next/image?url=https%3A%2F%2Fcdn.productimages.coles.com.au%2Fproductimages%2F5%2F5356957.jpg&w=640&q=90
Rafferty's Garden Nurture Immunity Blueberry Star Puffs 12m+ | 12g,$2.20$18.33/ 100g,https://www.coles.com.au/_next/image?url=https%3A%2F%2Fcdn.productimages.coles.com.au%2Fproductimages%2F1%2F1115198.jpg&w=640&q=90
Euky Bearub | 50g,$8.10$16.20/ 100g,https://www.coles.com.au/_next/image?url=https%3A%2F%2Fcdn.productimages.coles.com.au%2Fproductimages%2F5%2F5356979.jpg&w=640&q=90
Huggies Gentle Cleanse Baby Wipes Fragrance Free | 80 Pack,$5.50$6.88/ 100ea,https://www.coles.com.au/_next/image?url=https%3A%2F%2Fcdn.productimages.coles.com.au%2Fproductimages%2F6%2F6894579.jpg&w=640&q=90
CUB Biodegradable Fragrance Free Baby Wipes | 480 Pack,$11.00$2.29/ 100ea,https://www.coles.com.au/_next/image?url=https%3A%2F%2Fcdn.productimages.coles.com.au%2Fproductimages%2F6%2F6579630.jpg&w=640&q=90
Rascals 99% Water Premium Wipes | 72 Pack,$5.00$6.94/ 100ea,https://www.coles.com.au/_next/image?url=https%3A%2F%2Fcdn.productimages.coles.com.au%2Fproductimages%2F5%2F5253637.jpg&w=640&q=90
Rascals Premium Sensitive Wipes Plastic Free Cloth | 80 Pack,$5.00$6.25/ 100ea,https://www.coles.com.au/_next/image?url=https%3A%2F%2Fcdn.productimages.coles.com.au%2Fproductimages%2F3%2F3505932.jpg&w=640&q=90
CUB Gentle Care Premium Thick & Soft Fragrance Free Baby Wipes | 80 Pack,$2.75$3.44/ 100ea,https://www.coles.com.au/_next/image?url=https%3A%2F%2Fcdn.productimages.coles.com.au%2Fproductimages%2F3%2F3419105.jpg&w=640&q=90
Babylove Nappy Pants Size 6 (15-25kg) | 22 Pack,$20.00$0.91/ 1ea,https://www.coles.com.au/_next/image?url=https%3A%2F%2Fcdn.productimages.coles.com.au%2Fproductimages%2F7%2F7268680.jpg&w=640&q=90
CUB Biodegradable Lightly Scented Baby Wipes | 80 Pack,$2.00$2.50/ 100ea,https://www.coles.com.au/_next/image?url=https%3A%2F%2Fcdn.productimages.coles.com.au%2Fproductimages%2F6%2F6579550.jpg&w=640&q=90
Baby Mum-mum Rice Rusk Organic Blueberry & Carrot +8 Months | 36g,$3.85$10.69/ 100g,https://www.coles.com.au/_next/image?url=https%3A%2F%2Fcdn.productimages.coles.com.au%2Fproductimages%2F2%2F2800347.jpg&w=640&q=90
Baby Mum-mum Rice Rusks Banana +8 Months | 36g,$3.85$10.69/ 100g,https://www.coles.com.au/_next/image?url=https%3A%2F%2Fcdn.productimages.coles.com.au%2Fproductimages%2F8%2F8953850.jpg&w=640&q=90
Babylove Nappy Pants Size 5 (12-17kg) | 25 Pack,$20.00$0.80/ 1ea,https://www.coles.com.au/_next/image?url=https%3A%2F%2Fcdn.productimages.coles.com.au%2Fproductimages%2F1%2F1007071.jpg&w=640&q=90
Curash Fragrance Free Sensitive Skin Baby Wipes | 240 Pack,$14.00$5.83/ 100ea,https://www.coles.com.au/_next/image?url=https%3A%2F%2Fcdn.productimages.coles.com.au%2Fproductimages%2F1%2F1514499.jpg&w=640&q=90
Rafferty's Garden Blueberry Banana & Apple Snack Bars Real Fruit Baby Foo ... 128g,$4.50Save $1.00$3.52/ 100g | Was $5.50,https://www.coles.com.au/_next/image?url=https%3A%2F%2Fcdn.productimages.coles.com.au%2Fproductimages%2F1%2F1204560.jpg&w=640&q=90
CUB Nappy Bags | 200 Pack,$3.50$0.02/ 1ea,https://www.coles.com.au/_next/image?url=https%3A%2F%2Fcdn.productimages.coles.com.au%2Fproductimages%2F3%2F3817980.jpg&w=640&q=90
Huggies Pure 99% Purified Water Baby Wipes | 72 Pack,$5.50$7.64/ 100ea,https://www.coles.com.au/_next/image?url=https%3A%2F%2Fcdn.productimages.coles.com.au%2Fproductimages%2F5%2F5236897.jpg&w=640&q=90
Huggies Ultra Dry Nappies Boys Size 5 (13-18kg) | 32 Pack,$12.00Save $12.00$0.38/ 1ea | Was $24.00,https://www.coles.com.au/_next/image?url=https%3A%2F%2Fcdn.productimages.coles.com.au%2Fproductimages%2F6%2F6802559.jpg&w=640&q=90
Nestle Nan Comfort 3 Toddler Milk Drink From 1 Year | 800g,$23.10$2.89/ 100g,https://www.coles.com.au/_next/image?url=https%3A%2F%2Fcdn.productimages.coles.com.au%2Fproductimages%2F4%2F4162616.jpg&w=640&q=90
CUB Apple & Raisin Fruit & Oat Bar 6x15g | 90g,$2.60$2.89/ 100g,https://www.coles.com.au/_next/image?url=https%3A%2F%2Fcdn.productimages.coles.com.au%2Fproductimages%2F3%2F3757640.jpg&w=640&q=90
Huggies Ultra Dry Nappies Boys Size 4 (10-15kg) | 36 Pack,$12.00Save $12.00$0.33/ 1ea | Was $24.00,https://www.coles.com.au/_next/image?url=https%3A%2F%2Fcdn.productimages.coles.com.au%2Fproductimages%2F6%2F6803890.jpg&w=640&q=90
Little Bellies Softcorn Berry & Apple | 8g,$2.15$26.88/ 100g,https://www.coles.com.au/_next/image?url=https%3A%2F%2Fcdn.productimages.coles.com.au%2Fproductimages%2F2%2F2800799.jpg&w=640&q=90
CUB Nappies Unisex Walker Size 5 (16-18kg) | 44 Pack,$11.50$0.26/ 1ea,https://www.coles.com.au/_next/image?url=https%3A%2F%2Fcdn.productimages.coles.com.au%2Fproductimages%2F3%2F3720797.jpg&w=640&q=90
Baby Mum-mum First Rice Rusk Vegetable +6 Months | 36g,$3.85$10.69/ 100g,https://www.coles.com.au/_next/image?url=https%3A%2F%2Fcdn.productimages.coles.com.au%2Fproductimages%2F8%2F8953861.jpg&w=640&q=90
CUB Biodegradable Water Wipes | 60 Pack,$1.90$3.17/ 100ea,https://www.coles.com.au/_next/image?url=https%3A%2F%2Fcdn.productimages.coles.com.au%2Fproductimages%2F7%2F7269092.jpg&w=640&q=90
Huggies Ultra Dry Nappies Boys Size 6 (16kg+) | 30 Pack,$12.00Save $12.00$0.40/ 1ea | Was $24.00,https://www.coles.com.au/_next/image?url=https%3A%2F%2Fcdn.productimages.coles.com.au%2Fproductimages%2F9%2F9636070.jpg&w=640&q=90
Little Bellies Sultanas 6x14g | 84g,$3.00$3.57/ 100g,https://www.coles.com.au/_next/image?url=https%3A%2F%2Fcdn.productimages.coles.com.au%2Fproductimages%2F3%2F3499670.jpg&w=640&q=90
Huggies Gentle Cleanse Baby Wipes Coconut Oil | 80 Pack,$5.50$6.88/ 100ea,https://www.coles.com.au/_next/image?url=https%3A%2F%2Fcdn.productimages.coles.com.au%2Fproductimages%2F2%2F2737568.jpg&w=640&q=90
Huggies Skin Protect Newborn Nappies Size 2 | 48 Pack,$12.00Save $12.00$0.25/ 1ea | Was $24.00,https://www.coles.com.au/_next/image?url=https%3A%2F%2Fcdn.productimages.coles.com.au%2Fproductimages%2F3%2F3114855.jpg&w=640&q=90
Rafferty's Garden Blueberries Banana & Apple And Nothing Else Ba ... 120g,$1.90Save $0.40$1.58/ 100g | Was $2.30,https://www.coles.com.au/_next/image?url=https%3A%2F%2Fcdn.productimages.coles.com.au%2Fproductimages%2F6%2F6027167.jpg&w=640&q=90
CUB Fruit & Oat Bar Apricot 6x15g | 90g,$2.60$2.89/ 100g,https://www.coles.com.au/_next/image?url=https%3A%2F%2Fcdn.productimages.coles.com.au%2Fproductimages%2F3%2F3757651.jpg&w=640&q=90
Huggies Ultra Dry Nappies Girls Size 4 (10-15kg) | 36 Pack,$12.00Save $12.00$0.33/ 1ea | Was $24.00,https://www.coles.com.au/_next/image?url=https%3A%2F%2Fcdn.productimages.coles.com.au%2Fproductimages%2F6%2F6803100.jpg&w=640&q=90
CUB Nappies Unisex Junior Size 6 (16kg+) | 40 Pack,$11.50$0.29/ 1ea,https://www.coles.com.au/_next/image?url=https%3A%2F%2Fcdn.productimages.coles.com.au%2Fproductimages%2F3%2F3720800.jpg&w=640&q=90
Baby Mum-mum First Rice Rusk Apple & Pumpkin +6 Months | 36g,$3.85$10.69/ 100g,https://www.coles.com.au/_next/image?url=https%3A%2F%2Fcdn.productimages.coles.com.au%2Fproductimages%2F2%2F2123227.jpg&w=640&q=90
Huggies Ultra Dry Nappies Girls Size 3 (6-11kg) | 44 Pack,$12.00Save $12.00$0.27/ 1ea | Was $24.00,https://www.coles.com.au/_next/image?url=https%3A%2F%2Fcdn.productimages.coles.com.au%2Fproductimages%2F6%2F6803008.jpg&w=640&q=90
CUB Nappies Unisex Toddler Size 4 (10-15kg) | 50 Pack,$11.50$0.23/ 1ea,https://www.coles.com.au/_next/image?url=https%3A%2F%2Fcdn.productimages.coles.com.au%2Fproductimages%2F3%2F3720786.jpg&w=640&q=90
Rafferty's Garden Banana Pear & Mango Baby Food Puree Pouch 4+ Months | 120g,$1.90Save $0.40$1.58/ 100g | Was $2.30,https://www.coles.com.au/_next/image?url=https%3A%2F%2Fcdn.productimages.coles.com.au%2Fproductimages%2F6%2F6027178.jpg&w=640&q=90
Koja Minis Oat Bars Chocolate Chip | 120g,$6.50$5.42/ 100g,https://www.coles.com.au/_next/image?url=https%3A%2F%2Fcdn.productimages.coles.com.au%2Fproductimages%2F1%2F1819769.jpg&w=640&q=90
Rafferty's Garden Strawberry & Chia Yoghurt Brekkie No Added S ... 120g,$1.90Save $0.40$1.58/ 100g | Was $2.30,https://www.coles.com.au/_next/image?url=https%3A%2F%2Fcdn.productimages.coles.com.au%2Fproductimages%2F4%2F4159611.jpg&w=640&q=90
Rafferty's Garden Pear & Prune Puree And Nothing Else Baby Food Pou ... 120g,$1.90Save $0.40$1.58/ 100g | Was $2.30,https://www.coles.com.au/_next/image?url=https%3A%2F%2Fcdn.productimages.coles.com.au%2Fproductimages%2F3%2F3625082.jpg&w=640&q=90
Rafferty's Garden Pear & Superberries Puree And Nothing Else Baby F ... 120g,$1.90Save $0.40$1.58/ 100g | Was $2.30,https://www.coles.com.au/_next/image?url=https%3A%2F%2Fcdn.productimages.coles.com.au%2Fproductimages%2F8%2F8971896.jpg&w=640&q=90
Rafferty's Garden Strawberry Yoghurt Buttons Baby Food Snacks 10 ... 28g,$6.00$21.43/ 100g,https://www.coles.com.au/_next/image?url=https%3A%2F%2Fcdn.productimages.coles.com.au%2Fproductimages%2F9%2F9009810.jpg&w=640&q=90
Huggies Ultra Dry Nappies Girls Size 5 (13-18kg) | 32 Pack,$12.00Save $12.00$0.38/ 1ea | Was $24.00,https://www.coles.com.au/_next/image?url=https%3A%2F%2Fcdn.productimages.coles.com.au%2Fproductimages%2F6%2F6803110.jpg&w=640&q=90
Only Organic Kindy Strawberry & Apple Oat Bars | 120g,$5.50$4.58/ 100g,https://www.coles.com.au/_next/image?url=https%3A%2F%2Fcdn.productimages.coles.com.au%2Fproductimages%2F6%2F6295450.jpg&w=640&q=90
DryNites Night Time Pants For Boys 4-7 Years (17-30kg) | 9 Pack,$12.00$1.33/ 1ea,https://www.coles.com.au/_next/image?url=https%3A%2F%2Fcdn.productimages.coles.com.au%2Fproductimages%2F5%2F5063835.jpg&w=640&q=90
CUB Nappy Pants Junior Size 6 Jumbo (15-25kg) | 42 Pack,$17.00$0.40/ 1ea,https://www.coles.com.au/_next/image?url=https%3A%2F%2Fcdn.productimages.coles.com.au%2Fproductimages%2F3%2F3720946.jpg&w=640&q=90
Babylove Sleepynights Night Time Pants 4-7 Years (18-35kg) | 9 Pack,$12.50$1.39/ 1ea,https://www.coles.com.au/_next/image?url=https%3A%2F%2Fcdn.productimages.coles.com.au%2Fproductimages%2F5%2F5742804.jpg&w=640&q=90
Huggies Ultra Dry Nappies Boys Size 3 (6-11kg) | 44 Pack,$12.00Save $12.00$0.27/ 1ea | Was $24.00,https://www.coles.com.au/_next/image?url=https%3A%2F%2Fcdn.productimages.coles.com.au%2Fproductimages%2F6%2F6803904.jpg&w=640&q=90
Huggies Skin Protect Newborn Nappies Size 1 | 54 Pack,$12.00Save $12.00$0.22/ 1ea | Was $24.00,https://www.coles.com.au/_next/image?url=https%3A%2F%2Fcdn.productimages.coles.com.au%2Fproductimages%2F7%2F7259907.jpg&w=640&q=90
Curash Simply Water Sensitive Skin Baby Wipes | 240 Pack,$17.60$7.33/ 100ea,https://www.coles.com.au/_next/image?url=https%3A%2F%2Fcdn.productimages.coles.com.au%2Fproductimages%2F3%2F3779235.jpg&w=640&q=90
Rafferty's Garden Blueberries Banana & Apple And Nothing Else Ba ... 120g,$1.90Save $0.40$1.58/ 100g | Was $2.30,https://www.coles.com.au/_next/image?url=https%3A%2F%2Fcdn.productimages.coles.com.au%2Fproductimages%2F6%2F6027167.jpg&w=640&q=90
Rascals Premium Nappies Size 3 (6-11kg) | 44 Pack,$17.50$0.40/ 1ea,https://www.coles.com.au/_next/image?url=https%3A%2F%2Fcdn.productimages.coles.com.au%2Fproductimages%2F3%2F3301138.jpg&w=640&q=90
Sudocrem Healing Cream | 125g,$15.45$12.36/ 100g,https://www.coles.com.au/_next/image?url=https%3A%2F%2Fcdn.productimages.coles.com.au%2Fproductimages%2F8%2F8837317.jpg&w=640&q=90
Alula Gold Newborn 0-6 Months Infant Formula | 900g,$30.00$3.33/ 100g,https://www.coles.com.au/_next/image?url=https%3A%2F%2Fcdn.productimages.coles.com.au%2Fproductimages%2F3%2F3025609.jpg&w=640&q=90
Bunjie Baby Top To Toe Wash | 500mL,$14.00Save $6.00$2.80/ 100mL | Was $20.00,https://www.coles.com.au/_next/image?url=https%3A%2F%2Fcdn.productimages.coles.com.au%2Fproductimages%2F5%2F5356913.jpg&w=640&q=90
Rascals Premium Nappies Size 1 (3-5kg) | 54 Pack,$17.50$0.32/ 1ea,https://www.coles.com.au/_next/image?url=https%3A%2F%2Fcdn.productimages.coles.com.au%2Fproductimages%2F3%2F3301150.jpg&w=640&q=90
Cetaphil Baby Moisturising Bath & Wash | 400mL,$11.00Save $4.75$2.75/ 100mL | Was $15.75,https://www.coles.com.au/_next/image?url=https%3A%2F%2Fcdn.productimages.coles.com.au%2Fproductimages%2F5%2F5335505.jpg&w=640&q=90
Rafferty's Garden Banana Pear & Mango Baby Food Puree Pouch 4+ Mon ... 120g,$1.90Save $0.40$1.58/ 100g | Was $2.30,https://www.coles.com.au/_next/image?url=https%3A%2F%2Fcdn.productimages.coles.com.au%2Fproductimages%2F6%2F6027178.jpg&w=640&q=90
WaterWipes Baby & Newborn Sensitive Wipes | 360 Pack,$40.00$11.11/ 100ea,https://www.coles.com.au/_next/image?url=https%3A%2F%2Fcdn.productimages.coles.com.au%2Fproductimages%2F1%2F1282520.jpg&w=640&q=90
Rafferty's Garden Tummy Puffs Pear & Mango 12 Months | 12g,$2.20$18.33/ 100g,https://www.coles.com.au/_next/image?url=https%3A%2F%2Fcdn.productimages.coles.com.au%2Fproductimages%2F1%2F1854351.jpg&w=640&q=90
Little Bellies Softcorn Banana | 8g,$2.15$26.88/ 100g,https://www.coles.com.au/_next/image?url=https%3A%2F%2Fcdn.productimages.coles.com.au%2Fproductimages%2F2%2F2800711.jpg&w=640&q=90
Rafferty's Garden Sweet Potato Carrot & Apple And Nothing Else Baby F ... 120g,$1.90Save $0.40$1.58/ 100g | Was $2.30,https://www.coles.com.au/_next/image?url=https%3A%2F%2Fcdn.productimages.coles.com.au%2Fproductimages%2F6%2F6027112.jpg&w=640&q=90
Rafferty's Garden Apple Puree And Nothing Else Baby Food Pouch 4+  ... 120g,$1.90Save $0.40$1.58/ 100g | Was $2.30,https://www.coles.com.au/_next/image?url=https%3A%2F%2Fcdn.productimages.coles.com.au%2Fproductimages%2F3%2F3018807.jpg&w=640&q=90
CUB Apple & Blueberry With Oats Baby Food Pouch 6+ Months | 120g,$1.00$0.83/ 100g,https://www.coles.com.au/_next/image?url=https%3A%2F%2Fcdn.productimages.coles.com.au%2Fproductimages%2F1%2F1719040.jpg&w=640&q=90
Little Bellies Organic Strawberry Pick-up Sticks 7+ Months | 16g,$3.50$21.88/ 100g,https://www.coles.com.au/_next/image?url=https%3A%2F%2Fcdn.productimages.coles.com.au%2Fproductimages%2F3%2F3767451.jpg&w=640&q=90
Kiddylicious Veggie Straws | 12g,$1.75Save $0.45$14.58/ 100g | Was $2.20,https://www.coles.com.au/_next/image?url=https%3A%2F%2Fcdn.productimages.coles.com.au%2Fproductimages%2F2%2F2803200.jpg&w=640&q=90
CUB Apple Pear Banana & Blueberry Baby Food Pouch 4+ Months | 120g,$1.00$0.83/ 100g,https://www.coles.com.au/_next/image?url=https%3A%2F%2Fcdn.productimages.coles.com.au%2Fproductimages%2F1%2F1719006.jpg&w=640&q=90
Rafferty's Garden Apple Banana & Peach and Nothing Else Baby F ... 120g,$1.90Save $0.40$1.58/ 100g | Was $2.30,https://www.coles.com.au/_next/image?url=https%3A%2F%2Fcdn.productimages.coles.com.au%2Fproductimages%2F8%2F8971885.jpg&w=640&q=90
CUB Biodegradable Lightly Scented Baby Wipes | 480 Pack,$11.00$2.29/ 100ea,https://www.coles.com.au/_next/image?url=https%3A%2F%2Fcdn.productimages.coles.com.au%2Fproductimages%2F6%2F6579629.jpg&w=640&q=90
CUB Nappy Pants Walker Size 5 Jumbo (13-18kg) | 46 Pack,$17.00$0.37/ 1ea,https://www.coles.com.au/_next/image?url=https%3A%2F%2Fcdn.productimages.coles.com.au%2Fproductimages%2F3%2F3720935.jpg&w=640&q=90
Huggies Lightly Fragranced Cucumber & Aloe Baby Wipes | 80 Pack,$5.50$6.88/ 100ea,https://www.coles.com.au/_next/image?url=https%3A%2F%2Fcdn.productimages.coles.com.au%2Fproductimages%2F9%2F9240808.jpg&w=640&q=90
CUB Pear Apple & Mango Baby Food Pouch 4+ Months | 120g,$1.00$0.83/ 100g,https://www.coles.com.au/_next/image?url=https%3A%2F%2Fcdn.productimages.coles.com.au%2Fproductimages%2F1%2F1719017.jpg&w=640&q=90
Aptamil Gold+ 1 Baby Infant Formula From 0-6 Months | 900g,$30.00$3.33/ 100g,https://www.coles.com.au/_next/image?url=https%3A%2F%2Fcdn.productimages.coles.com.au%2Fproductimages%2F6%2F6763800.jpg&w=640&q=90
Rafferty's Garden Apple Snack Bars Made with Real Fruit 8 Pack Baby Fo ... 128g,$4.50Save $1.00$3.52/ 100g | Was $5.50,https://www.coles.com.au/_next/image?url=https%3A%2F%2Fcdn.productimages.coles.com.au%2Fproductimages%2F7%2F7572228.jpg&w=640&q=90
Kiddylicious Veggie Straws 4x12g | 48g,$7.80$16.25/ 100g,https://www.coles.com.au/_next/image?url=https%3A%2F%2Fcdn.productimages.coles.com.au%2Fproductimages%2F5%2F5044670.jpg&w=640&q=90
Little Bellies Apple & Cinnamon Baby Puffs | 12g,$2.15$17.92/ 100g,https://www.coles.com.au/_next/image?url=https%3A%2F%2Fcdn.productimages.coles.com.au%2Fproductimages%2F2%2F2800846.jpg&w=640&q=90
Rafferty's Garden Mixed Berry Yoghurt Buttons Baby Food Snack 10+ Mont ... 28g,$6.00$21.43/ 100g,https://www.coles.com.au/_next/image?url=https%3A%2F%2Fcdn.productimages.coles.com.au%2Fproductimages%2F9%2F9009795.jpg&w=640&q=90
Babylove Nappy Pants Size 4 (9-14kg) | 28 Pack,$20.00$0.71/ 1ea,https://www.coles.com.au/_next/image?url=https%3A%2F%2Fcdn.productimages.coles.com.au%2Fproductimages%2F1%2F1007107.jpg&w=640&q=90
Little Bellies Baby Puffs Carrot | 12g,$2.15$17.92/ 100g,https://www.coles.com.au/_next/image?url=https%3A%2F%2Fcdn.productimages.coles.com.au%2Fproductimages%2F3%2F3018374.jpg&w=640&q=90
Rascals Premium Nappy Pants Size 5 (13-18kg) | 26 Pack,$17.50$0.67/ 1ea,https://www.coles.com.au/_next/image?url=https%3A%2F%2Fcdn.productimages.coles.com.au%2Fproductimages%2F3%2F3445932.jpg&w=640&q=90
CUB Apple- Banana & Pear Baby Food Pouch 6+ Months | 120g,$1.00$0.83/ 100g,https://www.coles.com.au/_next/image?url=https%3A%2F%2Fcdn.productimages.coles.com.au%2Fproductimages%2F1%2F1719050.jpg&w=640&q=90
Only Organic Banana Berries & Yoghurt Brekkie Baby Food Pouch 8+  ... 120g,$1.80Save $0.50$1.50/ 100g | Was $2.30,https://www.coles.com.au/_next/image?url=https%3A%2F%2Fcdn.productimages.coles.com.au%2Fproductimages%2F2%2F2134358.jpg&w=640&q=90
Only Organic Pear Gold Kiwifruit & Oats Baby Food Pouch 8+ Months | 120g,$1.80Save $0.50$1.50/ 100g | Was $2.30,https://www.coles.com.au/_next/image?url=https%3A%2F%2Fcdn.productimages.coles.com.au%2Fproductimages%2F5%2F5044069.jpg&w=640&q=90
Only Organic 8 Months+ Banana & Mango Corn Sticks | 15g,$2.00Save $0.50$13.33/ 100g | Was $2.50,https://www.coles.com.au/_next/image?url=https%3A%2F%2Fcdn.productimages.coles.com.au%2Fproductimages%2F8%2F8409164.jpg&w=640&q=90
Rascals Premium Nappies Size 4 (10-15kg) | 36 Pack,$17.50$0.49/ 1ea,https://www.coles.com.au/_next/image?url=https%3A%2F%2Fcdn.productimages.coles.com.au%2Fproductimages%2F3%2F3301127.jpg&w=640&q=90
Only Organic Yoghurt Rice Cakes 1 Year+ | 60g,$4.50Save $0.50$7.50/ 100g | Was $5.00,https://www.coles.com.au/_next/image?url=https%3A%2F%2Fcdn.productimages.coles.com.au%2Fproductimages%2F8%2F8410287.jpg&w=640&q=90
CUB Apple Pear & Berries Baby Food Pouch 4+ Months | 120g,$1.00$0.83/ 100g,https://www.coles.com.au/_next/image?url=https%3A%2F%2Fcdn.productimages.coles.com.au%2Fproductimages%2F1%2F1719028.jpg&w=640&q=90
Rafferty's Garden Apple Pear & Cinnamon And Nothing Else Baby F ... 120g,$1.90Save $0.40$1.58/ 100g | Was $2.30,https://www.coles.com.au/_next/image?url=https%3A%2F%2Fcdn.productimages.coles.com.au%2Fproductimages%2F6%2F6027189.jpg&w=640&q=90
Rascals Premium Nappy Pants Size 6 (15-20kg) | 24 Pack,$17.50$0.73/ 1ea,https://www.coles.com.au/_next/image?url=https%3A%2F%2Fcdn.productimages.coles.com.au%2Fproductimages%2F3%2F3445954.jpg&w=640&q=90
OC Naturals Kids 3 In 1 Fruit Blast | 400mL,$4.00$1.00/ 100mL,https://www.coles.com.au/_next/image?url=https%3A%2F%2Fcdn.productimages.coles.com.au%2Fproductimages%2F7%2F7210373.jpg&w=640&q=90
Only Organic Apple Blueberry Blackberry Oat Prebiotics 8+ Months | 120g,$1.80Save $0.50$1.50/ 100g | Was $2.30,https://www.coles.com.au/_next/image?url=https%3A%2F%2Fcdn.productimages.coles.com.au%2Fproductimages%2F4%2F4163051.jpg&w=640&q=90
Rafferty's Garden Banana Pear & Mango Porridge Baby Food Pouch 6+  ... 120g,$1.90Save $0.40$1.58/ 100g | Was $2.30,https://www.coles.com.au/_next/image?url=https%3A%2F%2Fcdn.productimages.coles.com.au%2Fproductimages%2F3%2F3609789.jpg&w=640&q=90
Nestle Nan Comfort Newborn Formula Stage 1 Suitable From Birth | 800g,$21.00$2.63/ 100g,https://www.coles.com.au/_next/image?url=https%3A%2F%2Fcdn.productimages.coles.com.au%2Fproductimages%2F4%2F4162398.jpg&w=640&q=90
Aptamil Gold+ 2 Baby Follow- On Formula From 6-12 Months | 900g,$30.00$3.33/ 100g,https://www.coles.com.au/_next/image?url=https%3A%2F%2Fcdn.productimages.coles.com.au%2Fproductimages%2F8%2F8900989.jpg&w=640&q=90
CUB Apple Banana & Mango Porridge Baby Food Pouch 6+ Months | 120g,$1.00$0.83/ 100g,https://www.coles.com.au/_next/image?url=https%3A%2F%2Fcdn.productimages.coles.com.au%2Fproductimages%2F1%2F1719844.jpg&w=640&q=90
Rafferty's Garden Pear & Apricot Puree And Nothing Else Baby Food Pou ... 120g,$1.90Save $0.40$1.58/ 100g | Was $2.30,https://www.coles.com.au/_next/image?url=https%3A%2F%2Fcdn.productimages.coles.com.au%2Fproductimages%2F7%2F7572126.jpg&w=640&q=90
Koja Minis Oat Bars Mixed Berry | 120g,$6.50$5.42/ 100g,https://www.coles.com.au/_next/image?url=https%3A%2F%2Fcdn.productimages.coles.com.au%2Fproductimages%2F1%2F1819770.jpg&w=640&q=90
Rafferty's Garden Banana Mini Yoghurt Drops 10m+ | 8g,$2.50Save $0.50$31.25/ 100g | Was $3.00,https://www.coles.com.au/_next/image?url=https%3A%2F%2Fcdn.productimages.coles.com.au%2Fproductimages%2F3%2F3766357.jpg&w=640&q=90
Only Organic Banana Biscotti | 100g,$4.00Save $1.00$4.00/ 100g | Was $5.00,https://www.coles.com.au/_next/image?url=https%3A%2F%2Fcdn.productimages.coles.com.au%2Fproductimages%2F3%2F3288845.jpg&w=640&q=90
Rafferty's Garden Pumpkin Apple & Sweetcorn and Nothing Else Baby F ... 120g,$1.90Save $0.40$1.58/ 100g | Was $2.30,https://www.coles.com.au/_next/image?url=https%3A%2F%2Fcdn.productimages.coles.com.au%2Fproductimages%2F6%2F6027087.jpg&w=640&q=90
Huggies Ultra Dry Nappies Girls Size 6 (16kg+) | 30 Pack,$12.00Save $12.00$0.40/ 1ea | Was $24.00,https://www.coles.com.au/_next/image?url=https%3A%2F%2Fcdn.productimages.coles.com.au%2Fproductimages%2F9%2F9636106.jpg&w=640&q=90
DryNites Night Time Pants For Girls 4-7 Years (17-30kg) | 9 Pack,$12.00$1.33/ 1ea,https://www.coles.com.au/_next/image?url=https%3A%2F%2Fcdn.productimages.coles.com.au%2Fproductimages%2F5%2F5063813.jpg&w=640&q=90
Rafferty's Garden Pear Puree and Nothing Else Baby Food Pouch 4+  ... 120g,$1.90Save $0.40$1.58/ 100g | Was $2.30,https://www.coles.com.au/_next/image?url=https%3A%2F%2Fcdn.productimages.coles.com.au%2Fproductimages%2F3%2F3018830.jpg&w=640&q=90
Huggies Gentle Cleanse Baby Wipes Fragrance Free | 240 Pack,$7.25Save $7.25$3.02/ 100ea | Was $14.50,https://www.coles.com.au/_next/image?url=https%3A%2F%2Fcdn.productimages.coles.com.au%2Fproductimages%2F9%2F9522049.jpg&w=640&q=90
Little Bellies Organic Banana Date & Oat Bars | 85g,$4.90$5.76/ 100g,https://www.coles.com.au/_next/image?url=https%3A%2F%2Fcdn.productimages.coles.com.au%2Fproductimages%2F5%2F5023546.jpg&w=640&q=90
Baby Mum Mum Strawberry & Beet First Rice Rusks | 36g,$3.85$10.69/ 100g,https://www.coles.com.au/_next/image?url=https%3A%2F%2Fcdn.productimages.coles.com.au%2Fproductimages%2F1%2F1383062.jpg&w=640&q=90
Rascals Premium Nappies Size 5 (13-18kg) | 32 Pack,$17.50$0.55/ 1ea,https://www.coles.com.au/_next/image?url=https%3A%2F%2Fcdn.productimages.coles.com.au%2Fproductimages%2F3%2F3301116.jpg&w=640&q=90
Rafferty's Garden Blueberry Banana & Pear Yoghurt Brekkie Baby Food  ... 120g,$1.90Save $0.40$1.58/ 100g | Was $2.30,https://www.coles.com.au/_next/image?url=https%3A%2F%2Fcdn.productimages.coles.com.au%2Fproductimages%2F5%2F5046600.jpg&w=640&q=90
Rascals Premium Nappies Size 2 (4-8kg) | 48 Pack,$17.50$0.36/ 1ea,https://www.coles.com.au/_next/image?url=https%3A%2F%2Fcdn.productimages.coles.com.au%2Fproductimages%2F3%2F3301149.jpg&w=640&q=90
Rascals Premium Nappies Size 4 (10-15kg) | 36 Pack,$17.50$0.49/ 1ea,https://www.coles.com.au/_next/image?url=https%3A%2F%2Fcdn.productimages.coles.com.au%2Fproductimages%2F3%2F3301127.jpg&w=640&q=90
Rascals Premium Nappies Size 4 (10-15kg) | 72 Pack,$31.00$0.43/ 1ea,https://www.coles.com.au/_next/image?url=https%3A%2F%2Fcdn.productimages.coles.com.au%2Fproductimages%2F3%2F3597384.jpg&w=640&q=90
Alula Gentle Newborn 0-6 Months Infant Formula | 900g,$19.00$2.11/ 100g,https://www.coles.com.au/_next/image?url=https%3A%2F%2Fcdn.productimages.coles.com.au%2Fproductimages%2F3%2F3025824.jpg&w=640&q=90
Rascals Premium Nappy Pants Size 5 (13-18kg) | 26 Pack,$17.50$0.67/ 1ea,https://www.coles.com.au/_next/image?url=https%3A%2F%2Fcdn.productimages.coles.com.au%2Fproductimages%2F3%2F3445932.jpg&w=640&q=90
Ease A Cold Kids Cold And Flu Chewable Tablets | 24 Pack,$15.50$0.65/ 1ea,https://www.coles.com.au/_next/image?url=https%3A%2F%2Fcdn.productimages.coles.com.au%2Fproductimages%2F5%2F5725485.jpg&w=640&q=90
Cetaphil Baby Daily Lotion With Shea Butter | 400mL,$11.00Save $4.80$2.75/ 100mL | Was $15.80,https://www.coles.com.au/_next/image?url=https%3A%2F%2Fcdn.productimages.coles.com.au%2Fproductimages%2F2%2F2459261.jpg&w=640&q=90
Rascals Premium Nappy Pants Size 6 (15-20kg) | 46 Pack,$31.00$0.67/ 1ea,https://www.coles.com.au/_next/image?url=https%3A%2F%2Fcdn.productimages.coles.com.au%2Fproductimages%2F3%2F3613902.jpg&w=640&q=90
Rascals Premium Nappies Size 3 (6-11kg) | 88 Pack,$31.00$0.35/ 1ea,https://www.coles.com.au/_next/image?url=https%3A%2F%2Fcdn.productimages.coles.com.au%2Fproductimages%2F5%2F5487693.jpg&w=640&q=90
Rascals Premium Nappy Pants Size 5 (13-18kg) | 50 Pack,$31.00$0.62/ 1ea,https://www.coles.com.au/_next/image?url=https%3A%2F%2Fcdn.productimages.coles.com.au%2Fproductimages%2F3%2F3613899.jpg&w=640&q=90
OC Naturals Kids 3 In 1 Berry Bliss | 400mL,$4.00$1.00/ 100mL,https://www.coles.com.au/_next/image?url=https%3A%2F%2Fcdn.productimages.coles.com.au%2Fproductimages%2F7%2F7210351.jpg&w=640&q=90
Only Organic Kindy Banana & Raisin Oat Bars | 120g,$5.50$4.58/ 100g,https://www.coles.com.au/_next/image?url=https%3A%2F%2Fcdn.productimages.coles.com.au%2Fproductimages%2F6%2F6295440.jpg&w=640&q=90
Only Organic Banana Blueberry & Quinoa | 120g,$1.80Save $0.50$1.50/ 100g | Was $2.30,https://www.coles.com.au/_next/image?url=https%3A%2F%2Fcdn.productimages.coles.com.au%2Fproductimages%2F2%2F2134289.jpg&w=640&q=90
CUB Apple Pear Banana & Peach Baby Food Pouch 4+ Months | 120g,$1.00$0.83/ 100g,https://www.coles.com.au/_next/image?url=https%3A%2F%2Fcdn.productimages.coles.com.au%2Fproductimages%2F1%2F1719163.jpg&w=640&q=90
Snacktacular Teething Rusks Original | 100g,$5.00$5.00/ 100g,https://www.coles.com.au/_next/image?url=https%3A%2F%2Fcdn.productimages.coles.com.au%2Fproductimages%2F1%2F1815076.jpg&w=640&q=90
Only Organic Apple Coconut And Flaxseed Biscuit With Prebiot ... 100g,$4.00Save $1.00$4.00/ 100g | Was $5.00,https://www.coles.com.au/_next/image?url=https%3A%2F%2Fcdn.productimages.coles.com.au%2Fproductimages%2F4%2F4162999.jpg&w=640&q=90
Rascals Premium Nappy Pants Size 7 (17+kg) | 22 Pack,$17.50$0.80/ 1ea,https://www.coles.com.au/_next/image?url=https%3A%2F%2Fcdn.productimages.coles.com.au%2Fproductimages%2F6%2F6398737.jpg&w=640&q=90
Only Organic Mango & Yoghurt Brekkie Baby Food Pouch 8+ Months | 120g,$1.80Save $0.50$1.50/ 100g | Was $2.30,https://www.coles.com.au/_next/image?url=https%3A%2F%2Fcdn.productimages.coles.com.au%2Fproductimages%2F2%2F2134336.jpg&w=640&q=90
Rafferty's Garden Apple Pear & Cinnamon Porridge Baby Food Pouch 6+  ... 120g,$1.90Save $0.40$1.58/ 100g | Was $2.30,https://www.coles.com.au/_next/image?url=https%3A%2F%2Fcdn.productimages.coles.com.au%2Fproductimages%2F3%2F3609803.jpg&w=640&q=90
Only Organic Blueberry Apple Rice Cakes 8 Months+ | 35g,$3.00Save $1.00$8.57/ 100g | Was $4.00,https://www.coles.com.au/_next/image?url=https%3A%2F%2Fcdn.productimages.coles.com.au%2Fproductimages%2F8%2F8410083.jpg&w=640&q=90
Rascals Premium Nappies Size 3 (6-11kg) | 44 Pack,$17.50$0.40/ 1ea,https://www.coles.com.au/_next/image?url=https%3A%2F%2Fcdn.productimages.coles.com.au%2Fproductimages%2F3%2F3301138.jpg&w=640&q=90
Kiddylicious Raspberry Crispie Tiddlers 12+ Months | 12g,$1.75Save $0.45$14.58/ 100g | Was $2.20,https://www.coles.com.au/_next/image?url=https%3A%2F%2Fcdn.productimages.coles.com.au%2Fproductimages%2F2%2F2364948.jpg&w=640&q=90
Mum-mum Organic Strawberry Rice Biscuits | 40g,$2.85$7.13/ 100g,https://www.coles.com.au/_next/image?url=https%3A%2F%2Fcdn.productimages.coles.com.au%2Fproductimages%2F8%2F8423085.jpg&w=640&q=90
Heinz Apple Puree Baby Food Jar 4+ Months | 110g,$1.20$1.09/ 100g,https://www.coles.com.au/_next/image?url=https%3A%2F%2Fcdn.productimages.coles.com.au%2Fproductimages%2F1%2F114779.jpg&w=640&q=90
Heinz Apple Blueberry & Strawberry Baby Food 8+ Months | 120g,$1.60$1.33/ 100g,https://www.coles.com.au/_next/image?url=https%3A%2F%2Fcdn.productimages.coles.com.au%2Fproductimages%2F2%2F2011100.jpg&w=640&q=90
Only Organic Pear & Cinnamon Oat Biscuits 10 Months+ | 100g,$4.00Save $1.00$4.00/ 100g | Was $5.00,https://www.coles.com.au/_next/image?url=https%3A%2F%2Fcdn.productimages.coles.com.au%2Fproductimages%2F8%2F8409131.jpg&w=640&q=90
Nestle NAN Comfort 2 Follow-On Baby Formula From 6-12 Months | 800g,$21.00$2.63/ 100g,https://www.coles.com.au/_next/image?url=https%3A%2F%2Fcdn.productimages.coles.com.au%2Fproductimages%2F4%2F4162536.jpg&w=640&q=90
Thankyou Thick & Soft Baby Wipes | 240 Pack,$14.00$5.83/ 100ea,https://www.coles.com.au/_next/image?url=https%3A%2F%2Fcdn.productimages.coles.com.au%2Fproductimages%2F7%2F7060656.jpg&w=640&q=90
CUB Nappies Unisex Crawler Size 3 (6-11kg) | 56 Pack,$11.50$0.21/ 1ea,https://www.coles.com.au/_next/image?url=https%3A%2F%2Fcdn.productimages.coles.com.au%2Fproductimages%2F3%2F3720775.jpg&w=640&q=90
Rafferty's Garden Spinach Apple Broccoli & Pea And Nothing Else Baby F ... 120g,$1.90Save $0.40$1.58/ 100g | Was $2.30,https://www.coles.com.au/_next/image?url=https%3A%2F%2Fcdn.productimages.coles.com.au%2Fproductimages%2F6%2F6027076.jpg&w=640&q=90
Little Bellies Organic Sweet Potato Pick-up Sticks 7+ Months | 16g,$3.50$21.88/ 100g,https://www.coles.com.au/_next/image?url=https%3A%2F%2Fcdn.productimages.coles.com.au%2Fproductimages%2F3%2F3767473.jpg&w=640&q=90
Heinz Smoothie Pear Berry & Oat + Greek Style Yoghurt Baby Food Pouch 8+  ... 120g,$1.60$1.33/ 100g,https://www.coles.com.au/_next/image?url=https%3A%2F%2Fcdn.productimages.coles.com.au%2Fproductimages%2F3%2F3511968.jpg&w=640&q=90
CUB Biodegradable Fragrance Free Baby Wipes | 20 Pack,$1.50$7.50/ 100ea,https://www.coles.com.au/_next/image?url=https%3A%2F%2Fcdn.productimages.coles.com.au%2Fproductimages%2F6%2F6579640.jpg&w=640&q=90
Heinz Apple Strawberry & Passionfruit Baby Food Pouch 8+ Months | 120g,$1.60$1.33/ 100g,https://www.coles.com.au/_next/image?url=https%3A%2F%2Fcdn.productimages.coles.com.au%2Fproductimages%2F2%2F2366681.jpg&w=640&q=90
Rafferty's Garden Chocolate Custard 6 Months | 120g,$1.90Save $0.40$1.58/ 100g | Was $2.30,https://www.coles.com.au/_next/image?url=https%3A%2F%2Fcdn.productimages.coles.com.au%2Fproductimages%2F6%2F6957420.jpg&w=640&q=90
Only Organic Banana Raspberry & Vanilla Baby Food Pouch 8+ Mont ... 120g,$1.80Save $0.50$1.50/ 100g | Was $2.30,https://www.coles.com.au/_next/image?url=https%3A%2F%2Fcdn.productimages.coles.com.au%2Fproductimages%2F7%2F7761129.jpg&w=640&q=90
Huggies Gentle Cleanse Baby Wipes Fragrance Free | 400 Pack,$19.00$4.75/ 100ea,https://www.coles.com.au/_next/image?url=https%3A%2F%2Fcdn.productimages.coles.com.au%2Fproductimages%2F3%2F3454933.jpg&w=640&q=90
Huggies Skin Protect Newborn Nappies Size 2 | 96 Pack,$40.00$0.42/ 1ea,https://www.coles.com.au/_next/image?url=https%3A%2F%2Fcdn.productimages.coles.com.au%2Fproductimages%2F3%2F3114709.jpg&w=640&q=90
CUB Chicken Veggies & Brown Rice Baby Food Pouch 6+ Months | 120g,$1.00$0.83/ 100g,https://www.coles.com.au/_next/image?url=https%3A%2F%2Fcdn.productimages.coles.com.au%2Fproductimages%2F1%2F1719039.jpg&w=640&q=90
Only Organic 10 Months+ Strawberry Vanilla & Spelt Biscuits | 100g,$4.00Save $1.00$4.00/ 100g | Was $5.00,https://www.coles.com.au/_next/image?url=https%3A%2F%2Fcdn.productimages.coles.com.au%2Fproductimages%2F8%2F8409110.jpg&w=640&q=90
Only Organic Strawberry Yoghurt Rice Cakes 1 Years+ | 60g,$4.50Save $0.50$7.50/ 100g | Was $5.00,https://www.coles.com.au/_next/image?url=https%3A%2F%2Fcdn.productimages.coles.com.au%2Fproductimages%2F8%2F8410403.jpg&w=640&q=90
Sudocrem Healing Cream | 125g,$15.45$12.36/ 100g,https://www.coles.com.au/_next/image?url=https%3A%2F%2Fcdn.productimages.coles.com.au%2Fproductimages%2F8%2F8837317.jpg&w=640&q=90
Bellamy's Organic Apple Baby Snacks | 20g,$3.40$17.00/ 100g,https://www.coles.com.au/_next/image?url=https%3A%2F%2Fcdn.productimages.coles.com.au%2Fproductimages%2F6%2F6487735.jpg&w=640&q=90
Rafferty's Garden Banana Snack Bars 12+ Months | 128g,$4.50Save $1.00$3.52/ 100g | Was $5.50,https://www.coles.com.au/_next/image?url=https%3A%2F%2Fcdn.productimages.coles.com.au%2Fproductimages%2F7%2F7572239.jpg&w=640&q=90
Only Organic Chicken Sweetcorn & Brown Rice Baby Food Pouch 6+  ... 120g,$1.80Save $0.50$1.50/ 100g | Was $2.30,https://www.coles.com.au/_next/image?url=https%3A%2F%2Fcdn.productimages.coles.com.au%2Fproductimages%2F5%2F5033845.jpg&w=640&q=90
Only Organic Beef Bolognese Pasta 1-5 Years | 220g,$3.45Save $0.40$1.57/ 100g | Was $3.85,https://www.coles.com.au/_next/image?url=https%3A%2F%2Fcdn.productimages.coles.com.au%2Fproductimages%2F2%2F2134325.jpg&w=640&q=90
Bunjie Probiotic Baby Wipes | 80 Pack,$4.90Save $2.10$6.13/ 100ea | Was $7.00,https://www.coles.com.au/_next/image?url=https%3A%2F%2Fcdn.productimages.coles.com.au%2Fproductimages%2F5%2F5356935.jpg&w=640&q=90
CUB Nappy Pants Junior Size 6 (15-25kg) | 21 Pack,$10.00$0.48/ 1ea,https://www.coles.com.au/_next/image?url=https%3A%2F%2Fcdn.productimages.coles.com.au%2Fproductimages%2F3%2F3720899.jpg&w=640&q=90
Heinz Smoothie Banana Pear & Oat + Greek Style Yoghurt Pouch 8+ M ... 120g,$1.60$1.33/ 100g,https://www.coles.com.au/_next/image?url=https%3A%2F%2Fcdn.productimages.coles.com.au%2Fproductimages%2F3%2F3511980.jpg&w=640&q=90
Only Organic Coconut Banana & Acai Smoothie | 100g,$2.50Save $0.35$2.50/ 100g | Was $2.85,https://www.coles.com.au/_next/image?url=https%3A%2F%2Fcdn.productimages.coles.com.au%2Fproductimages%2F2%2F2134256.jpg&w=640&q=90
CUB Pumpkin Sweetcorn & Carrot Baby Food Pouch 6+ Months | 120g,$1.00$0.83/ 100g,https://www.coles.com.au/_next/image?url=https%3A%2F%2Fcdn.productimages.coles.com.au%2Fproductimages%2F1%2F1719174.jpg&w=640&q=90
Raffertys Garden Mango & Vanilla No Added Sugar Yoghurt Brekkie 8 M ... 120g,$1.90Save $0.40$1.58/ 100g | Was $2.30,https://www.coles.com.au/_next/image?url=https%3A%2F%2Fcdn.productimages.coles.com.au%2Fproductimages%2F8%2F8405651.jpg&w=640&q=90
Rafferty's Garden Vanilla Custard 6 Months | 120g,$1.90Save $0.40$1.58/ 100g | Was $2.30,https://www.coles.com.au/_next/image?url=https%3A%2F%2Fcdn.productimages.coles.com.au%2Fproductimages%2F8%2F8971943.jpg&w=640&q=90
Only Organic Mango Banana Passion Coconut Flexseed With Prebi ... 100g,$2.50Save $0.35$2.50/ 100g | Was $2.85,https://www.coles.com.au/_next/image?url=https%3A%2F%2Fcdn.productimages.coles.com.au%2Fproductimages%2F4%2F4162922.jpg&w=640&q=90
Heinz Strawberry Vanilla Custard Pouch 8+ Months | 120g,$1.60$1.33/ 100g,https://www.coles.com.au/_next/image?url=https%3A%2F%2Fcdn.productimages.coles.com.au%2Fproductimages%2F2%2F2011121.jpg&w=640&q=90
Little Bellies Organic Banana Pick-up Sticks 7+ Months | 16g,$3.50$21.88/ 100g,https://www.coles.com.au/_next/image?url=https%3A%2F%2Fcdn.productimages.coles.com.au%2Fproductimages%2F4%2F4163470.jpg&w=640&q=90
Rafferty's Garden Blueberry Banana & Pear Yoghurt Brekkie Baby Food  ... 120g,$1.90Save $0.40$1.58/ 100g | Was $2.30,https://www.coles.com.au/_next/image?url=https%3A%2F%2Fcdn.productimages.coles.com.au%2Fproductimages%2F5%2F5046600.jpg&w=640&q=90
Ease A Cold Kids Cough Cold & Flu Liquid | 180mL,$20.00$11.11/ 100mL,https://www.coles.com.au/_next/image?url=https%3A%2F%2Fcdn.productimages.coles.com.au%2Fproductimages%2F6%2F6134804.jpg&w=640&q=90
Rascals Premium Nappy Pants Size 7 (17+kg) | 22 Pack,$17.50$0.80/ 1ea,https://www.coles.com.au/_next/image?url=https%3A%2F%2Fcdn.productimages.coles.com.au%2Fproductimages%2F6%2F6398737.jpg&w=640&q=90
Rascals Premium Nappies Size 5 (13-18kg) | 32 Pack,$17.50$0.55/ 1ea,https://www.coles.com.au/_next/image?url=https%3A%2F%2Fcdn.productimages.coles.com.au%2Fproductimages%2F3%2F3301116.jpg&w=640&q=90
Subo Food Bottle Duck Egg 210ml | 1 each,$35.00$35.00/ 1ea,https://www.coles.com.au/_next/image?url=https%3A%2F%2Fcdn.productimages.coles.com.au%2Fproductimages%2F7%2F7069956.jpg&w=640&q=90
Rascals Premium Nappy Pants Size 4 (10-15kg) | 56 Pack,$31.00$0.55/ 1ea,https://www.coles.com.au/_next/image?url=https%3A%2F%2Fcdn.productimages.coles.com.au%2Fproductimages%2F3%2F3613877.jpg&w=640&q=90
Infacol Wind Drops | 50mL,$20.00$40.00/ 100mL,https://www.coles.com.au/_next/image?url=https%3A%2F%2Fcdn.productimages.coles.com.au%2Fproductimages%2F3%2F3506902.jpg&w=640&q=90
Raffertys Garden Strawberry & Chia Pressed Bars 1-3 Years | 90g,$5.50$6.11/ 100g,https://www.coles.com.au/_next/image?url=https%3A%2F%2Fcdn.productimages.coles.com.au%2Fproductimages%2F8%2F8403769.jpg&w=640&q=90
Tommee Tippee Ultralight Soother 0-6m | 2 Pack,$15.00$7.50/ 1ea,https://www.coles.com.au/_next/image?url=https%3A%2F%2Fcdn.productimages.coles.com.au%2Fproductimages%2F1%2F1143987.jpg&w=640&q=90
B.box Sippy Cup 240ml 6+ Months | 1 Each,$16.50$16.50/ 1ea,https://www.coles.com.au/_next/image?url=https%3A%2F%2Fcdn.productimages.coles.com.au%2Fproductimages%2F3%2F3510207.jpg&w=640&q=90
WaterWipes Baby & Newborn Sensitive Wipes | 60 Pack,$8.50$14.17/ 100ea,https://www.coles.com.au/_next/image?url=https%3A%2F%2Fcdn.productimages.coles.com.au%2Fproductimages%2F1%2F1499307.jpg&w=640&q=90
Kiddylicious Veggie Straws Cheesy Flavour | 12g,$1.75Save $0.45$14.58/ 100g | Was $2.20,https://www.coles.com.au/_next/image?url=https%3A%2F%2Fcdn.productimages.coles.com.au%2Fproductimages%2F3%2F3018884.jpg&w=640&q=90
Rafferty's Garden Summer Fruits & Quinoa Baby Food Prebiotics Pouch 6+  ... 120g,$1.90Save $0.40$1.58/ 100g | Was $2.30,https://www.coles.com.au/_next/image?url=https%3A%2F%2Fcdn.productimages.coles.com.au%2Fproductimages%2F3%2F3766459.jpg&w=640&q=90
Only Organic 8 Months+ Blueberry & Strawberry Corn Sticks | 15g,$2.00Save $0.50$13.33/ 100g | Was $2.50,https://www.coles.com.au/_next/image?url=https%3A%2F%2Fcdn.productimages.coles.com.au%2Fproductimages%2F8%2F8409142.jpg&w=640&q=90
Only Organic Pumpkin Potato & Beef Baby Food 8+ Months | 170g,$2.25Save $0.90$1.32/ 100g | Was $3.15,https://www.coles.com.au/_next/image?url=https%3A%2F%2Fcdn.productimages.coles.com.au%2Fproductimages%2F3%2F3288787.jpg&w=640&q=90
Only Organic Banana Mixed Berry Coconut Chia | 100g,$2.50Save $0.35$2.50/ 100g | Was $2.85,https://www.coles.com.au/_next/image?url=https%3A%2F%2Fcdn.productimages.coles.com.au%2Fproductimages%2F3%2F3772473.jpg&w=640&q=90
CUB Apple Pea Broccoli Pear & Spinach Baby Food Pouch 6+ Months | 120g,$1.00$0.83/ 100g,https://www.coles.com.au/_next/image?url=https%3A%2F%2Fcdn.productimages.coles.com.au%2Fproductimages%2F1%2F1719072.jpg&w=640&q=90
CUB Banana & Strawberry Custard Baby Food Pouch 6+ Months | 120g,$1.00$0.83/ 100g,https://www.coles.com.au/_next/image?url=https%3A%2F%2Fcdn.productimages.coles.com.au%2Fproductimages%2F1%2F1719855.jpg&w=640&q=90
CUB Baby Cotton Buds | 60 Pack,$2.70$4.50/ 100ea,https://www.coles.com.au/_next/image?url=https%3A%2F%2Fcdn.productimages.coles.com.au%2Fproductimages%2F3%2F3754187.jpg&w=640&q=90
Rascals Premium Nappies Size 6 (15-20kg) | 30 Pack,$17.50$0.58/ 1ea,https://www.coles.com.au/_next/image?url=https%3A%2F%2Fcdn.productimages.coles.com.au%2Fproductimages%2F3%2F3315019.jpg&w=640&q=90
Rafferty's Garden Chicken Vegetables & Rice Baby Food Protein Pouch  ... 120g,$1.90Save $0.40$1.58/ 100g | Was $2.30,https://www.coles.com.au/_next/image?url=https%3A%2F%2Fcdn.productimages.coles.com.au%2Fproductimages%2F3%2F3620249.jpg&w=640&q=90
DryNites Night Time Pants For Boys 8-15 Years (27-57kg) | 8 Pack,$12.00$1.50/ 1ea,https://www.coles.com.au/_next/image?url=https%3A%2F%2Fcdn.productimages.coles.com.au%2Fproductimages%2F5%2F5064033.jpg&w=640&q=90
Huggies Nappy Pants Size 5 Boy Jumbo | 54 Pack,$32.50$0.60/ 1ea,https://www.coles.com.au/_next/image?url=https%3A%2F%2Fcdn.productimages.coles.com.au%2Fproductimages%2F1%2F1055482.jpg&w=640&q=90
Only Organic Wild Rice Risotto & Spring Lamb 6+ Months | 120g,$1.80Save $0.50$1.50/ 100g | Was $2.30,https://www.coles.com.au/_next/image?url=https%3A%2F%2Fcdn.productimages.coles.com.au%2Fproductimages%2F8%2F8989086.jpg&w=640&q=90
Johnson's Baby Powder Pure Cornstarch | 400g,$8.00$2.00/ 100g,https://www.coles.com.au/_next/image?url=https%3A%2F%2Fcdn.productimages.coles.com.au%2Fproductimages%2F7%2F7061047.jpg&w=640&q=90
CUB Beef Veggies & Brown Rice Baby Food Pouch 6+ Months | 120g,$1.00$0.83/ 100g,https://www.coles.com.au/_next/image?url=https%3A%2F%2Fcdn.productimages.coles.com.au%2Fproductimages%2F1%2F1719061.jpg&w=640&q=90
Heinz Vanilla Custard Pouch 6+ Months | 120g,$1.60$1.33/ 100g,https://www.coles.com.au/_next/image?url=https%3A%2F%2Fcdn.productimages.coles.com.au%2Fproductimages%2F3%2F3025063.jpg&w=640&q=90
Little Bellies Organic Sweet Corn Round-a-bouts | 12g,$2.15$17.92/ 100g,https://www.coles.com.au/_next/image?url=https%3A%2F%2Fcdn.productimages.coles.com.au%2Fproductimages%2F2%2F2367367.jpg&w=640&q=90
Only Organic Snack Bandits Mango & Banana Snack Bars 6x22g | 132g,$5.50$4.17/ 100g,https://www.coles.com.au/_next/image?url=https%3A%2F%2Fcdn.productimages.coles.com.au%2Fproductimages%2F1%2F1819747.jpg&w=640&q=90
Heinz Banana Custard Pouch 6+ Months | 120g,$1.60$1.33/ 100g,https://www.coles.com.au/_next/image?url=https%3A%2F%2Fcdn.productimages.coles.com.au%2Fproductimages%2F7%2F7916098.jpg&w=640&q=90
Only Organic Bolognese Pasta 8 + Months | 170g,$2.25Save $0.90$1.32/ 100g | Was $3.15,https://www.coles.com.au/_next/image?url=https%3A%2F%2Fcdn.productimages.coles.com.au%2Fproductimages%2F6%2F6438172.jpg&w=640&q=90
Rafferty's Garden Beef Bolognese & Macaroni Mini Meal Baby Food Pou ... 170g,$2.80$1.65/ 100g,https://www.coles.com.au/_next/image?url=https%3A%2F%2Fcdn.productimages.coles.com.au%2Fproductimages%2F6%2F6026856.jpg&w=640&q=90
QV Baby Bath Oil | 500mL,$18.50$3.70/ 100mL,https://www.coles.com.au/_next/image?url=https%3A%2F%2Fcdn.productimages.coles.com.au%2Fproductimages%2F7%2F7062822.jpg&w=640&q=90
Only Organic Coconut Strawberry & Goji | 100g,$2.50Save $0.35$2.50/ 100g | Was $2.85,https://www.coles.com.au/_next/image?url=https%3A%2F%2Fcdn.productimages.coles.com.au%2Fproductimages%2F3%2F3018556.jpg&w=640&q=90
Only Organic Free Range Chicken Mango & Coconut Rice 10+ Months | 170g,$2.25Save $0.90$1.32/ 100g | Was $3.15,https://www.coles.com.au/_next/image?url=https%3A%2F%2Fcdn.productimages.coles.com.au%2Fproductimages%2F3%2F3288834.jpg&w=640&q=90
Rafferty's Garden Beef & Hearty Vegetable Lasagne Mini Meal Baby Foo ... 170g,$2.80$1.65/ 100g,https://www.coles.com.au/_next/image?url=https%3A%2F%2Fcdn.productimages.coles.com.au%2Fproductimages%2F7%2F7730624.jpg&w=640&q=90
Kiddylicious Coconut Rolls 8x6.8g | 54.4g,$6.30$11.58/ 100g,https://www.coles.com.au/_next/image?url=https%3A%2F%2Fcdn.productimages.coles.com.au%2Fproductimages%2F3%2F3018910.jpg&w=640&q=90
CUB Nappy Pants Size 4 Jumbo (10-15kg) | 50 Pack,$17.00$0.34/ 1ea,https://www.coles.com.au/_next/image?url=https%3A%2F%2Fcdn.productimages.coles.com.au%2Fproductimages%2F3%2F3720913.jpg&w=640&q=90
Huggies Nappy Pants Size 6 Boy Jumbo | 48 Pack,$32.50$0.68/ 1ea,https://www.coles.com.au/_next/image?url=https%3A%2F%2Fcdn.productimages.coles.com.au%2Fproductimages%2F1%2F1055507.jpg&w=640&q=90
Little Bellies Organic Blueberry Puffs 7+ Months | 12g,$2.15$17.92/ 100g,https://www.coles.com.au/_next/image?url=https%3A%2F%2Fcdn.productimages.coles.com.au%2Fproductimages%2F3%2F3501691.jpg&w=640&q=90
Huggies Extra Large Wipes | 70 Pack,$5.50$7.86/ 100ea,https://www.coles.com.au/_next/image?url=https%3A%2F%2Fcdn.productimages.coles.com.au%2Fproductimages%2F8%2F8017970.jpg&w=640&q=90
DryNites Night Time Pants For Boys 2-4 Years (13-20kg) | 10 Pack,$12.00$1.20/ 1ea,https://www.coles.com.au/_next/image?url=https%3A%2F%2Fcdn.productimages.coles.com.au%2Fproductimages%2F5%2F5063074.jpg&w=640&q=90
Rascals Premium Nappy Pants Size 4 (10-15kg) | 29 Pack,$17.50$0.60/ 1ea,https://www.coles.com.au/_next/image?url=https%3A%2F%2Fcdn.productimages.coles.com.au%2Fproductimages%2F3%2F3445943.jpg&w=640&q=90
Huggies Jumbo Nappy Pants Size 5 Girl | 54 Pack,$32.50$0.60/ 1ea,https://www.coles.com.au/_next/image?url=https%3A%2F%2Fcdn.productimages.coles.com.au%2Fproductimages%2F1%2F1055493.jpg&w=640&q=90
Rafferty's Garden Nurture Immunity Blueberry Star Puffs 12m+ | 12g,$2.20$18.33/ 100g,https://www.coles.com.au/_next/image?url=https%3A%2F%2Fcdn.productimages.coles.com.au%2Fproductimages%2F1%2F1115198.jpg&w=640&q=90
Milton Baby Bottle Cleaner | 500mL,$7.00$1.40/ 100mL,https://www.coles.com.au/_next/image?url=https%3A%2F%2Fcdn.productimages.coles.com.au%2Fproductimages%2F3%2F3839530.jpg&w=640&q=90
CUB Banana & Blueberry Custard Baby Food Pouch 6+ Months | 120g,$1.00$0.83/ 100g,https://www.coles.com.au/_next/image?url=https%3A%2F%2Fcdn.productimages.coles.com.au%2Fproductimages%2F1%2F1719866.jpg&w=640&q=90
Rafferty's Garden Rice Cereal Pear Banana & Milk No Added Sugar Ba ... 120g,$1.90Save $0.40$1.58/ 100g | Was $2.30,https://www.coles.com.au/_next/image?url=https%3A%2F%2Fcdn.productimages.coles.com.au%2Fproductimages%2F7%2F7730840.jpg&w=640&q=90
Rafferty's Garden Brown Rice Bean & Pumpkin Baby Food Pouch 8+ Mont ... 120g,$1.90Save $0.40$1.58/ 100g | Was $2.30,https://www.coles.com.au/_next/image?url=https%3A%2F%2Fcdn.productimages.coles.com.au%2Fproductimages%2F3%2F3620330.jpg&w=640&q=90
Rafferty's Garden Banana & Mango No Added Sugar Custard 6+ Months | 120g,$1.90Save $0.40$1.58/ 100g | Was $2.30,https://www.coles.com.au/_next/image?url=https%3A%2F%2Fcdn.productimages.coles.com.au%2Fproductimages%2F4%2F4159145.jpg&w=640&q=90
QV Baby Gentle Wash | 500g,$20.50$4.10/ 100g,https://www.coles.com.au/_next/image?url=https%3A%2F%2Fcdn.productimages.coles.com.au%2Fproductimages%2F7%2F7062866.jpg&w=640&q=90
Aptamil Gold+ 3 Toddler Nutritional Supplement From 1 Year | 900g,$29.15$3.24/ 100g,https://www.coles.com.au/_next/image?url=https%3A%2F%2Fcdn.productimages.coles.com.au%2Fproductimages%2F9%2F9708670.jpg&w=640&q=90
Heinz Beef Bolognese & Vegetables Baby Food Pouch 6+ Months | 120g,$1.60$1.33/ 100g,https://www.coles.com.au/_next/image?url=https%3A%2F%2Fcdn.productimages.coles.com.au%2Fproductimages%2F6%2F6295574.jpg&w=640&q=90
Only Organic Carrot Apple Rice Cakes 8 Months+ | 35g,$3.00Save $1.00$8.57/ 100g | Was $4.00,https://www.coles.com.au/_next/image?url=https%3A%2F%2Fcdn.productimages.coles.com.au%2Fproductimages%2F8%2F8409991.jpg&w=640&q=90
Little Bellies Organic Apricot Date & Oat Bars | 85g,$4.90$5.76/ 100g,https://www.coles.com.au/_next/image?url=https%3A%2F%2Fcdn.productimages.coles.com.au%2Fproductimages%2F5%2F5023580.jpg&w=640&q=90
Huggies Little Sleepers Overnight Nappies Size 4 | 26 Pack,$13.00Save $9.00$0.50/ 1ea | Was $22.00,https://www.coles.com.au/_next/image?url=https%3A%2F%2Fcdn.productimages.coles.com.au%2Fproductimages%2F9%2F9263494.jpg&w=640&q=90
Huggies Little Sleepers Overnight Nappy Pants Size 5 | 24 Pack,$13.00Save $9.00$0.54/ 1ea | Was $22.00,https://www.coles.com.au/_next/image?url=https%3A%2F%2Fcdn.productimages.coles.com.au%2Fproductimages%2F9%2F9263508.jpg&w=640&q=90
Little Bellies Organic Banana Pick-up Sticks 7+ Months | 16g,$3.50$21.88/ 100g,https://www.coles.com.au/_next/image?url=https%3A%2F%2Fcdn.productimages.coles.com.au%2Fproductimages%2F4%2F4163470.jpg&w=640&q=90
Rafferty's Garden Blueberry Banana & Pear Yoghurt Brekkie Baby Food  ... 120g,$1.90Save $0.40$1.58/ 100g | Was $2.30,https://www.coles.com.au/_next/image?url=https%3A%2F%2Fcdn.productimages.coles.com.au%2Fproductimages%2F5%2F5046600.jpg&w=640&q=90
Ease A Cold Kids Cough Cold & Flu Liquid | 180mL,$20.00$11.11/ 100mL,https://www.coles.com.au/_next/image?url=https%3A%2F%2Fcdn.productimages.coles.com.au%2Fproductimages%2F6%2F6134804.jpg&w=640&q=90
Rascals Premium Nappy Pants Size 7 (17+kg) | 22 Pack,$17.50$0.80/ 1ea,https://www.coles.com.au/_next/image?url=https%3A%2F%2Fcdn.productimages.coles.com.au%2Fproductimages%2F6%2F6398737.jpg&w=640&q=90
Rascals Premium Nappies Size 5 (13-18kg) | 32 Pack,$17.50$0.55/ 1ea,https://www.coles.com.au/_next/image?url=https%3A%2F%2Fcdn.productimages.coles.com.au%2Fproductimages%2F3%2F3301116.jpg&w=640&q=90
Subo Food Bottle Duck Egg 210ml | 1 each,$35.00$35.00/ 1ea,https://www.coles.com.au/_next/image?url=https%3A%2F%2Fcdn.productimages.coles.com.au%2Fproductimages%2F7%2F7069956.jpg&w=640&q=90
Rascals Premium Nappy Pants Size 4 (10-15kg) | 56 Pack,$31.00$0.55/ 1ea,https://www.coles.com.au/_next/image?url=https%3A%2F%2Fcdn.productimages.coles.com.au%2Fproductimages%2F3%2F3613877.jpg&w=640&q=90
Infacol Wind Drops | 50mL,$20.00$40.00/ 100mL,https://www.coles.com.au/_next/image?url=https%3A%2F%2Fcdn.productimages.coles.com.au%2Fproductimages%2F3%2F3506902.jpg&w=640&q=90
Raffertys Garden Strawberry & Chia Pressed Bars 1-3 Years | 90g,$5.50$6.11/ 100g,https://www.coles.com.au/_next/image?url=https%3A%2F%2Fcdn.productimages.coles.com.au%2Fproductimages%2F8%2F8403769.jpg&w=640&q=90
Tommee Tippee Ultralight Soother 0-6m | 2 Pack,$15.00$7.50/ 1ea,https://www.coles.com.au/_next/image?url=https%3A%2F%2Fcdn.productimages.coles.com.au%2Fproductimages%2F1%2F1143987.jpg&w=640&q=90
B.box Sippy Cup 240ml 6+ Months | 1 Each,$16.50$16.50/ 1ea,https://www.coles.com.au/_next/image?url=https%3A%2F%2Fcdn.productimages.coles.com.au%2Fproductimages%2F3%2F3510207.jpg&w=640&q=90
WaterWipes Baby & Newborn Sensitive Wipes | 60 Pack,$8.50$14.17/ 100ea,https://www.coles.com.au/_next/image?url=https%3A%2F%2Fcdn.productimages.coles.com.au%2Fproductimages%2F1%2F1499307.jpg&w=640&q=90
Kiddylicious Veggie Straws Cheesy Flavour | 12g,$1.75Save $0.45$14.58/ 100g | Was $2.20,https://www.coles.com.au/_next/image?url=https%3A%2F%2Fcdn.productimages.coles.com.au%2Fproductimages%2F3%2F3018884.jpg&w=640&q=90
Rafferty's Garden Summer Fruits & Quinoa Baby Food Prebiotics Pouch 6+  ... 120g,$1.90Save $0.40$1.58/ 100g | Was $2.30,https://www.coles.com.au/_next/image?url=https%3A%2F%2Fcdn.productimages.coles.com.au%2Fproductimages%2F3%2F3766459.jpg&w=640&q=90
Only Organic 8 Months+ Blueberry & Strawberry Corn Sticks | 15g,$2.00Save $0.50$13.33/ 100g | Was $2.50,https://www.coles.com.au/_next/image?url=https%3A%2F%2Fcdn.productimages.coles.com.au%2Fproductimages%2F8%2F8409142.jpg&w=640&q=90
Only Organic Pumpkin Potato & Beef Baby Food 8+ Months | 170g,$2.25Save $0.90$1.32/ 100g | Was $3.15,https://www.coles.com.au/_next/image?url=https%3A%2F%2Fcdn.productimages.coles.com.au%2Fproductimages%2F3%2F3288787.jpg&w=640&q=90
Only Organic Banana Mixed Berry Coconut Chia | 100g,$2.50Save $0.35$2.50/ 100g | Was $2.85,https://www.coles.com.au/_next/image?url=https%3A%2F%2Fcdn.productimages.coles.com.au%2Fproductimages%2F3%2F3772473.jpg&w=640&q=90
CUB Apple Pea Broccoli Pear & Spinach Baby Food Pouch 6+ Months | 120g,$1.00$0.83/ 100g,https://www.coles.com.au/_next/image?url=https%3A%2F%2Fcdn.productimages.coles.com.au%2Fproductimages%2F1%2F1719072.jpg&w=640&q=90
CUB Banana & Strawberry Custard Baby Food Pouch 6+ Months | 120g,$1.00$0.83/ 100g,https://www.coles.com.au/_next/image?url=https%3A%2F%2Fcdn.productimages.coles.com.au%2Fproductimages%2F1%2F1719855.jpg&w=640&q=90
CUB Baby Cotton Buds | 60 Pack,$2.70$4.50/ 100ea,https://www.coles.com.au/_next/image?url=https%3A%2F%2Fcdn.productimages.coles.com.au%2Fproductimages%2F3%2F3754187.jpg&w=640&q=90
Rascals Premium Nappies Size 6 (15-20kg) | 30 Pack,$17.50$0.58/ 1ea,https://www.coles.com.au/_next/image?url=https%3A%2F%2Fcdn.productimages.coles.com.au%2Fproductimages%2F3%2F3315019.jpg&w=640&q=90
Rafferty's Garden Chicken Vegetables & Rice Baby Food Protein Pouch  ... 120g,$1.90Save $0.40$1.58/ 100g | Was $2.30,https://www.coles.com.au/_next/image?url=https%3A%2F%2Fcdn.productimages.coles.com.au%2Fproductimages%2F3%2F3620249.jpg&w=640&q=90
DryNites Night Time Pants For Boys 8-15 Years (27-57kg) | 8 Pack,$12.00$1.50/ 1ea,https://www.coles.com.au/_next/image?url=https%3A%2F%2Fcdn.productimages.coles.com.au%2Fproductimages%2F5%2F5064033.jpg&w=640&q=90
Huggies Nappy Pants Size 5 Boy Jumbo | 54 Pack,$32.50$0.60/ 1ea,https://www.coles.com.au/_next/image?url=https%3A%2F%2Fcdn.productimages.coles.com.au%2Fproductimages%2F1%2F1055482.jpg&w=640&q=90
Only Organic Wild Rice Risotto & Spring Lamb 6+ Months | 120g,$1.80Save $0.50$1.50/ 100g | Was $2.30,https://www.coles.com.au/_next/image?url=https%3A%2F%2Fcdn.productimages.coles.com.au%2Fproductimages%2F8%2F8989086.jpg&w=640&q=90
Johnson's Baby Powder Pure Cornstarch | 400g,$8.00$2.00/ 100g,https://www.coles.com.au/_next/image?url=https%3A%2F%2Fcdn.productimages.coles.com.au%2Fproductimages%2F7%2F7061047.jpg&w=640&q=90
CUB Beef Veggies & Brown Rice Baby Food Pouch 6+ Months | 120g,$1.00$0.83/ 100g,https://www.coles.com.au/_next/image?url=https%3A%2F%2Fcdn.productimages.coles.com.au%2Fproductimages%2F1%2F1719061.jpg&w=640&q=90
Heinz Vanilla Custard Pouch 6+ Months | 120g,$1.60$1.33/ 100g,https://www.coles.com.au/_next/image?url=https%3A%2F%2Fcdn.productimages.coles.com.au%2Fproductimages%2F3%2F3025063.jpg&w=640&q=90
Little Bellies Organic Sweet Corn Round-a-bouts | 12g,$2.15$17.92/ 100g,https://www.coles.com.au/_next/image?url=https%3A%2F%2Fcdn.productimages.coles.com.au%2Fproductimages%2F2%2F2367367.jpg&w=640&q=90
Only Organic Snack Bandits Mango & Banana Snack Bars 6x22g | 132g,$5.50$4.17/ 100g,https://www.coles.com.au/_next/image?url=https%3A%2F%2Fcdn.productimages.coles.com.au%2Fproductimages%2F1%2F1819747.jpg&w=640&q=90
Heinz Banana Custard Pouch 6+ Months | 120g,$1.60$1.33/ 100g,https://www.coles.com.au/_next/image?url=https%3A%2F%2Fcdn.productimages.coles.com.au%2Fproductimages%2F7%2F7916098.jpg&w=640&q=90
Only Organic Bolognese Pasta 8 + Months | 170g,$2.25Save $0.90$1.32/ 100g | Was $3.15,https://www.coles.com.au/_next/image?url=https%3A%2F%2Fcdn.productimages.coles.com.au%2Fproductimages%2F6%2F6438172.jpg&w=640&q=90
Rafferty's Garden Beef Bolognese & Macaroni Mini Meal Baby Food Pou ... 170g,$2.80$1.65/ 100g,https://www.coles.com.au/_next/image?url=https%3A%2F%2Fcdn.productimages.coles.com.au%2Fproductimages%2F6%2F6026856.jpg&w=640&q=90
QV Baby Bath Oil | 500mL,$18.50$3.70/ 100mL,https://www.coles.com.au/_next/image?url=https%3A%2F%2Fcdn.productimages.coles.com.au%2Fproductimages%2F7%2F7062822.jpg&w=640&q=90
Only Organic Coconut Strawberry & Goji | 100g,$2.50Save $0.35$2.50/ 100g | Was $2.85,https://www.coles.com.au/_next/image?url=https%3A%2F%2Fcdn.productimages.coles.com.au%2Fproductimages%2F3%2F3018556.jpg&w=640&q=90
Only Organic Free Range Chicken Mango & Coconut Rice 10+ Months | 170g,$2.25Save $0.90$1.32/ 100g | Was $3.15,https://www.coles.com.au/_next/image?url=https%3A%2F%2Fcdn.productimages.coles.com.au%2Fproductimages%2F3%2F3288834.jpg&w=640&q=90
Rafferty's Garden Beef & Hearty Vegetable Lasagne Mini Meal Baby Foo ... 170g,$2.80$1.65/ 100g,https://www.coles.com.au/_next/image?url=https%3A%2F%2Fcdn.productimages.coles.com.au%2Fproductimages%2F7%2F7730624.jpg&w=640&q=90
Kiddylicious Coconut Rolls 8x6.8g | 54.4g,$6.30$11.58/ 100g,https://www.coles.com.au/_next/image?url=https%3A%2F%2Fcdn.productimages.coles.com.au%2Fproductimages%2F3%2F3018910.jpg&w=640&q=90
CUB Nappy Pants Size 4 Jumbo (10-15kg) | 50 Pack,$17.00$0.34/ 1ea,https://www.coles.com.au/_next/image?url=https%3A%2F%2Fcdn.productimages.coles.com.au%2Fproductimages%2F3%2F3720913.jpg&w=640&q=90
Huggies Nappy Pants Size 6 Boy Jumbo | 48 Pack,$32.50$0.68/ 1ea,https://www.coles.com.au/_next/image?url=https%3A%2F%2Fcdn.productimages.coles.com.au%2Fproductimages%2F1%2F1055507.jpg&w=640&q=90
Little Bellies Organic Blueberry Puffs 7+ Months | 12g,$2.15$17.92/ 100g,https://www.coles.com.au/_next/image?url=https%3A%2F%2Fcdn.productimages.coles.com.au%2Fproductimages%2F3%2F3501691.jpg&w=640&q=90
Huggies Extra Large Wipes | 70 Pack,$5.50$7.86/ 100ea,https://www.coles.com.au/_next/image?url=https%3A%2F%2Fcdn.productimages.coles.com.au%2Fproductimages%2F8%2F8017970.jpg&w=640&q=90
DryNites Night Time Pants For Boys 2-4 Years (13-20kg) | 10 Pack,$12.00$1.20/ 1ea,https://www.coles.com.au/_next/image?url=https%3A%2F%2Fcdn.productimages.coles.com.au%2Fproductimages%2F5%2F5063074.jpg&w=640&q=90
Rascals Premium Nappy Pants Size 4 (10-15kg) | 29 Pack,$17.50$0.60/ 1ea,https://www.coles.com.au/_next/image?url=https%3A%2F%2Fcdn.productimages.coles.com.au%2Fproductimages%2F3%2F3445943.jpg&w=640&q=90
Huggies Jumbo Nappy Pants Size 5 Girl | 54 Pack,$32.50$0.60/ 1ea,https://www.coles.com.au/_next/image?url=https%3A%2F%2Fcdn.productimages.coles.com.au%2Fproductimages%2F1%2F1055493.jpg&w=640&q=90
Rafferty's Garden Nurture Immunity Blueberry Star Puffs 12m+ | 12g,$2.20$18.33/ 100g,https://www.coles.com.au/_next/image?url=https%3A%2F%2Fcdn.productimages.coles.com.au%2Fproductimages%2F1%2F1115198.jpg&w=640&q=90
Milton Baby Bottle Cleaner | 500mL,$7.00$1.40/ 100mL,https://www.coles.com.au/_next/image?url=https%3A%2F%2Fcdn.productimages.coles.com.au%2Fproductimages%2F3%2F3839530.jpg&w=640&q=90
CUB Banana & Blueberry Custard Baby Food Pouch 6+ Months | 120g,$1.00$0.83/ 100g,https://www.coles.com.au/_next/image?url=https%3A%2F%2Fcdn.productimages.coles.com.au%2Fproductimages%2F1%2F1719866.jpg&w=640&q=90
Rafferty's Garden Rice Cereal Pear Banana & Milk No Added Sugar Ba ... 120g,$1.90Save $0.40$1.58/ 100g | Was $2.30,https://www.coles.com.au/_next/image?url=https%3A%2F%2Fcdn.productimages.coles.com.au%2Fproductimages%2F7%2F7730840.jpg&w=640&q=90
Rafferty's Garden Brown Rice Bean & Pumpkin Baby Food Pouch 8+ Mont ... 120g,$1.90Save $0.40$1.58/ 100g | Was $2.30,https://www.coles.com.au/_next/image?url=https%3A%2F%2Fcdn.productimages.coles.com.au%2Fproductimages%2F3%2F3620330.jpg&w=640&q=90
Rafferty's Garden Banana & Mango No Added Sugar Custard 6+ Months | 120g,$1.90Save $0.40$1.58/ 100g | Was $2.30,https://www.coles.com.au/_next/image?url=https%3A%2F%2Fcdn.productimages.coles.com.au%2Fproductimages%2F4%2F4159145.jpg&w=640&q=90
QV Baby Gentle Wash | 500g,$20.50$4.10/ 100g,https://www.coles.com.au/_next/image?url=https%3A%2F%2Fcdn.productimages.coles.com.au%2Fproductimages%2F7%2F7062866.jpg&w=640&q=90
Aptamil Gold+ 3 Toddler Nutritional Supplement From 1 Year | 900g,$29.15$3.24/ 100g,https://www.coles.com.au/_next/image?url=https%3A%2F%2Fcdn.productimages.coles.com.au%2Fproductimages%2F9%2F9708670.jpg&w=640&q=90
Heinz Beef Bolognese & Vegetables Baby Food Pouch 6+ Months | 120g,$1.60$1.33/ 100g,https://www.coles.com.au/_next/image?url=https%3A%2F%2Fcdn.productimages.coles.com.au%2Fproductimages%2F6%2F6295574.jpg&w=640&q=90
Only Organic Carrot Apple Rice Cakes 8 Months+ | 35g,$3.00Save $1.00$8.57/ 100g | Was $4.00,https://www.coles.com.au/_next/image?url=https%3A%2F%2Fcdn.productimages.coles.com.au%2Fproductimages%2F8%2F8409991.jpg&w=640&q=90
Little Bellies Organic Apricot Date & Oat Bars | 85g,$4.90$5.76/ 100g,https://www.coles.com.au/_next/image?url=https%3A%2F%2Fcdn.productimages.coles.com.au%2Fproductimages%2F5%2F5023580.jpg&w=640&q=90
Huggies Little Sleepers Overnight Nappies Size 4 | 26 Pack,$13.00Save $9.00$0.50/ 1ea | Was $22.00,https://www.coles.com.au/_next/image?url=https%3A%2F%2Fcdn.productimages.coles.com.au%2Fproductimages%2F9%2F9263494.jpg&w=640&q=90
Huggies Little Sleepers Overnight Nappy Pants Size 5 | 24 Pack,$13.00Save $9.00$0.54/ 1ea | Was $22.00,https://www.coles.com.au/_next/image?url=https%3A%2F%2Fcdn.productimages.coles.com.au%2Fproductimages%2F9%2F9263508.jpg&w=640&q=90
Heinz Mango & Vanilla Custard Baby Food Pouch 8 Months+ | 120g,$1.60$1.33/ 100g,https://www.coles.com.au/_next/image?url=https%3A%2F%2Fcdn.productimages.coles.com.au%2Fproductimages%2F3%2F3760408.jpg&w=640&q=90
Rascals Premium Nappies Size 2 (4-8kg) | 96 Pack,$31.00$0.32/ 1ea,https://www.coles.com.au/_next/image?url=https%3A%2F%2Fcdn.productimages.coles.com.au%2Fproductimages%2F3%2F3597362.jpg&w=640&q=90
Rascals Premium Nappies Size 5 (13-18kg) | 64 Pack,$31.00$0.48/ 1ea,https://www.coles.com.au/_next/image?url=https%3A%2F%2Fcdn.productimages.coles.com.au%2Fproductimages%2F3%2F3597395.jpg&w=640&q=90
Alula Gold Follow-on Formula 6-12 Months | 900g,$30.00$3.33/ 100g,https://www.coles.com.au/_next/image?url=https%3A%2F%2Fcdn.productimages.coles.com.au%2Fproductimages%2F3%2F3025722.jpg&w=640&q=90
Rascals Premium Nappy Pants Size 4 (10-15kg) | 29 Pack,$17.50$0.60/ 1ea,https://www.coles.com.au/_next/image?url=https%3A%2F%2Fcdn.productimages.coles.com.au%2Fproductimages%2F3%2F3445943.jpg&w=640&q=90
Raffertys Garden Chicken & Sweetcorn Risotto 10 Months+ | 170g,$2.80$1.65/ 100g,https://www.coles.com.au/_next/image?url=https%3A%2F%2Fcdn.productimages.coles.com.au%2Fproductimages%2F8%2F8403940.jpg&w=640&q=90
Rascals Premium Nappies Size 6 (15-20kg) | 30 Pack,$17.50$0.58/ 1ea,https://www.coles.com.au/_next/image?url=https%3A%2F%2Fcdn.productimages.coles.com.au%2Fproductimages%2F3%2F3315019.jpg&w=640&q=90
Alula Original Follow-on Formula 6-12 Months | 900g,$19.00$2.11/ 100g,https://www.coles.com.au/_next/image?url=https%3A%2F%2Fcdn.productimages.coles.com.au%2Fproductimages%2F3%2F3025835.jpg&w=640&q=90
Rascals Premium Nappy Pants Size 6 (15-20kg) | 24 Pack,$17.50$0.73/ 1ea,https://www.coles.com.au/_next/image?url=https%3A%2F%2Fcdn.productimages.coles.com.au%2Fproductimages%2F3%2F3445954.jpg&w=640&q=90
Tommee Tippee Soother Comfort Clip 0m+ | 1 Pack,$16.00$16.00/ 1ea,https://www.coles.com.au/_next/image?url=https%3A%2F%2Fcdn.productimages.coles.com.au%2Fproductimages%2F1%2F1329952.jpg&w=640&q=90
Gaia Natural Baby Sleeptime Bath | 500mL,$17.00$3.40/ 100mL,https://www.coles.com.au/_next/image?url=https%3A%2F%2Fcdn.productimages.coles.com.au%2Fproductimages%2F1%2F1516188.jpg&w=640&q=90
Kiddylicious Gluten Free Strawberry & Banana Smoothie Melts | 6g,$1.75Save $0.45$29.17/ 100g | Was $2.20,https://www.coles.com.au/_next/image?url=https%3A%2F%2Fcdn.productimages.coles.com.au%2Fproductimages%2F3%2F3292718.jpg&w=640&q=90
Rafferty's Garden Blueberry & Banana No Added Sugar Custard 6+ Months | 120g,$1.90Save $0.40$1.58/ 100g | Was $2.30,https://www.coles.com.au/_next/image?url=https%3A%2F%2Fcdn.productimages.coles.com.au%2Fproductimages%2F5%2F5046632.jpg&w=640&q=90
Only Organic Sweet Potato Lamb & Couscous Baby Food Pouch 10+ Mo ... 170g,$2.25Save $0.90$1.32/ 100g | Was $3.15,https://www.coles.com.au/_next/image?url=https%3A%2F%2Fcdn.productimages.coles.com.au%2Fproductimages%2F3%2F3499771.jpg&w=640&q=90
Only Organic Chicken Vegetables And Star Pasta 8+ Months | 170g,$2.25Save $0.90$1.32/ 100g | Was $3.15,https://www.coles.com.au/_next/image?url=https%3A%2F%2Fcdn.productimages.coles.com.au%2Fproductimages%2F4%2F4162944.jpg&w=640&q=90
Little Bellies Animal Biscuits | 130g,$5.50$4.23/ 100g,https://www.coles.com.au/_next/image?url=https%3A%2F%2Fcdn.productimages.coles.com.au%2Fproductimages%2F3%2F3671895.jpg&w=640&q=90
Heinz Pear Puree Baby Food Jar 4+ Months | 110g,$1.20$1.09/ 100g,https://www.coles.com.au/_next/image?url=https%3A%2F%2Fcdn.productimages.coles.com.au%2Fproductimages%2F1%2F166353.jpg&w=640&q=90
Rafferty's Garden Strawberry & Vanilla Custard Pouch 6+m ... 120g,$1.90Save $0.40$1.58/ 100g | Was $2.30,https://www.coles.com.au/_next/image?url=https%3A%2F%2Fcdn.productimages.coles.com.au%2Fproductimages%2F6%2F6295676.jpg&w=640&q=90
Bellamy's Organic Farm Animal Pasta Shapes | 150g,$4.90$3.27/ 100g,https://www.coles.com.au/_next/image?url=https%3A%2F%2Fcdn.productimages.coles.com.au%2Fproductimages%2F8%2F8423019.jpg&w=640&q=90
Only Organic Sweet Potato & Pumpkin Pouch | 120g,$1.80Save $0.50$1.50/ 100g | Was $2.30,https://www.coles.com.au/_next/image?url=https%3A%2F%2Fcdn.productimages.coles.com.au%2Fproductimages%2F8%2F8423369.jpg&w=640&q=90
Raffertys Garden Strawberry & Chia Pressed Bars 1-3 Years | 90g,$5.50$6.11/ 100g,https://www.coles.com.au/_next/image?url=https%3A%2F%2Fcdn.productimages.coles.com.au%2Fproductimages%2F8%2F8403769.jpg&w=640&q=90
Palmolive Bluey Kids 3in1 Shampoo- Conditioner & Bodywash | 350mL,$7.00$2.00/ 100mL,https://www.coles.com.au/_next/image?url=https%3A%2F%2Fcdn.productimages.coles.com.au%2Fproductimages%2F6%2F6320558.jpg&w=640&q=90
Kiddylicious Veggie Straws Cheesy Flavour 4x12g | 48g,$7.80$16.25/ 100g,https://www.coles.com.au/_next/image?url=https%3A%2F%2Fcdn.productimages.coles.com.au%2Fproductimages%2F5%2F5044692.jpg&w=640&q=90
Heinz Pumpkin Potato & Beef Baby Food Pouch 6+ Months | 120g,$1.60$1.33/ 100g,https://www.coles.com.au/_next/image?url=https%3A%2F%2Fcdn.productimages.coles.com.au%2Fproductimages%2F6%2F6295520.jpg&w=640&q=90
Huggies Little Sleepers Nappy Pants Size 6 | 20 Pack,$13.00Save $9.00$0.65/ 1ea | Was $22.00,https://www.coles.com.au/_next/image?url=https%3A%2F%2Fcdn.productimages.coles.com.au%2Fproductimages%2F9%2F9263519.jpg&w=640&q=90
Rafferty's Garden Beef Sweet Potato & Parsnip Protein Baby Food P ... 120g,$1.90Save $0.40$1.58/ 100g | Was $2.30,https://www.coles.com.au/_next/image?url=https%3A%2F%2Fcdn.productimages.coles.com.au%2Fproductimages%2F3%2F3620227.jpg&w=640&q=90
Little Bellies Organic Pumpkin And Carrot Soft Corn 10+ Months | 8g,$2.15$26.88/ 100g,https://www.coles.com.au/_next/image?url=https%3A%2F%2Fcdn.productimages.coles.com.au%2Fproductimages%2F4%2F4163390.jpg&w=640&q=90
Only Organic Free Range Chicken Bolognese 10+ Months | 170g,$2.25Save $0.90$1.32/ 100g | Was $3.15,https://www.coles.com.au/_next/image?url=https%3A%2F%2Fcdn.productimages.coles.com.au%2Fproductimages%2F3%2F3288812.jpg&w=640&q=90
Only Organic Raspberry Date Oat Milk & Goji | 100g,$2.50Save $0.35$2.50/ 100g | Was $2.85,https://www.coles.com.au/_next/image?url=https%3A%2F%2Fcdn.productimages.coles.com.au%2Fproductimages%2F8%2F8407679.jpg&w=640&q=90
Babylove Sleepynights Night Time Pants 8-15 Years 27-57kg | 8 Pack,$12.50$1.56/ 1ea,https://www.coles.com.au/_next/image?url=https%3A%2F%2Fcdn.productimages.coles.com.au%2Fproductimages%2F6%2F6613239.jpg&w=640&q=90
DryNites Night Time Pants For Girls 8-15 Years (27-57kg) | 8 Pack,$12.00$1.50/ 1ea,https://www.coles.com.au/_next/image?url=https%3A%2F%2Fcdn.productimages.coles.com.au%2Fproductimages%2F5%2F5064146.jpg&w=640&q=90
Karicare 2 Gentle Nutrition Baby Formula  From 6 To 12 Months | 900g,$20.00$2.22/ 100g,https://www.coles.com.au/_next/image?url=https%3A%2F%2Fcdn.productimages.coles.com.au%2Fproductimages%2F1%2F1023271.jpg&w=640&q=90
Nestle Nan Optipro 1 Infant Formula For Newborns Suitable From Birth | 800g,$29.00$3.63/ 100g,https://www.coles.com.au/_next/image?url=https%3A%2F%2Fcdn.productimages.coles.com.au%2Fproductimages%2F4%2F4161883.jpg&w=640&q=90
CUB Baby Oil | 500mL,$3.30$0.66/ 100mL,https://www.coles.com.au/_next/image?url=https%3A%2F%2Fcdn.productimages.coles.com.au%2Fproductimages%2F3%2F3506833.jpg&w=640&q=90
Nestle Cerelac Baby Cereal Oats & Wheat With Prune Baby Food From 6 M ... 200g,$6.90$3.45/ 100g,https://www.coles.com.au/_next/image?url=https%3A%2F%2Fcdn.productimages.coles.com.au%2Fproductimages%2F3%2F3567099.jpg&w=640&q=90
Rascals Premium Nappies Size 7 (17+kg) | 26 Pack,$17.50$0.67/ 1ea,https://www.coles.com.au/_next/image?url=https%3A%2F%2Fcdn.productimages.coles.com.au%2Fproductimages%2F6%2F6399707.jpg&w=640&q=90
CUB Banana Choc Custard Baby Food Pouch 6+ Months | 120g,$1.00$0.83/ 100g,https://www.coles.com.au/_next/image?url=https%3A%2F%2Fcdn.productimages.coles.com.au%2Fproductimages%2F1%2F1719877.jpg&w=640&q=90
Nestle Cerelac Infant Cereal Multigrain With Banana & Apple Baby Food | 200g,$6.90$3.45/ 100g,https://www.coles.com.au/_next/image?url=https%3A%2F%2Fcdn.productimages.coles.com.au%2Fproductimages%2F3%2F3029600.jpg&w=640&q=90
Babylove Sleepynights Night Time Pants 2-4 Years (12-18kg) | 12 Pack,$12.50$1.04/ 1ea,https://www.coles.com.au/_next/image?url=https%3A%2F%2Fcdn.productimages.coles.com.au%2Fproductimages%2F2%2F2847373.jpg&w=640&q=90
Nestle Nan Comfort 3 Toddler Milk Drink From 1 Year | 800g,$23.10$2.89/ 100g,https://www.coles.com.au/_next/image?url=https%3A%2F%2Fcdn.productimages.coles.com.au%2Fproductimages%2F4%2F4162616.jpg&w=640&q=90
Huggies Jumbo Nappy Pants Size 6 Girl | 48 Pack,$32.50$0.68/ 1ea,https://www.coles.com.au/_next/image?url=https%3A%2F%2Fcdn.productimages.coles.com.au%2Fproductimages%2F1%2F1055518.jpg&w=640&q=90
Little Bellies Organic Strawberry & Banana Yoghurt Melts | 20g,$6.50$32.50/ 100g,https://www.coles.com.au/_next/image?url=https%3A%2F%2Fcdn.productimages.coles.com.au%2Fproductimages%2F8%2F8419350.jpg&w=640&q=90
Little Bellies Organic Pear & Vanilla Paws 10 Months+ | 12g,$2.15$17.92/ 100g,https://www.coles.com.au/_next/image?url=https%3A%2F%2Fcdn.productimages.coles.com.au%2Fproductimages%2F5%2F5025552.jpg&w=640&q=90
Only Organic Kindy Blueberry- Banana & Vanilla Oat Milk Pou ... 100g,$2.50Save $0.35$2.50/ 100g | Was $2.85,https://www.coles.com.au/_next/image?url=https%3A%2F%2Fcdn.productimages.coles.com.au%2Fproductimages%2F6%2F6295326.jpg&w=640&q=90
Bellamy's Organic Porridge Baby Cereal | 125g,$3.95$3.16/ 100g,https://www.coles.com.au/_next/image?url=https%3A%2F%2Fcdn.productimages.coles.com.au%2Fproductimages%2F6%2F6038006.jpg&w=640&q=90
Little Bellies Organic Sweet & Salty Softcorn | 32g,$6.00Save $1.50$18.75/ 100g | Was $7.50,https://www.coles.com.au/_next/image?url=https%3A%2F%2Fcdn.productimages.coles.com.au%2Fproductimages%2F8%2F8420407.jpg&w=640&q=90
QV Baby Moisturising Cream | 500g,$26.00$5.20/ 100g,https://www.coles.com.au/_next/image?url=https%3A%2F%2Fcdn.productimages.coles.com.au%2Fproductimages%2F7%2F7061615.jpg&w=640&q=90
Curash Fragrance Free Senstive Skin Baby Wipes | 80 Pack,$3.85Save $1.65$4.81/ 100ea | Was $5.50,https://www.coles.com.au/_next/image?url=https%3A%2F%2Fcdn.productimages.coles.com.au%2Fproductimages%2F5%2F5243145.jpg&w=640&q=90
Tooshies Water Baby Wipes | 70 Pack,$5.50$7.86/ 100ea,https://www.coles.com.au/_next/image?url=https%3A%2F%2Fcdn.productimages.coles.com.au%2Fproductimages%2F5%2F5239680.jpg&w=640&q=90
Rascals Premium Nappies Size 3 (6-11kg) | 88 Pack,$31.00$0.35/ 1ea,https://www.coles.com.au/_next/image?url=https%3A%2F%2Fcdn.productimages.coles.com.au%2Fproductimages%2F5%2F5487693.jpg&w=640&q=90
Huggies Skin Protect Nappy Pants Size 5 | 48 Pack,$35.00$0.73/ 1ea,https://www.coles.com.au/_next/image?url=https%3A%2F%2Fcdn.productimages.coles.com.au%2Fproductimages%2F9%2F9263315.jpg&w=640&q=90
Heinz Apple & Oatmeal Puree Baby Food Jar 6+ Months | 170g,$1.60$0.94/ 100g,https://www.coles.com.au/_next/image?url=https%3A%2F%2Fcdn.productimages.coles.com.au%2Fproductimages%2F8%2F8771988.jpg&w=640&q=90
Rafferty's Garden Tummy Puffs Pear & Mango 12 Months | 12g,$2.20$18.33/ 100g,https://www.coles.com.au/_next/image?url=https%3A%2F%2Fcdn.productimages.coles.com.au%2Fproductimages%2F1%2F1854351.jpg&w=640&q=90
Only Organic Kindy 1-5 Years Vegetable Macaroni & Cheese Pasta Express | 220g,$3.45Save $0.40$1.57/ 100g | Was $3.85,https://www.coles.com.au/_next/image?url=https%3A%2F%2Fcdn.productimages.coles.com.au%2Fproductimages%2F2%2F2134347.jpg&w=640&q=90
Only Organic Vegetable & Chicken Risotto | 220g,$3.45Save $0.40$1.57/ 100g | Was $3.85,https://www.coles.com.au/_next/image?url=https%3A%2F%2Fcdn.productimages.coles.com.au%2Fproductimages%2F2%2F2134369.jpg&w=640&q=90
Only Organic Pear Banana & Apple 6+ Months | 120g,$1.80Save $0.50$1.50/ 100g | Was $2.30,https://www.coles.com.au/_next/image?url=https%3A%2F%2Fcdn.productimages.coles.com.au%2Fproductimages%2F7%2F7761060.jpg&w=640&q=90
Baby Mum-Mum Baby Melts | 80g,$2.85$3.56/ 100g,https://www.coles.com.au/_next/image?url=https%3A%2F%2Fcdn.productimages.coles.com.au%2Fproductimages%2F6%2F6252469.jpg&w=640&q=90
Bellamy's Organic Apple & Cinnamon Baby Porridge Cereal Pouch 6+ Mo ... 125g,$3.95$3.16/ 100g,https://www.coles.com.au/_next/image?url=https%3A%2F%2Fcdn.productimages.coles.com.au%2Fproductimages%2F6%2F6448799.jpg&w=640&q=90
CUB Super Soft Nursing Pads | 40 Pack,$6.00$0.15/ 1ea,https://www.coles.com.au/_next/image?url=https%3A%2F%2Fcdn.productimages.coles.com.au%2Fproductimages%2F6%2F6336296.jpg&w=640&q=90
WaterWipes Baby & Newborn Sensitive Wipes | 60 Pack,$8.50$14.17/ 100ea,https://www.coles.com.au/_next/image?url=https%3A%2F%2Fcdn.productimages.coles.com.au%2Fproductimages%2F1%2F1499307.jpg&w=640&q=90
Raffertys Garden Mango & Vanilla No Added Sugar Yoghurt Brekkie 8 M ... 120g,$1.90Save $0.40$1.58/ 100g | Was $2.30,https://www.coles.com.au/_next/image?url=https%3A%2F%2Fcdn.productimages.coles.com.au%2Fproductimages%2F8%2F8405651.jpg&w=640&q=90
Bunjie Baby Bubble Bath | 500mL,$11.20Save $4.80$2.24/ 100mL | Was $16.00,https://www.coles.com.au/_next/image?url=https%3A%2F%2Fcdn.productimages.coles.com.au%2Fproductimages%2F5%2F5356629.jpg&w=640&q=90
Milton Baby Bottle Cleaner | 500mL,$7.00$1.40/ 100mL,https://www.coles.com.au/_next/image?url=https%3A%2F%2Fcdn.productimages.coles.com.au%2Fproductimages%2F3%2F3839530.jpg&w=640&q=90
Little Bellies Organic Strawberry Pick-up Sticks 7+ Months | 16g,$3.50$21.88/ 100g,https://www.coles.com.au/_next/image?url=https%3A%2F%2Fcdn.productimages.coles.com.au%2Fproductimages%2F3%2F3767451.jpg&w=640&q=90
Tommee Tippee Baby Healthcare Kit | 1 each,$31.00$31.00/ 1ea,https://www.coles.com.au/_next/image?url=https%3A%2F%2Fcdn.productimages.coles.com.au%2Fproductimages%2F7%2F7105404.jpg&w=640&q=90
WaterWipes Baby & Newborn Sensitive Wipes | 180 Pack,$21.50$11.94/ 100ea,https://www.coles.com.au/_next/image?url=https%3A%2F%2Fcdn.productimages.coles.com.au%2Fproductimages%2F3%2F3155863.jpg&w=640&q=90
Rafferty's Garden Blueberry & Banana No Added Sugar Custard 6+ Months | 120g,$1.90Save $0.40$1.58/ 100g | Was $2.30,https://www.coles.com.au/_next/image?url=https%3A%2F%2Fcdn.productimages.coles.com.au%2Fproductimages%2F5%2F5046632.jpg&w=640&q=90
Tommee Tippee Ultralight Night Soother 6-18m | 2 Pack,$15.00$7.50/ 1ea,https://www.coles.com.au/_next/image?url=https%3A%2F%2Fcdn.productimages.coles.com.au%2Fproductimages%2F1%2F1144028.jpg&w=640&q=90
Little Eyes Cleansing Wipes | 30 Pack,$19.15$63.83/ 100ea,https://www.coles.com.au/_next/image?url=https%3A%2F%2Fcdn.productimages.coles.com.au%2Fproductimages%2F7%2F7105506.jpg&w=640&q=90
Cetaphil Baby Wash & Shampoo | 400mL,$11.00Save $4.80$2.75/ 100mL | Was $15.80,https://www.coles.com.au/_next/image?url=https%3A%2F%2Fcdn.productimages.coles.com.au%2Fproductimages%2F3%2F3508850.jpg&w=640&q=90
Tooshies Eco Wipes Aloe Vera & Chamomile | 280 Pack,$18.50$6.61/ 100ea,https://www.coles.com.au/_next/image?url=https%3A%2F%2Fcdn.productimages.coles.com.au%2Fproductimages%2F3%2F3185263.jpg&w=640&q=90
Alula Gold Follow-on Formula 6-12 Months | 900g,$30.00$3.33/ 100g,https://www.coles.com.au/_next/image?url=https%3A%2F%2Fcdn.productimages.coles.com.au%2Fproductimages%2F3%2F3025722.jpg&w=640&q=90
Heinz Pear Apple & Kiwifruit Baby Food Pouch 6+ Months | 120g,$1.60$1.33/ 100g,https://www.coles.com.au/_next/image?url=https%3A%2F%2Fcdn.productimages.coles.com.au%2Fproductimages%2F6%2F6295563.jpg&w=640&q=90
Heinz Lamb Vegetables & Polenta Baby Food Pouch 6+ Months | 120g,$1.60$1.33/ 100g,https://www.coles.com.au/_next/image?url=https%3A%2F%2Fcdn.productimages.coles.com.au%2Fproductimages%2F6%2F6295585.jpg&w=640&q=90
Rafferty's Garden Chickpea Corn & Carrot Baby Food Pouch 8+ Months | 120g,$1.90Save $0.40$1.58/ 100g | Was $2.30,https://www.coles.com.au/_next/image?url=https%3A%2F%2Fcdn.productimages.coles.com.au%2Fproductimages%2F3%2F3620191.jpg&w=640&q=90
Rafferty's Garden Chicken & Vegetable Paella Mini Meal Baby Food Pouch 12 ... 200g,$3.00$1.50/ 100g,https://www.coles.com.au/_next/image?url=https%3A%2F%2Fcdn.productimages.coles.com.au%2Fproductimages%2F5%2F5047103.jpg&w=640&q=90
Little Bellies Organic Banana Softcorn Sharebag | 30g,$5.00$16.67/ 100g,https://www.coles.com.au/_next/image?url=https%3A%2F%2Fcdn.productimages.coles.com.au%2Fproductimages%2F5%2F5025370.jpg&w=640&q=90
Little Bellies Mini Gingerbread Men | 130g,$5.50$4.23/ 100g,https://www.coles.com.au/_next/image?url=https%3A%2F%2Fcdn.productimages.coles.com.au%2Fproductimages%2F3%2F3671920.jpg&w=640&q=90
Karicare 1 Gentle Nutrition Infant Formula From Birth To 6 Months | 900g,$20.00$2.22/ 100g,https://www.coles.com.au/_next/image?url=https%3A%2F%2Fcdn.productimages.coles.com.au%2Fproductimages%2F1%2F1023260.jpg&w=640&q=90
Rascals Premium Nappies Size 5 (13-18kg) | 64 Pack,$31.00$0.48/ 1ea,https://www.coles.com.au/_next/image?url=https%3A%2F%2Fcdn.productimages.coles.com.au%2Fproductimages%2F3%2F3597395.jpg&w=640&q=90
Heinz Little Kids Banana Mango Muesli With Greek Style Yoghurt | 150g,$1.60$1.07/ 100g,https://www.coles.com.au/_next/image?url=https%3A%2F%2Fcdn.productimages.coles.com.au%2Fproductimages%2F1%2F1848155.jpg&w=640&q=90
Heinz Lamb Pumpkin + Sweet Potato Baby Food Jar 6+ Months | 170g,$1.60$0.94/ 100g,https://www.coles.com.au/_next/image?url=https%3A%2F%2Fcdn.productimages.coles.com.au%2Fproductimages%2F2%2F2366740.jpg&w=640&q=90
Rafferty's Garden Pumpkin & Spinach Pasta Bake Baby Food Prebiotics Pou ... 120g,$1.90Save $0.40$1.58/ 100g | Was $2.30,https://www.coles.com.au/_next/image?url=https%3A%2F%2Fcdn.productimages.coles.com.au%2Fproductimages%2F3%2F3766460.jpg&w=640&q=90
Jack N' Jill Toothpaste Apple & Watermelon | 50g,$6.00Save $1.50$12.00/ 100g | Was $7.50,https://www.coles.com.au/_next/image?url=https%3A%2F%2Fcdn.productimages.coles.com.au%2Fproductimages%2F1%2F1608468.jpg&w=640&q=90
Johnson's Baby Powder Soothing Aloe & Vitamin E | 200g,$6.00$3.00/ 100g,https://www.coles.com.au/_next/image?url=https%3A%2F%2Fcdn.productimages.coles.com.au%2Fproductimages%2F7%2F7436514.jpg&w=640&q=90
CUB Nappy Pants Walker Size 5 (13-18kg) | 23 Pack,$10.00$0.43/ 1ea,https://www.coles.com.au/_next/image?url=https%3A%2F%2Fcdn.productimages.coles.com.au%2Fproductimages%2F3%2F3720877.jpg&w=640&q=90
Huggies Pure And Sensitive Nappy Pants Size 5 | 46 Pack,$35.00$0.76/ 1ea,https://www.coles.com.au/_next/image?url=https%3A%2F%2Fcdn.productimages.coles.com.au%2Fproductimages%2F9%2F9263461.jpg&w=640&q=90
Ecostore Baby Bubble Bath | 535mL,$17.00$3.18/ 100mL,https://www.coles.com.au/_next/image?url=https%3A%2F%2Fcdn.productimages.coles.com.au%2Fproductimages%2F1%2F1282418.jpg&w=640&q=90
Huggies Pure And Sensitive Nappy Pants Size 6: 40 Pack | 40 Pack,$35.00$0.88/ 1ea,https://www.coles.com.au/_next/image?url=https%3A%2F%2Fcdn.productimages.coles.com.au%2Fproductimages%2F9%2F9263472.jpg&w=640&q=90
Huggies Skin Protect Newborn Nappies Size 1 | 108 Pack,$40.00$0.37/ 1ea,https://www.coles.com.au/_next/image?url=https%3A%2F%2Fcdn.productimages.coles.com.au%2Fproductimages%2F9%2F9088598.jpg&w=640&q=90
Rafferty's Garden Coconut Berry Little Smoothie Pouch 1-3 Years | 120g,$2.00Save $0.85$1.67/ 100g | Was $2.85,https://www.coles.com.au/_next/image?url=https%3A%2F%2Fcdn.productimages.coles.com.au%2Fproductimages%2F6%2F6295687.jpg&w=640&q=90
Euky Bear Baby Sniffly Nose Room Spray | 125g,$12.00$9.60/ 100g,https://www.coles.com.au/_next/image?url=https%3A%2F%2Fcdn.productimages.coles.com.au%2Fproductimages%2F5%2F5356957.jpg&w=640&q=90
Ecostore Baby Body Wash & Shampoo | 535 mL,$17.00$3.18/ 100mL,https://www.coles.com.au/_next/image?url=https%3A%2F%2Fcdn.productimages.coles.com.au%2Fproductimages%2F1%2F1282429.jpg&w=640&q=90
Kiddylicious Strawberry Fruity Puffs | 10g,$1.75Save $0.45$17.50/ 100g | Was $2.20,https://www.coles.com.au/_next/image?url=https%3A%2F%2Fcdn.productimages.coles.com.au%2Fproductimages%2F3%2F3018909.jpg&w=640&q=90
Raffertys Garden Tomato & Parmesan Macaroni 10 Months+ | 170g,$2.80$1.65/ 100g,https://www.coles.com.au/_next/image?url=https%3A%2F%2Fcdn.productimages.coles.com.au%2Fproductimages%2F8%2F8404604.jpg&w=640&q=90
Little Bellies Organic Berry Yoghurt Pick Up Sticks 10+ Months | 16g,$3.50$21.88/ 100g,https://www.coles.com.au/_next/image?url=https%3A%2F%2Fcdn.productimages.coles.com.au%2Fproductimages%2F6%2F6293659.jpg&w=640&q=90
Koja Minis Super Bickies Lamington | 120g,$6.50$5.42/ 100g,https://www.coles.com.au/_next/image?url=https%3A%2F%2Fcdn.productimages.coles.com.au%2Fproductimages%2F1%2F1819780.jpg&w=640&q=90
Bepanthen Nappy Rash Ointment | 100g,$10.85Save $4.65$10.85/ 100g | Was $15.50,https://www.coles.com.au/_next/image?url=https%3A%2F%2Fcdn.productimages.coles.com.au%2Fproductimages%2F9%2F9767080.jpg&w=640&q=90
Huggies Skin Protect Nappy Pants Size 6 | 42 Pack,$35.00$0.83/ 1ea,https://www.coles.com.au/_next/image?url=https%3A%2F%2Fcdn.productimages.coles.com.au%2Fproductimages%2F9%2F9263326.jpg&w=640&q=90
Rascals Premium Nappies Size 2 (4-8kg) | 48 Pack,$17.50$0.36/ 1ea,https://www.coles.com.au/_next/image?url=https%3A%2F%2Fcdn.productimages.coles.com.au%2Fproductimages%2F3%2F3301149.jpg&w=640&q=90
Raffertys Garden Chicken & Sweetcorn Risotto 10 Months+ | 170g,$2.80$1.65/ 100g,https://www.coles.com.au/_next/image?url=https%3A%2F%2Fcdn.productimages.coles.com.au%2Fproductimages%2F8%2F8403940.jpg&w=640&q=90
Baby Bellies Organic Carrot Puffs Sharebag 4 Pack | 35g,$5.00$14.29/ 100g,https://www.coles.com.au/_next/image?url=https%3A%2F%2Fcdn.productimages.coles.com.au%2Fproductimages%2F1%2F1707798.jpg&w=640&q=90
Tena Plus Night Pants Size L | 12 Pack,$25.00$2.08/ 1ea,https://www.coles.com.au/_next/image?url=https%3A%2F%2Fcdn.productimages.coles.com.au%2Fproductimages%2F3%2F3035930.jpg&w=640&q=90
Huggies Jumbo Nappy Pants Size 4 Girl | 62 Pack,$32.50$0.52/ 1ea,https://www.coles.com.au/_next/image?url=https%3A%2F%2Fcdn.productimages.coles.com.au%2Fproductimages%2F1%2F1055471.jpg&w=640&q=90
Farex Apple & Oatmeal Baby Food Pouch 6+ Months | 120g,$1.60$1.33/ 100g,https://www.coles.com.au/_next/image?url=https%3A%2F%2Fcdn.productimages.coles.com.au%2Fproductimages%2F8%2F8996875.jpg&w=640&q=90
Nestle Cerelac Baby Rice Cereal Baby Food From 4 Months | 200g,$6.90$3.45/ 100g,https://www.coles.com.au/_next/image?url=https%3A%2F%2Fcdn.productimages.coles.com.au%2Fproductimages%2F7%2F7760476.jpg&w=640&q=90
Rascals Nappy Training Pants Size 8 | 20 Pack,$17.50$0.88/ 1ea,https://www.coles.com.au/_next/image?url=https%3A%2F%2Fcdn.productimages.coles.com.au%2Fproductimages%2F1%2F1750899.jpg&w=640&q=90
Only Organic Apple- Banana & Mango 6+ Months Pouch | 120g,$1.80Save $0.50$1.50/ 100g | Was $2.30,https://www.coles.com.au/_next/image?url=https%3A%2F%2Fcdn.productimages.coles.com.au%2Fproductimages%2F6%2F6295290.jpg&w=640&q=90
Koja Minis Super Bickies Apple Cinnamon | 120g,$6.50$5.42/ 100g,https://www.coles.com.au/_next/image?url=https%3A%2F%2Fcdn.productimages.coles.com.au%2Fproductimages%2F1%2F1819791.jpg&w=640&q=90
Huggies Nappy Pants Size 4 Boy Jumbo 62 Pack | 62 Pack,$32.50$0.52/ 1ea,https://www.coles.com.au/_next/image?url=https%3A%2F%2Fcdn.productimages.coles.com.au%2Fproductimages%2F1%2F1055460.jpg&w=640&q=90
Little Bellies Organic Mango Yoghurt Pick Up Sticks 10+ Months | 16g,$3.50$21.88/ 100g,https://www.coles.com.au/_next/image?url=https%3A%2F%2Fcdn.productimages.coles.com.au%2Fproductimages%2F6%2F6293648.jpg&w=640&q=90
Alula Gold Newborn 0-6 Months Infant Formula | 900g,$30.00$3.33/ 100g,https://www.coles.com.au/_next/image?url=https%3A%2F%2Fcdn.productimages.coles.com.au%2Fproductimages%2F3%2F3025609.jpg&w=640&q=90
Rascals Premium Nappies Size 6 (15-20kg) | 60 Pack,$31.00$0.52/ 1ea,https://www.coles.com.au/_next/image?url=https%3A%2F%2Fcdn.productimages.coles.com.au%2Fproductimages%2F8%2F8017620.jpg&w=640&q=90
Nestle Nan Supremepro 1 Premium Infant Formula For Newborns Suita ... 800g,$38.00$4.75/ 100g,https://www.coles.com.au/_next/image?url=https%3A%2F%2Fcdn.productimages.coles.com.au%2Fproductimages%2F1%2F1819838.jpg&w=640&q=90
Huggies Ultra Dry Nappies Boys Size 5 (13-18kg) | 64 Pack,$40.00$0.63/ 1ea,https://www.coles.com.au/_next/image?url=https%3A%2F%2Fcdn.productimages.coles.com.au%2Fproductimages%2F9%2F9224153.jpg&w=640&q=90
Raffertys Garden Vegetable Bolognese 12 Months+ | 200g,$3.00$1.50/ 100g,https://www.coles.com.au/_next/image?url=https%3A%2F%2Fcdn.productimages.coles.com.au%2Fproductimages%2F8%2F8404852.jpg&w=640&q=90
Biogaia Protectis Baby Probiotic Drops Vit D | 5mL,$39.00$780.00/ 100mL,https://www.coles.com.au/_next/image?url=https%3A%2F%2Fcdn.productimages.coles.com.au%2Fproductimages%2F1%2F1282382.jpg&w=640&q=90
Biogaia Protectis Probiotic Drops For Infant Colic Relief | 5mL,$36.50$730.00/ 100mL,https://www.coles.com.au/_next/image?url=https%3A%2F%2Fcdn.productimages.coles.com.au%2Fproductimages%2F8%2F8537131.jpg&w=640&q=90
Rafferty's Garden Raspberry & Blackberry Mini Yoghurt Drops 10  ... 8g,$2.50Save $0.50$31.25/ 100g | Was $3.00,https://www.coles.com.au/_next/image?url=https%3A%2F%2Fcdn.productimages.coles.com.au%2Fproductimages%2F4%2F4158890.jpg&w=640&q=90
Cetaphil Baby Wash & Shampoo | 400mL,$11.00Save $4.80$2.75/ 100mL | Was $15.80,https://www.coles.com.au/_next/image?url=https%3A%2F%2Fcdn.productimages.coles.com.au%2Fproductimages%2F3%2F3508850.jpg&w=640&q=90
Rafferty's Garden Apple & Raspberry Snack Bars With Real Fruit Baby Foo ... 128g,$4.50Save $1.00$3.52/ 100g | Was $5.50,https://www.coles.com.au/_next/image?url=https%3A%2F%2Fcdn.productimages.coles.com.au%2Fproductimages%2F3%2F3018862.jpg&w=640&q=90
Biogaia Protectis Kids Chewables Orange Vit D | 30 Pack,$41.40$1.38/ 1ea,https://www.coles.com.au/_next/image?url=https%3A%2F%2Fcdn.productimages.coles.com.au%2Fproductimages%2F1%2F1282393.jpg&w=640&q=90
Kiddylicious Pizza Straws Pizza Multipack 12g | 4 Pack,$7.80$16.25/ 100g,https://www.coles.com.au/_next/image?url=https%3A%2F%2Fcdn.productimages.coles.com.au%2Fproductimages%2F1%2F1854555.jpg&w=640&q=90
Euky Bear Baby Sniffly Nose Room Spray | 125g,$12.00$9.60/ 100g,https://www.coles.com.au/_next/image?url=https%3A%2F%2Fcdn.productimages.coles.com.au%2Fproductimages%2F5%2F5356957.jpg&w=640&q=90
Rafferty's Garden Nurture Immunity Blueberry Star Puffs 12m+ | 12g,$2.20$18.33/ 100g,https://www.coles.com.au/_next/image?url=https%3A%2F%2Fcdn.productimages.coles.com.au%2Fproductimages%2F1%2F1115198.jpg&w=640&q=90
Euky Bearub | 50g,$8.10$16.20/ 100g,https://www.coles.com.au/_next/image?url=https%3A%2F%2Fcdn.productimages.coles.com.au%2Fproductimages%2F5%2F5356979.jpg&w=640&q=90
Bellamy's Organic Follow - On Formula Step 2 | 800g,$33.00$4.13/ 100g,https://www.coles.com.au/_next/image?url=https%3A%2F%2Fcdn.productimages.coles.com.au%2Fproductimages%2F9%2F9960476.jpg&w=640&q=90
Kiddylicious Wafers Blueberry 4x4g | 16g,$3.20$20.00/ 100g,https://www.coles.com.au/_next/image?url=https%3A%2F%2Fcdn.productimages.coles.com.au%2Fproductimages%2F3%2F3998013.jpg&w=640&q=90
Little Bellies Organic Apple & Cinnamon Puffs | 35g,$5.00$14.29/ 100g,https://www.coles.com.au/_next/image?url=https%3A%2F%2Fcdn.productimages.coles.com.au%2Fproductimages%2F5%2F5020763.jpg&w=640&q=90
CUB Nappies Unisex Newborn Size 1 (up To 5kg) | 30 Pack,$5.35$0.18/ 1ea,https://www.coles.com.au/_next/image?url=https%3A%2F%2Fcdn.productimages.coles.com.au%2Fproductimages%2F3%2F3720753.jpg&w=640&q=90
Huggies Skin Protect Nappy Pants Size 4 | 58 Pack,$35.00$0.60/ 1ea,https://www.coles.com.au/_next/image?url=https%3A%2F%2Fcdn.productimages.coles.com.au%2Fproductimages%2F9%2F9263304.jpg&w=640&q=90
Only Organic Pear & Mango Baby Food Pouch 4+ Months | 120g,$1.80Save $0.50$1.50/ 100g | Was $2.30,https://www.coles.com.au/_next/image?url=https%3A%2F%2Fcdn.productimages.coles.com.au%2Fproductimages%2F5%2F5033663.jpg&w=640&q=90
Huggies Pure 99% Purified Water Baby Wipes | 216 Pack,$7.25Save $7.25$3.36/ 100ea | Was $14.50,https://www.coles.com.au/_next/image?url=https%3A%2F%2Fcdn.productimages.coles.com.au%2Fproductimages%2F5%2F5236911.jpg&w=640&q=90
Heinz Golden Sweetcorn & Chicken Baby Food Pouch 6+ Months | 120g,$1.60$1.33/ 100g,https://www.coles.com.au/_next/image?url=https%3A%2F%2Fcdn.productimages.coles.com.au%2Fproductimages%2F6%2F6295541.jpg&w=640&q=90
Rafferty's Garden Lamb Vegetables & Couscous Mini Meal Baby Food Pou ... 200g,$3.00$1.50/ 100g,https://www.coles.com.au/_next/image?url=https%3A%2F%2Fcdn.productimages.coles.com.au%2Fproductimages%2F5%2F5047090.jpg&w=640&q=90
ICD Nappy Sacks | 400 Pack,$7.50Save $2.50$0.02/ 1ea | Was $10.00,https://www.coles.com.au/_next/image?url=https%3A%2F%2Fcdn.productimages.coles.com.au%2Fproductimages%2F8%2F8578671.jpg&w=640&q=90
Huggies Gentle Cleanse Baby Wipes Coconut Oil | 240 Pack,$7.25Save $7.25$3.02/ 100ea | Was $14.50,https://www.coles.com.au/_next/image?url=https%3A%2F%2Fcdn.productimages.coles.com.au%2Fproductimages%2F2%2F2917005.jpg&w=640&q=90
Cetaphil Baby Moisturising Bath & Wash | 400mL,$11.00Save $4.75$2.75/ 100mL | Was $15.75,https://www.coles.com.au/_next/image?url=https%3A%2F%2Fcdn.productimages.coles.com.au%2Fproductimages%2F5%2F5335505.jpg&w=640&q=90
Karicare 3 Gentle Nutrition Toddler Milk Drink  From 12+ Months | 900g,$22.00$2.44/ 100g,https://www.coles.com.au/_next/image?url=https%3A%2F%2Fcdn.productimages.coles.com.au%2Fproductimages%2F1%2F1023282.jpg&w=640&q=90
Babylove Nappy Pants Size 6 (15-25kg) | 42 Pack,$24.00Save $7.00$0.57/ 1ea | Was $31.00,https://www.coles.com.au/_next/image?url=https%3A%2F%2Fcdn.productimages.coles.com.au%2Fproductimages%2F9%2F9860416.jpg&w=640&q=90
Rascals Premium Nappy Pants Size 5 (13-18kg) | 50 Pack,$31.00$0.62/ 1ea,https://www.coles.com.au/_next/image?url=https%3A%2F%2Fcdn.productimages.coles.com.au%2Fproductimages%2F3%2F3613899.jpg&w=640&q=90
Nestle Nan Supremepro 2 Premium Follow-on Infant Formula 6-12 Months | 800g,$38.00$4.75/ 100g,https://www.coles.com.au/_next/image?url=https%3A%2F%2Fcdn.productimages.coles.com.au%2Fproductimages%2F1%2F1819849.jpg&w=640&q=90
Johnson's Bedtime Gentle Calming Jasmine & Lily Scented Tear-free  ... 500mL,$6.60Save $4.40$1.32/ 100mL | Was $11.00,https://www.coles.com.au/_next/image?url=https%3A%2F%2Fcdn.productimages.coles.com.au%2Fproductimages%2F9%2F9152595.jpg&w=640&q=90
Rascals Premium Sensitive Wipes Plastic Free Cloth | 400 Pack,$16.00$4.00/ 100ea,https://www.coles.com.au/_next/image?url=https%3A%2F%2Fcdn.productimages.coles.com.au%2Fproductimages%2F7%2F7060769.jpg&w=640&q=90
Babylove Nappy Pants Size 5 (12-17kg) | 50 Pack,$24.00Save $7.00$0.48/ 1ea | Was $31.00,https://www.coles.com.au/_next/image?url=https%3A%2F%2Fcdn.productimages.coles.com.au%2Fproductimages%2F9%2F9860427.jpg&w=640&q=90
Kiddylicious Banana Fruity Puffs 7+ Months | 10g,$1.75Save $0.45$17.50/ 100g | Was $2.20,https://www.coles.com.au/_next/image?url=https%3A%2F%2Fcdn.productimages.coles.com.au%2Fproductimages%2F2%2F2365146.jpg&w=640&q=90
Only Organic Beef Capsicum- Cheese & Brown Rice | 220g,$3.45Save $0.40$1.57/ 100g | Was $3.85,https://www.coles.com.au/_next/image?url=https%3A%2F%2Fcdn.productimages.coles.com.au%2Fproductimages%2F8%2F8408718.jpg&w=640&q=90
WaterWipes Baby & Newborn Sensitive Wipes | 180 Pack,$21.50$11.94/ 100ea,https://www.coles.com.au/_next/image?url=https%3A%2F%2Fcdn.productimages.coles.com.au%2Fproductimages%2F3%2F3155863.jpg&w=640&q=90
Huggies Ultra Dry Nappy Pants Boys Size 6 (15kg+) | 24 Pack,$22.00$0.92/ 1ea,https://www.coles.com.au/_next/image?url=https%3A%2F%2Fcdn.productimages.coles.com.au%2Fproductimages%2F2%2F2848274.jpg&w=640&q=90
Kiddylicious Wafers Raspberry 4x4g | 16g,$3.20$20.00/ 100g,https://www.coles.com.au/_next/image?url=https%3A%2F%2Fcdn.productimages.coles.com.au%2Fproductimages%2F3%2F3998024.jpg&w=640&q=90
Cub Night Time Bubble Bath | 500mL,$5.50$1.10/ 100mL,https://www.coles.com.au/_next/image?url=https%3A%2F%2Fcdn.productimages.coles.com.au%2Fproductimages%2F8%2F8391433.jpg&w=640&q=90
Little Bellies Organic Mango & Banana Coconut Melts | 20g,$6.50$32.50/ 100g,https://www.coles.com.au/_next/image?url=https%3A%2F%2Fcdn.productimages.coles.com.au%2Fproductimages%2F8%2F8419372.jpg&w=640&q=90
DryNites Disposable Bed Mats | 7 Pack,$11.00$1.57/ 1ea,https://www.coles.com.au/_next/image?url=https%3A%2F%2Fcdn.productimages.coles.com.au%2Fproductimages%2F9%2F9859814.jpg&w=640&q=90
Depend Real Fit Incontinence Underwear Regular Women M ... 8 Pack,$12.20Save $3.05$1.53/ 1ea | Was $15.25,https://www.coles.com.au/_next/image?url=https%3A%2F%2Fcdn.productimages.coles.com.au%2Fproductimages%2F2%2F2065878.jpg&w=640&q=90
Curash Simply Water Sensitive Skin Baby Wipes | 80 Pack,$4.20Save $1.80$5.25/ 100ea | Was $6.00,https://www.coles.com.au/_next/image?url=https%3A%2F%2Fcdn.productimages.coles.com.au%2Fproductimages%2F3%2F3779224.jpg&w=640&q=90
Little Bellies Blueberry & Apple Yoghurt Melts 8 Pack | 20g,$6.50$32.50/ 100g,https://www.coles.com.au/_next/image?url=https%3A%2F%2Fcdn.productimages.coles.com.au%2Fproductimages%2F1%2F1707743.jpg&w=640&q=90
Sudocrem Healing Cream | 30g,$9.00$30.00/ 100g,https://www.coles.com.au/_next/image?url=https%3A%2F%2Fcdn.productimages.coles.com.au%2Fproductimages%2F1%2F1223419.jpg&w=640&q=90
Rascals Premium Nappies Size 7 (17+kg) | 54 Pack,$31.00$0.57/ 1ea,https://www.coles.com.au/_next/image?url=https%3A%2F%2Fcdn.productimages.coles.com.au%2Fproductimages%2F8%2F8017506.jpg&w=640&q=90
Farex Creamy Baby Porridge With Apple Juice Baby Food Pouch 6+  ... 120g,$1.60$1.33/ 100g,https://www.coles.com.au/_next/image?url=https%3A%2F%2Fcdn.productimages.coles.com.au%2Fproductimages%2F8%2F8997018.jpg&w=640&q=90
Rafferty's Garden Coconut Cacao Little Smoothie Pouch 1-3 Years | 120g,$2.00Save $0.85$1.67/ 100g | Was $2.85,https://www.coles.com.au/_next/image?url=https%3A%2F%2Fcdn.productimages.coles.com.au%2Fproductimages%2F6%2F6295698.jpg&w=640&q=90
Kiddylicious Strawberry Frutiy Puffs | 4 Pack,$7.80$19.50/ 100g,https://www.coles.com.au/_next/image?url=https%3A%2F%2Fcdn.productimages.coles.com.au%2Fproductimages%2F5%2F5045979.jpg&w=640&q=90
Huggies Ultra Dry Nappy Pants Girls Size 6 (15kg+) | 24 Pack,$22.00$0.92/ 1ea,https://www.coles.com.au/_next/image?url=https%3A%2F%2Fcdn.productimages.coles.com.au%2Fproductimages%2F2%2F2848300.jpg&w=640&q=90
Nestle Nan Optipro 2 Follow-on Baby Formula From 6 To 12 Months | 800g,$29.00$3.63/ 100g,https://www.coles.com.au/_next/image?url=https%3A%2F%2Fcdn.productimages.coles.com.au%2Fproductimages%2F4%2F4161974.jpg&w=640&q=90
Huggies Ultra Dry Nappies Girls Size 4 (10-15kg) | 72 Pack,$40.00$0.56/ 1ea,https://www.coles.com.au/_next/image?url=https%3A%2F%2Fcdn.productimages.coles.com.au%2Fproductimages%2F9%2F9224142.jpg&w=640&q=90
Bunjie Travel Baby Wipes | 20 Pack,$3.00$0.15/ 1ea,https://www.coles.com.au/_next/image?url=https%3A%2F%2Fcdn.productimages.coles.com.au%2Fproductimages%2F1%2F1848950.jpg&w=640&q=90
Swisspers Baby Organic Cotton Pads | 40 Pack,$5.20$13.00/ 100ea,https://www.coles.com.au/_next/image?url=https%3A%2F%2Fcdn.productimages.coles.com.au%2Fproductimages%2F5%2F5381262.jpg&w=640&q=90
Johnson's Hypoallergenic Gentle Tear-free Cleansing Baby Shampoo | 500mL,$6.60Save $4.40$1.32/ 100mL | Was $11.00,https://www.coles.com.au/_next/image?url=https%3A%2F%2Fcdn.productimages.coles.com.au%2Fproductimages%2F8%2F8584153.jpg&w=640&q=90
Bunjie Baby Top To Toe Wash | 500mL,$14.00Save $6.00$2.80/ 100mL | Was $20.00,https://www.coles.com.au/_next/image?url=https%3A%2F%2Fcdn.productimages.coles.com.au%2Fproductimages%2F5%2F5356913.jpg&w=640&q=90
Mimi Kids Hair Wash | 400mL,$15.00$3.75/ 100mL,https://www.coles.com.au/_next/image?url=https%3A%2F%2Fcdn.productimages.coles.com.au%2Fproductimages%2F1%2F1710034.jpg&w=640&q=90
Alula Original Follow-on Formula 6-12 Months | 900g,$19.00$2.11/ 100g,https://www.coles.com.au/_next/image?url=https%3A%2F%2Fcdn.productimages.coles.com.au%2Fproductimages%2F3%2F3025835.jpg&w=640&q=90
Huggies Thick Baby Wipes Fragrance Free | 640 Pack,$22.90Save $3.10$3.58/ 100ea | Was $26.00,https://www.coles.com.au/_next/image?url=https%3A%2F%2Fcdn.productimages.coles.com.au%2Fproductimages%2F6%2F6383150.jpg&w=640&q=90
Aptamil Gold+ Colic & Constipation Baby Infant Formula From Birth  ... 900g,$34.00$3.78/ 100g,https://www.coles.com.au/_next/image?url=https%3A%2F%2Fcdn.productimages.coles.com.au%2Fproductimages%2F3%2F3292649.jpg&w=640&q=90
Huggies Ultra Dry Nappies Girls Size 5 (13-18kg) | 64 Pack,$40.00$0.63/ 1ea,https://www.coles.com.au/_next/image?url=https%3A%2F%2Fcdn.productimages.coles.com.au%2Fproductimages%2F9%2F9224211.jpg&w=640&q=90
Rafferty's Garden Blueberries Banana & Apple And Nothing Else Ba ... 120g,$1.90Save $0.40$1.58/ 100g | Was $2.30,https://www.coles.com.au/_next/image?url=https%3A%2F%2Fcdn.productimages.coles.com.au%2Fproductimages%2F6%2F6027167.jpg&w=640&q=90
Rascals Premium Nappies Size 3 (6-11kg) | 44 Pack,$17.50$0.40/ 1ea,https://www.coles.com.au/_next/image?url=https%3A%2F%2Fcdn.productimages.coles.com.au%2Fproductimages%2F3%2F3301138.jpg&w=640&q=90
Sudocrem Healing Cream | 125g,$15.45$12.36/ 100g,https://www.coles.com.au/_next/image?url=https%3A%2F%2Fcdn.productimages.coles.com.au%2Fproductimages%2F8%2F8837317.jpg&w=640&q=90
Alula Gold Newborn 0-6 Months Infant Formula | 900g,$30.00$3.33/ 100g,https://www.coles.com.au/_next/image?url=https%3A%2F%2Fcdn.productimages.coles.com.au%2Fproductimages%2F3%2F3025609.jpg&w=640&q=90
Bunjie Baby Top To Toe Wash | 500mL,$14.00Save $6.00$2.80/ 100mL | Was $20.00,https://www.coles.com.au/_next/image?url=https%3A%2F%2Fcdn.productimages.coles.com.au%2Fproductimages%2F5%2F5356913.jpg&w=640&q=90
Rascals Premium Nappies Size 1 (3-5kg) | 54 Pack,$17.50$0.32/ 1ea,https://www.coles.com.au/_next/image?url=https%3A%2F%2Fcdn.productimages.coles.com.au%2Fproductimages%2F3%2F3301150.jpg&w=640&q=90
Cetaphil Baby Moisturising Bath & Wash | 400mL,$11.00Save $4.75$2.75/ 100mL | Was $15.75,https://www.coles.com.au/_next/image?url=https%3A%2F%2Fcdn.productimages.coles.com.au%2Fproductimages%2F5%2F5335505.jpg&w=640&q=90
Rafferty's Garden Banana Pear & Mango Baby Food Puree Pouch 4+ Mon ... 120g,$1.90Save $0.40$1.58/ 100g | Was $2.30,https://www.coles.com.au/_next/image?url=https%3A%2F%2Fcdn.productimages.coles.com.au%2Fproductimages%2F6%2F6027178.jpg&w=640&q=90
WaterWipes Baby & Newborn Sensitive Wipes | 360 Pack,$40.00$11.11/ 100ea,https://www.coles.com.au/_next/image?url=https%3A%2F%2Fcdn.productimages.coles.com.au%2Fproductimages%2F1%2F1282520.jpg&w=640&q=90
Rafferty's Garden Tummy Puffs Pear & Mango 12 Months | 12g,$2.20$18.33/ 100g,https://www.coles.com.au/_next/image?url=https%3A%2F%2Fcdn.productimages.coles.com.au%2Fproductimages%2F1%2F1854351.jpg&w=640&q=90
Rafferty's Garden Happy Tummies Banana Prune & Oats 12m+ | 120g,$2.00Save $0.85$1.67/ 100g | Was $2.85,https://www.coles.com.au/_next/image?url=https%3A%2F%2Fcdn.productimages.coles.com.au%2Fproductimages%2F1%2F1115303.jpg&w=640&q=90
Rafferty's Garden Nurture Immunity Berries Pear & Oats 12m+ | 120g,$2.00Save $0.85$1.67/ 100g | Was $2.85,https://www.coles.com.au/_next/image?url=https%3A%2F%2Fcdn.productimages.coles.com.au%2Fproductimages%2F1%2F1115336.jpg&w=640&q=90
CUB Nappies Unisex Infant Size 2 (4-8kg) | 56 Pack,$11.50$0.21/ 1ea,https://www.coles.com.au/_next/image?url=https%3A%2F%2Fcdn.productimages.coles.com.au%2Fproductimages%2F3%2F3720764.jpg&w=640&q=90
DryNites Night Time Pants For Girls 2-4 Years (13-20kg) | 10 Pack,$12.00$1.20/ 1ea,https://www.coles.com.au/_next/image?url=https%3A%2F%2Fcdn.productimages.coles.com.au%2Fproductimages%2F5%2F5062934.jpg&w=640&q=90
Rascals Premium Sensitive Wipes Plastic Free Cloth 3x80 Multi-pack | 240 Pack,$12.00$5.00/ 100ea,https://www.coles.com.au/_next/image?url=https%3A%2F%2Fcdn.productimages.coles.com.au%2Fproductimages%2F7%2F7060725.jpg&w=640&q=90
Rascals Premium Sensitive Wipes Plastic Free Cloth | 640 Pack,$23.50$3.67/ 100ea,https://www.coles.com.au/_next/image?url=https%3A%2F%2Fcdn.productimages.coles.com.au%2Fproductimages%2F8%2F8017812.jpg&w=640&q=90
Rafferty's Garden Little Smoothie Coconut Mango & Passionfruit Nas 1-5y | 120g,$2.00Save $0.85$1.67/ 100g | Was $2.85,https://www.coles.com.au/_next/image?url=https%3A%2F%2Fcdn.productimages.coles.com.au%2Fproductimages%2F1%2F1115358.jpg&w=640&q=90
Bellamy's Organic Cereal Vanilla Rice Custard | 125g,$3.95$3.16/ 100g,https://www.coles.com.au/_next/image?url=https%3A%2F%2Fcdn.productimages.coles.com.au%2Fproductimages%2F2%2F2131553.jpg&w=640&q=90
Marquise Baby Dry Wipes | 70 Pack,$5.50$7.86/ 100ea,https://www.coles.com.au/_next/image?url=https%3A%2F%2Fcdn.productimages.coles.com.au%2Fproductimages%2F1%2F1838865.jpg&w=640&q=90
Huggies Little Sleepers Nappies Size 3: 36 Pack | 36 Pack,$13.00Save $9.00$0.36/ 1ea | Was $22.00,https://www.coles.com.au/_next/image?url=https%3A%2F%2Fcdn.productimages.coles.com.au%2Fproductimages%2F9%2F9263483.jpg&w=640&q=90
Bellamy's Organic Infant Formula Step 1 | 800g,$33.00$4.13/ 100g,https://www.coles.com.au/_next/image?url=https%3A%2F%2Fcdn.productimages.coles.com.au%2Fproductimages%2F9%2F9960410.jpg&w=640&q=90
Huggies Pure & Sensitive Nappy Pants Size 4 | 54 Pack,$35.00$0.65/ 1ea,https://www.coles.com.au/_next/image?url=https%3A%2F%2Fcdn.productimages.coles.com.au%2Fproductimages%2F9%2F9263440.jpg&w=640&q=90
Tooshies Biodegrable Nappy Bags | 40 Pack,$6.00$0.15/ 1ea,https://www.coles.com.au/_next/image?url=https%3A%2F%2Fcdn.productimages.coles.com.au%2Fproductimages%2F5%2F5239669.jpg&w=640&q=90
Rascals Premium Swim Pants Large (13-18kg) | 12 Pack,$15.00$1.25/ 1ea,https://www.coles.com.au/_next/image?url=https%3A%2F%2Fcdn.productimages.coles.com.au%2Fproductimages%2F8%2F8017787.jpg&w=640&q=90
Huggies Little Swimmers Swim Nappies Medium (11-15kg) | 11 Pack,$17.00$1.55/ 1ea,https://www.coles.com.au/_next/image?url=https%3A%2F%2Fcdn.productimages.coles.com.au%2Fproductimages%2F8%2F8383333.jpg&w=640&q=90
Huggies Little Swimmers Swim Nappies Large (14+kg) | 10 Pack,$17.00$1.70/ 1ea,https://www.coles.com.au/_next/image?url=https%3A%2F%2Fcdn.productimages.coles.com.au%2Fproductimages%2F8%2F8383413.jpg&w=640&q=90
Babylove Cosifit Nappies Size 3 (6-11kg) | 72 Pack,$30.00$0.42/ 1ea,https://www.coles.com.au/_next/image?url=https%3A%2F%2Fcdn.productimages.coles.com.au%2Fproductimages%2F4%2F4165137.jpg&w=640&q=90
Huggies Ultra Dry Nappies Boys Size 4 (10-15kg) | 72 Pack,$40.00$0.56/ 1ea,https://www.coles.com.au/_next/image?url=https%3A%2F%2Fcdn.productimages.coles.com.au%2Fproductimages%2F9%2F9224109.jpg&w=640&q=90
Heinz Pumpkin & Corn Baby Food Pouch 4+ Months | 120g,$1.60$1.33/ 100g,https://www.coles.com.au/_next/image?url=https%3A%2F%2Fcdn.productimages.coles.com.au%2Fproductimages%2F6%2F6295552.jpg&w=640&q=90
Rafferty's Garden Smart Start Banana Blueberry & Spinach 12m+ | 120g,$2.00Save $0.85$1.67/ 100g | Was $2.85,https://www.coles.com.au/_next/image?url=https%3A%2F%2Fcdn.productimages.coles.com.au%2Fproductimages%2F1%2F1115325.jpg&w=640&q=90
Coles Assure Pants For Women Large | 8 Pack,$9.30$1.16/ 1ea,https://www.coles.com.au/_next/image?url=https%3A%2F%2Fcdn.productimages.coles.com.au%2Fproductimages%2F3%2F3534216.jpg&w=640&q=90
Bunjie Baby Bubble Bath | 500mL,$11.20Save $4.80$2.24/ 100mL | Was $16.00,https://www.coles.com.au/_next/image?url=https%3A%2F%2Fcdn.productimages.coles.com.au%2Fproductimages%2F5%2F5356629.jpg&w=640&q=90
Rascals 99% Water Premium Wipes | 216 Pack,$12.00$5.56/ 100ea,https://www.coles.com.au/_next/image?url=https%3A%2F%2Fcdn.productimages.coles.com.au%2Fproductimages%2F8%2F8017823.jpg&w=640&q=90
Depend Real Fit Incontinence Underwear Regular Women Ex ... 8 Pack,$12.20Save $3.05$1.53/ 1ea | Was $15.25,https://www.coles.com.au/_next/image?url=https%3A%2F%2Fcdn.productimages.coles.com.au%2Fproductimages%2F1%2F1721471.jpg&w=640&q=90
Bellamy's Organic Toddler Milk Drink Step 3 | 800g,$36.30$4.54/ 100g,https://www.coles.com.au/_next/image?url=https%3A%2F%2Fcdn.productimages.coles.com.au%2Fproductimages%2F9%2F9960487.jpg&w=640&q=90
Aptamil Profutura Stage 1 | 800g,$40.00$5.00/ 100g,https://www.coles.com.au/_next/image?url=https%3A%2F%2Fcdn.productimages.coles.com.au%2Fproductimages%2F1%2F1828941.jpg&w=640&q=90
Sudocrem Healing Cream Tub | 400g,$38.60$9.65/ 100g,https://www.coles.com.au/_next/image?url=https%3A%2F%2Fcdn.productimages.coles.com.au%2Fproductimages%2F3%2F3594160.jpg&w=640&q=90
Huggies Ultra Dry Nappies Boys Size 6 (16kg+) | 60 Pack,$40.00$0.67/ 1ea,https://www.coles.com.au/_next/image?url=https%3A%2F%2Fcdn.productimages.coles.com.au%2Fproductimages%2F4%2F4154990.jpg&w=640&q=90
Huggies Ultra Dry Nappies Boys Size 3 (6-11kg) | 90 Pack,$40.00$0.44/ 1ea,https://www.coles.com.au/_next/image?url=https%3A%2F%2Fcdn.productimages.coles.com.au%2Fproductimages%2F9%2F9224084.jpg&w=640&q=90
Huggies Ultra Dry Nappies Girls Size 3 (6-11kg) | 90 Pack,$40.00$0.44/ 1ea,https://www.coles.com.au/_next/image?url=https%3A%2F%2Fcdn.productimages.coles.com.au%2Fproductimages%2F9%2F9224095.jpg&w=640&q=90
Little Bellies Organic Sweet Cinnamon Softcorn | 32g,$6.00Save $1.50$18.75/ 100g | Was $7.50,https://www.coles.com.au/_next/image?url=https%3A%2F%2Fcdn.productimages.coles.com.au%2Fproductimages%2F8%2F8420509.jpg&w=640&q=90
Curash Baby Rash Powder With Cornstarch | 100g,$8.50$8.50/ 100g,https://www.coles.com.au/_next/image?url=https%3A%2F%2Fcdn.productimages.coles.com.au%2Fproductimages%2F7%2F7060995.jpg&w=640&q=90
Bepanthen Nappy Rash Ointment | 30g,$8.50$28.33/ 100g,https://www.coles.com.au/_next/image?url=https%3A%2F%2Fcdn.productimages.coles.com.au%2Fproductimages%2F7%2F7087765.jpg&w=640&q=90
Huggies Ultra Dry Nappy Pants Girls Size 4 (9-14kg) | 29 Pack,$22.00$0.76/ 1ea,https://www.coles.com.au/_next/image?url=https%3A%2F%2Fcdn.productimages.coles.com.au%2Fproductimages%2F2%2F2848241.jpg&w=640&q=90
Aptamil Profutura Stage 2 | 800g,$40.00$5.00/ 100g,https://www.coles.com.au/_next/image?url=https%3A%2F%2Fcdn.productimages.coles.com.au%2Fproductimages%2F1%2F1828974.jpg&w=640&q=90
Little Bellies Organic Carrot & Cinnamon Paws 10+ Months | 12g,$2.15$17.92/ 100g,https://www.coles.com.au/_next/image?url=https%3A%2F%2Fcdn.productimages.coles.com.au%2Fproductimages%2F6%2F6293660.jpg&w=640&q=90
Coles Assure Pants For Women Medium | 8 Pack,$9.30$1.16/ 1ea,https://www.coles.com.au/_next/image?url=https%3A%2F%2Fcdn.productimages.coles.com.au%2Fproductimages%2F3%2F3534180.jpg&w=640&q=90
Fess Little Noses Spray | 15mL,$12.85$85.67/ 100mL,https://www.coles.com.au/_next/image?url=https%3A%2F%2Fcdn.productimages.coles.com.au%2Fproductimages%2F7%2F7105459.jpg&w=640&q=90
Gaia Natural Baby Hair & Body Wash | 500mL,$17.00$3.40/ 100mL,https://www.coles.com.au/_next/image?url=https%3A%2F%2Fcdn.productimages.coles.com.au%2Fproductimages%2F1%2F1516199.jpg&w=640&q=90
Tena Discreet Super Creme Incontinence Pants Large | 8 Pack,$19.80$2.48/ 1ea,https://www.coles.com.au/_next/image?url=https%3A%2F%2Fcdn.productimages.coles.com.au%2Fproductimages%2F3%2F3512155.jpg&w=640&q=90
Huggies Ultra Dry Nappy Pants Girls Size 5 (12-17kg) | 26 Pack,$22.00$0.85/ 1ea,https://www.coles.com.au/_next/image?url=https%3A%2F%2Fcdn.productimages.coles.com.au%2Fproductimages%2F2%2F2848263.jpg&w=640&q=90
Rascals Premium Nappies Size 2 (4-8kg) | 96 Pack,$31.00$0.32/ 1ea,https://www.coles.com.au/_next/image?url=https%3A%2F%2Fcdn.productimages.coles.com.au%2Fproductimages%2F3%2F3597362.jpg&w=640&q=90
Rascals Premium Nappy Pants Size 7 (17kg+) | 42 Pack,$31.00$0.74/ 1ea,https://www.coles.com.au/_next/image?url=https%3A%2F%2Fcdn.productimages.coles.com.au%2Fproductimages%2F8%2F8017798.jpg&w=640&q=90
Aptamil Allerpro Syneo Baby Formula Stage 2 | 900g,$44.00$4.89/ 100g,https://www.coles.com.au/_next/image?url=https%3A%2F%2Fcdn.productimages.coles.com.au%2Fproductimages%2F6%2F6187301.jpg&w=640&q=90
Only Organic Banana & Apple Pouch 4+ Months | 120g,$1.80Save $0.50$1.50/ 100g | Was $2.30,https://www.coles.com.au/_next/image?url=https%3A%2F%2Fcdn.productimages.coles.com.au%2Fproductimages%2F6%2F6295304.jpg&w=640&q=90
Little Bellies Organic Cocoa & Vanilla 123's Biscuits | 130g,$5.50$4.23/ 100g,https://www.coles.com.au/_next/image?url=https%3A%2F%2Fcdn.productimages.coles.com.au%2Fproductimages%2F5%2F5033583.jpg&w=640&q=90
B.Box Sippy Cup Replacement Straw Set | 1 Each,$10.00$10.00/ 1ea,https://www.coles.com.au/_next/image?url=https%3A%2F%2Fcdn.productimages.coles.com.au%2Fproductimages%2F3%2F3841565.jpg&w=640&q=90
Rascals Premium Nappies Size 2 (4-8kg) | 48 Pack,$17.50$0.36/ 1ea,https://www.coles.com.au/_next/image?url=https%3A%2F%2Fcdn.productimages.coles.com.au%2Fproductimages%2F3%2F3301149.jpg&w=640&q=90
Rascals Premium Nappies Size 4 (10-15kg) | 36 Pack,$17.50$0.49/ 1ea,https://www.coles.com.au/_next/image?url=https%3A%2F%2Fcdn.productimages.coles.com.au%2Fproductimages%2F3%2F3301127.jpg&w=640&q=90
Rascals Premium Nappies Size 4 (10-15kg) | 72 Pack,$31.00$0.43/ 1ea,https://www.coles.com.au/_next/image?url=https%3A%2F%2Fcdn.productimages.coles.com.au%2Fproductimages%2F3%2F3597384.jpg&w=640&q=90
Alula Gentle Newborn 0-6 Months Infant Formula | 900g,$19.00$2.11/ 100g,https://www.coles.com.au/_next/image?url=https%3A%2F%2Fcdn.productimages.coles.com.au%2Fproductimages%2F3%2F3025824.jpg&w=640&q=90
Rascals Premium Nappy Pants Size 5 (13-18kg) | 26 Pack,$17.50$0.67/ 1ea,https://www.coles.com.au/_next/image?url=https%3A%2F%2Fcdn.productimages.coles.com.au%2Fproductimages%2F3%2F3445932.jpg&w=640&q=90
Ease A Cold Kids Cold And Flu Chewable Tablets | 24 Pack,$15.50$0.65/ 1ea,https://www.coles.com.au/_next/image?url=https%3A%2F%2Fcdn.productimages.coles.com.au%2Fproductimages%2F5%2F5725485.jpg&w=640&q=90
Cetaphil Baby Daily Lotion With Shea Butter | 400mL,$11.00Save $4.80$2.75/ 100mL | Was $15.80,https://www.coles.com.au/_next/image?url=https%3A%2F%2Fcdn.productimages.coles.com.au%2Fproductimages%2F2%2F2459261.jpg&w=640&q=90
Rascals Premium Nappy Pants Size 6 (15-20kg) | 46 Pack,$31.00$0.67/ 1ea,https://www.coles.com.au/_next/image?url=https%3A%2F%2Fcdn.productimages.coles.com.au%2Fproductimages%2F3%2F3613902.jpg&w=640&q=90
Rascals Premium Nappies Size 3 (6-11kg) | 88 Pack,$31.00$0.35/ 1ea,https://www.coles.com.au/_next/image?url=https%3A%2F%2Fcdn.productimages.coles.com.au%2Fproductimages%2F5%2F5487693.jpg&w=640&q=90
Rascals Premium Nappy Pants Size 5 (13-18kg) | 50 Pack,$31.00$0.62/ 1ea,https://www.coles.com.au/_next/image?url=https%3A%2F%2Fcdn.productimages.coles.com.au%2Fproductimages%2F3%2F3613899.jpg&w=640&q=90
Aptamil Gold+ 1 Infant Formula Powder Sachet From Birth To 6 M ... 5 Pack,$4.00$0.80/ 1ea,https://www.coles.com.au/_next/image?url=https%3A%2F%2Fcdn.productimages.coles.com.au%2Fproductimages%2F7%2F7684684.jpg&w=640&q=90
Little Bellies Organic Raspberry & Apple Nibblers | 20g,$5.00$25.00/ 100g,https://www.coles.com.au/_next/image?url=https%3A%2F%2Fcdn.productimages.coles.com.au%2Fproductimages%2F1%2F1819328.jpg&w=640&q=90
Rascals Premium Nappies Size 1 (3-5kg) | 54 Pack,$17.50$0.32/ 1ea,https://www.coles.com.au/_next/image?url=https%3A%2F%2Fcdn.productimages.coles.com.au%2Fproductimages%2F3%2F3301150.jpg&w=640&q=90
Tena Discreet Creme Super Incontinence Pants Medium | 9 Pack,$19.80$2.20/ 1ea,https://www.coles.com.au/_next/image?url=https%3A%2F%2Fcdn.productimages.coles.com.au%2Fproductimages%2F3%2F3512100.jpg&w=640&q=90
Nestle Nan Supremepro 3 Toddler Milk Drink From 1 Year | 800g,$23.10Save $9.90$2.89/ 100g | Was $33.00,https://www.coles.com.au/_next/image?url=https%3A%2F%2Fcdn.productimages.coles.com.au%2Fproductimages%2F4%2F4161840.jpg&w=640&q=90
Aptamil Gold+ 4 Junior Nutritional Supplement From 2 Years | 900g,$29.15$3.24/ 100g,https://www.coles.com.au/_next/image?url=https%3A%2F%2Fcdn.productimages.coles.com.au%2Fproductimages%2F7%2F7733189.jpg&w=640&q=90
Aptamil Allerpro Syneo Baby Formula Stage 1 | 900g,$44.00$4.89/ 100g,https://www.coles.com.au/_next/image?url=https%3A%2F%2Fcdn.productimages.coles.com.au%2Fproductimages%2F6%2F6187265.jpg&w=640&q=90
Jordan Baby Toothbrush 0-2 Years | 1 each,$2.75Save $2.75$2.75/ 1ea | Was $5.50,https://www.coles.com.au/_next/image?url=https%3A%2F%2Fcdn.productimages.coles.com.au%2Fproductimages%2F6%2F6607600.jpg&w=640&q=90
CUB Baby Wash Head To Toe | 500mL,$5.00$1.00/ 100mL,https://www.coles.com.au/_next/image?url=https%3A%2F%2Fcdn.productimages.coles.com.au%2Fproductimages%2F3%2F3506855.jpg&w=640&q=90
Tooshies Disposable Change Mats | 10 Pack,$8.50$0.85/ 1ea,https://www.coles.com.au/_next/image?url=https%3A%2F%2Fcdn.productimages.coles.com.au%2Fproductimages%2F1%2F1282509.jpg&w=640&q=90
Tommee Tippee Night Time Baby Dummy 2 Pack 18-36m | 2 Pack,$12.00$6.00/ 1ea,https://www.coles.com.au/_next/image?url=https%3A%2F%2Fcdn.productimages.coles.com.au%2Fproductimages%2F3%2F3478942.jpg&w=640&q=90
Depend Real Fit Night Defence Incontinence Underwear Wome ... 8 Pack,$12.40Save $3.10$1.55/ 1ea | Was $15.50,https://www.coles.com.au/_next/image?url=https%3A%2F%2Fcdn.productimages.coles.com.au%2Fproductimages%2F4%2F4186104.jpg&w=640&q=90
Nestle Nan Expertpro Reflux Formula For Regurgitation From  ... 800g,$29.00$3.63/ 100g,https://www.coles.com.au/_next/image?url=https%3A%2F%2Fcdn.productimages.coles.com.au%2Fproductimages%2F4%2F4163346.jpg&w=640&q=90
Biogaia Protectis Baby Probiotic Drops Vit D | 5mL,$39.00$780.00/ 100mL,https://www.coles.com.au/_next/image?url=https%3A%2F%2Fcdn.productimages.coles.com.au%2Fproductimages%2F1%2F1282382.jpg&w=640&q=90
a2 Platinum Premium Follow-on Formula Stage 2 | 900g,$43.00$4.78/ 100g,https://www.coles.com.au/_next/image?url=https%3A%2F%2Fcdn.productimages.coles.com.au%2Fproductimages%2F5%2F5488186.jpg&w=640&q=90
Little Bellies Organic Cheddar Cheese Softcorn | 30g,$5.00$16.67/ 100g,https://www.coles.com.au/_next/image?url=https%3A%2F%2Fcdn.productimages.coles.com.au%2Fproductimages%2F1%2F1819394.jpg&w=640&q=90
Rascals Premium Sensitive Wipes Plastic Free Cloth Refillable Tub | 80 Pack,$5.00Save $1.00$6.25/ 100ea | Was $6.00,https://www.coles.com.au/_next/image?url=https%3A%2F%2Fcdn.productimages.coles.com.au%2Fproductimages%2F7%2F7085362.jpg&w=640&q=90
CUB 2 In 1 Bottle & Teat Brush With Silicone Base | 1 each,$8.00$8.00/ 1ea,https://www.coles.com.au/_next/image?url=https%3A%2F%2Fcdn.productimages.coles.com.au%2Fproductimages%2F4%2F4145934.jpg&w=640&q=90
Huggies Ultra Dry Nappy Pants Boy Size 7 17kg | 22 Pack,$22.00$1.00/ 1ea,https://www.coles.com.au/_next/image?url=https%3A%2F%2Fcdn.productimages.coles.com.au%2Fproductimages%2F1%2F1747384.jpg&w=640&q=90
Alula Gold Toddler 1 Year+ Milk Drink | 900g,$29.15$3.24/ 100g,https://www.coles.com.au/_next/image?url=https%3A%2F%2Fcdn.productimages.coles.com.au%2Fproductimages%2F3%2F3025766.jpg&w=640&q=90
a2 Gentle Gold Premium Infant Formula Stage 1 | 800g,$29.50$3.69/ 100g,https://www.coles.com.au/_next/image?url=https%3A%2F%2Fcdn.productimages.coles.com.au%2Fproductimages%2F7%2F7713829.jpg&w=640&q=90
Coles Assure Incontinence Pads Regular | 14 Pack,$2.85$0.20/ 1ea,https://www.coles.com.au/_next/image?url=https%3A%2F%2Fcdn.productimages.coles.com.au%2Fproductimages%2F6%2F6199606.jpg&w=640&q=90
Kiddylicious Straws Salt & Vinegar 4x12g | 48g,$7.80$16.25/ 100g,https://www.coles.com.au/_next/image?url=https%3A%2F%2Fcdn.productimages.coles.com.au%2Fproductimages%2F1%2F1854533.jpg&w=640&q=90
Coles Pregnancy Midstream Test | 3 Pack,$10.00$3.33/ 1ea,https://www.coles.com.au/_next/image?url=https%3A%2F%2Fcdn.productimages.coles.com.au%2Fproductimages%2F3%2F3111427.jpg&w=640&q=90
B.box Sippy Cup 240ml 6+ Months | 1 Each,$16.50$16.50/ 1ea,https://www.coles.com.au/_next/image?url=https%3A%2F%2Fcdn.productimages.coles.com.au%2Fproductimages%2F3%2F3510207.jpg&w=640&q=90
Huggies Ultra Dry Nappy Pants Girl Size 7 17kg | 22 Pack,$22.00$1.00/ 1ea,https://www.coles.com.au/_next/image?url=https%3A%2F%2Fcdn.productimages.coles.com.au%2Fproductimages%2F1%2F1747409.jpg&w=640&q=90
Tooshies Eco Nappies Size 3 Crawler | 44 Pack,$26.00$0.59/ 1ea,https://www.coles.com.au/_next/image?url=https%3A%2F%2Fcdn.productimages.coles.com.au%2Fproductimages%2F3%2F3746983.jpg&w=640&q=90
Aptamil Prosyneo Sensitive Baby Infant Formula Formulated For Tole ... 900g,$34.00$3.78/ 100g,https://www.coles.com.au/_next/image?url=https%3A%2F%2Fcdn.productimages.coles.com.au%2Fproductimages%2F3%2F3672945.jpg&w=640&q=90
Only Organic Snack Bandits Banana Vanilla & Yoghurt Smoothie 3+ Years | 120g,$2.85$2.38/ 100g,https://www.coles.com.au/_next/image?url=https%3A%2F%2Fcdn.productimages.coles.com.au%2Fproductimages%2F1%2F1819725.jpg&w=640&q=90
Johnson's 3-in-1 Hypoallergenic Gentle Tear-free Conditioning  ... 500mL,$7.50Save $5.00$1.50/ 100mL | Was $12.50,https://www.coles.com.au/_next/image?url=https%3A%2F%2Fcdn.productimages.coles.com.au%2Fproductimages%2F8%2F8593176.jpg&w=640&q=90
Aptamil Gold+ Reflux Baby Infant Formula Regurgitation Or Mil ... 900g,$34.00$3.78/ 100g,https://www.coles.com.au/_next/image?url=https%3A%2F%2Fcdn.productimages.coles.com.au%2Fproductimages%2F3%2F3773498.jpg&w=640&q=90
Aptamil Profutura Toddler Formula From 1 Year | 900g,$47.30$5.26/ 100g,https://www.coles.com.au/_next/image?url=https%3A%2F%2Fcdn.productimages.coles.com.au%2Fproductimages%2F4%2F4150093.jpg&w=640&q=90
Rafferty's Garden Puffs Plus Strawberry Smiley Puffs 10m+ | 30g,$4.00$13.33/ 100g,https://www.coles.com.au/_next/image?url=https%3A%2F%2Fcdn.productimages.coles.com.au%2Fproductimages%2F1%2F1115369.jpg&w=640&q=90
QV 2 In 1 Shampoo And Conditioner | 250g,$16.50$6.60/ 100g,https://www.coles.com.au/_next/image?url=https%3A%2F%2Fcdn.productimages.coles.com.au%2Fproductimages%2F1%2F1077532.jpg&w=640&q=90
a2 Gentle Gold Premium Follow-on Formula Stage 2 | 800g,$29.50$3.69/ 100g,https://www.coles.com.au/_next/image?url=https%3A%2F%2Fcdn.productimages.coles.com.au%2Fproductimages%2F7%2F7713997.jpg&w=640&q=90
Only Organic Snack Bandits Blackberry Pear & Coconut Smoothie | 120g,$2.85$2.38/ 100g,https://www.coles.com.au/_next/image?url=https%3A%2F%2Fcdn.productimages.coles.com.au%2Fproductimages%2F1%2F1114923.jpg&w=640&q=90
Kiddylicious Banana Fruty Puffs 4 Pack | 40g,$7.80$19.50/ 100g,https://www.coles.com.au/_next/image?url=https%3A%2F%2Fcdn.productimages.coles.com.au%2Fproductimages%2F5%2F5045924.jpg&w=640&q=90
Tommee Tippee Baby Cherry Latex Dummy 2 Pack 18-36m | 2 Pack,$9.00$4.50/ 1ea,https://www.coles.com.au/_next/image?url=https%3A%2F%2Fcdn.productimages.coles.com.au%2Fproductimages%2F5%2F5331082.jpg&w=640&q=90
Depend Real Fit Incontinence Underwear Regular Women La ... 8 Pack,$12.20Save $3.05$1.53/ 1ea | Was $15.25,https://www.coles.com.au/_next/image?url=https%3A%2F%2Fcdn.productimages.coles.com.au%2Fproductimages%2F2%2F2065867.jpg&w=640&q=90
QV Baby Barrier Cream | 125g,$14.50$11.60/ 100g,https://www.coles.com.au/_next/image?url=https%3A%2F%2Fcdn.productimages.coles.com.au%2Fproductimages%2F7%2F7062946.jpg&w=640&q=90
Babylove Nappy Pants Size 4 (9-14kg) | 56 Pack,$24.00Save $7.00$0.43/ 1ea | Was $31.00,https://www.coles.com.au/_next/image?url=https%3A%2F%2Fcdn.productimages.coles.com.au%2Fproductimages%2F9%2F9860438.jpg&w=640&q=90
Tooshies Eco Nappies Size 2 Infant | 48 Pack,$26.00$0.54/ 1ea,https://www.coles.com.au/_next/image?url=https%3A%2F%2Fcdn.productimages.coles.com.au%2Fproductimages%2F3%2F3746961.jpg&w=640&q=90
Tooshies Eco Nappies Size 4 Toddler | 36 Pack,$26.00$0.72/ 1ea,https://www.coles.com.au/_next/image?url=https%3A%2F%2Fcdn.productimages.coles.com.au%2Fproductimages%2F3%2F3747013.jpg&w=640&q=90
Oli6 Stage 2 Goat Milk Follow On Formula 6-12 Months | 800g,$39.50$4.94/ 100g,https://www.coles.com.au/_next/image?url=https%3A%2F%2Fcdn.productimages.coles.com.au%2Fproductimages%2F3%2F3469373.jpg&w=640&q=90
Only Organic Stage 1 Carrot & Sweetcorn | 120g,$1.80Save $0.50$1.50/ 100g | Was $2.30,https://www.coles.com.au/_next/image?url=https%3A%2F%2Fcdn.productimages.coles.com.au%2Fproductimages%2F1%2F1854442.jpg&w=640&q=90
Rafferty's Garden Blueberry Banana & Pear Yoghurt Brekkie Baby Food  ... 120g,$1.90Save $0.40$1.58/ 100g | Was $2.30,https://www.coles.com.au/_next/image?url=https%3A%2F%2Fcdn.productimages.coles.com.au%2Fproductimages%2F5%2F5046600.jpg&w=640&q=90
Ease A Cold Kids Cough Cold & Flu Liquid | 180mL,$20.00$11.11/ 100mL,https://www.coles.com.au/_next/image?url=https%3A%2F%2Fcdn.productimages.coles.com.au%2Fproductimages%2F6%2F6134804.jpg&w=640&q=90
Rascals Premium Nappy Pants Size 7 (17+kg) | 22 Pack,$17.50$0.80/ 1ea,https://www.coles.com.au/_next/image?url=https%3A%2F%2Fcdn.productimages.coles.com.au%2Fproductimages%2F6%2F6398737.jpg&w=640&q=90
Rascals Premium Nappies Size 5 (13-18kg) | 32 Pack,$17.50$0.55/ 1ea,https://www.coles.com.au/_next/image?url=https%3A%2F%2Fcdn.productimages.coles.com.au%2Fproductimages%2F3%2F3301116.jpg&w=640&q=90
Subo Food Bottle Duck Egg 210ml | 1 each,$35.00$35.00/ 1ea,https://www.coles.com.au/_next/image?url=https%3A%2F%2Fcdn.productimages.coles.com.au%2Fproductimages%2F7%2F7069956.jpg&w=640&q=90
Rascals Premium Nappy Pants Size 4 (10-15kg) | 56 Pack,$31.00$0.55/ 1ea,https://www.coles.com.au/_next/image?url=https%3A%2F%2Fcdn.productimages.coles.com.au%2Fproductimages%2F3%2F3613877.jpg&w=640&q=90
Infacol Wind Drops | 50mL,$20.00$40.00/ 100mL,https://www.coles.com.au/_next/image?url=https%3A%2F%2Fcdn.productimages.coles.com.au%2Fproductimages%2F3%2F3506902.jpg&w=640&q=90
Raffertys Garden Strawberry & Chia Pressed Bars 1-3 Years | 90g,$5.50$6.11/ 100g,https://www.coles.com.au/_next/image?url=https%3A%2F%2Fcdn.productimages.coles.com.au%2Fproductimages%2F8%2F8403769.jpg&w=640&q=90
Tommee Tippee Ultralight Soother 0-6m | 2 Pack,$15.00$7.50/ 1ea,https://www.coles.com.au/_next/image?url=https%3A%2F%2Fcdn.productimages.coles.com.au%2Fproductimages%2F1%2F1143987.jpg&w=640&q=90
B.box Sippy Cup 240ml 6+ Months | 1 Each,$16.50$16.50/ 1ea,https://www.coles.com.au/_next/image?url=https%3A%2F%2Fcdn.productimages.coles.com.au%2Fproductimages%2F3%2F3510207.jpg&w=640&q=90
Aptamil Gold+ 2 Baby Formula Powder Sachets From 6 To 12 Mont ... 4 Pack,$4.00$1.00/ 1ea,https://www.coles.com.au/_next/image?url=https%3A%2F%2Fcdn.productimages.coles.com.au%2Fproductimages%2F7%2F7684662.jpg&w=640&q=90
Johnson's Gentle Mild Moisturising Baby Oil | 200mL,$6.50$3.25/ 100mL,https://www.coles.com.au/_next/image?url=https%3A%2F%2Fcdn.productimages.coles.com.au%2Fproductimages%2F1%2F135804.jpg&w=640&q=90
Johnson's Gentle Fresh Scented Mild Moisturising Baby Lotion | 500mL,$6.60Save $4.40$1.32/ 100mL | Was $11.00,https://www.coles.com.au/_next/image?url=https%3A%2F%2Fcdn.productimages.coles.com.au%2Fproductimages%2F2%2F2391601.jpg&w=640&q=90
Euky Bearub | 50g,$8.10$16.20/ 100g,https://www.coles.com.au/_next/image?url=https%3A%2F%2Fcdn.productimages.coles.com.au%2Fproductimages%2F5%2F5356979.jpg&w=640&q=90
Rascals Premium Nappy Pants Size 6 (15-20kg) | 46 Pack,$31.00$0.67/ 1ea,https://www.coles.com.au/_next/image?url=https%3A%2F%2Fcdn.productimages.coles.com.au%2Fproductimages%2F3%2F3613902.jpg&w=640&q=90
CUB 100% Pure Cotton Ripple | 100g,$2.20$2.20/ 100g,https://www.coles.com.au/_next/image?url=https%3A%2F%2Fcdn.productimages.coles.com.au%2Fproductimages%2F3%2F3754198.jpg&w=640&q=90
Huggies Clean And GO Mini Wipes 8 Pack | 1 Each,$2.28Save $1.22$2.28/ 1ea | Was $3.50,https://www.coles.com.au/_next/image?url=https%3A%2F%2Fcdn.productimages.coles.com.au%2Fproductimages%2F1%2F1838774.jpg&w=640&q=90
Nan Expertpro Formula Lactose Intolerence | 400g,$16.40$4.10/ 100g,https://www.coles.com.au/_next/image?url=https%3A%2F%2Fcdn.productimages.coles.com.au%2Fproductimages%2F6%2F6179551.jpg&w=640&q=90
Gaia Natural Baby Sleeptime Bath | 500mL,$17.00$3.40/ 100mL,https://www.coles.com.au/_next/image?url=https%3A%2F%2Fcdn.productimages.coles.com.au%2Fproductimages%2F1%2F1516188.jpg&w=640&q=90
Nestle Nan Optipro 3 Toddler Milk Drink Stage 3 | 800g,$27.50$3.44/ 100g,https://www.coles.com.au/_next/image?url=https%3A%2F%2Fcdn.productimages.coles.com.au%2Fproductimages%2F4%2F4161996.jpg&w=640&q=90
a2 Gentle Gold Premium Toddler Milk Drink Stage 3 | 800g,$29.50$3.69/ 100g,https://www.coles.com.au/_next/image?url=https%3A%2F%2Fcdn.productimages.coles.com.au%2Fproductimages%2F7%2F7714016.jpg&w=640&q=90
Bubs Goat Milk Infant Formula Stage 1 | 800g,$42.00$5.25/ 100g,https://www.coles.com.au/_next/image?url=https%3A%2F%2Fcdn.productimages.coles.com.au%2Fproductimages%2F2%2F2738505.jpg&w=640&q=90
a2 Platinum Premium Toddler Milk Drink Stage 3 | 900g,$43.00$4.78/ 100g,https://www.coles.com.au/_next/image?url=https%3A%2F%2Fcdn.productimages.coles.com.au%2Fproductimages%2F5%2F5488266.jpg&w=640&q=90
Only Organic Snack Bandits Mango Goji & Yoghurt Smoothie 3+ Years | 120g,$2.85$2.38/ 100g,https://www.coles.com.au/_next/image?url=https%3A%2F%2Fcdn.productimages.coles.com.au%2Fproductimages%2F1%2F1819703.jpg&w=640&q=90
Little Bellies Organic Blueberry & Banana Nibblers | 20g,$5.00$25.00/ 100g,https://www.coles.com.au/_next/image?url=https%3A%2F%2Fcdn.productimages.coles.com.au%2Fproductimages%2F1%2F1846706.jpg&w=640&q=90
Palmolive Kids 3 in 1 Merry Strawberry Shampoo Conditioner & Bo ... 700mL,$6.60Save $4.40$0.94/ 100mL | Was $11.00,https://www.coles.com.au/_next/image?url=https%3A%2F%2Fcdn.productimages.coles.com.au%2Fproductimages%2F9%2F9936187.jpg&w=640&q=90
CUB Nappy Pants Toddler Size 4 (10-15kg) | 25 Pack,$10.00$0.40/ 1ea,https://www.coles.com.au/_next/image?url=https%3A%2F%2Fcdn.productimages.coles.com.au%2Fproductimages%2F3%2F3720866.jpg&w=640&q=90
Milton Antibacterial Sterilizer Tablets | 30 Pack,$11.00$0.37/ 1ea,https://www.coles.com.au/_next/image?url=https%3A%2F%2Fcdn.productimages.coles.com.au%2Fproductimages%2F3%2F395973.jpg&w=640&q=90
Huggies Drynites Girl 13+ | 8 Pack,$12.00$1.50/ 1ea,https://www.coles.com.au/_next/image?url=https%3A%2F%2Fcdn.productimages.coles.com.au%2Fproductimages%2F8%2F8017878.jpg&w=640&q=90
Aveeno Baby Daily Moisture Lightly Scented Sensitive Wash & Shampoo | 236mL,$12.50$5.30/ 100mL,https://www.coles.com.au/_next/image?url=https%3A%2F%2Fcdn.productimages.coles.com.au%2Fproductimages%2F1%2F1510840.jpg&w=640&q=90
Rascals Premium Swim Pants Small (6-11kg) | 16 Pack,$15.00$0.94/ 1ea,https://www.coles.com.au/_next/image?url=https%3A%2F%2Fcdn.productimages.coles.com.au%2Fproductimages%2F8%2F8017732.jpg&w=640&q=90
First Response Instream Pregnancy Test Early Results | 3 Pack,$17.00$5.67/ 1ea,https://www.coles.com.au/_next/image?url=https%3A%2F%2Fcdn.productimages.coles.com.au%2Fproductimages%2F3%2F3733744.jpg&w=640&q=90
Bepanthen Antiseptic Soothing Cream | 100g,$17.50$17.50/ 100g,https://www.coles.com.au/_next/image?url=https%3A%2F%2Fcdn.productimages.coles.com.au%2Fproductimages%2F9%2F9153780.jpg&w=640&q=90
Tooshies Eco Nappy Pants Size 6 Junior | 26 Pack,$26.00$1.00/ 1ea,https://www.coles.com.au/_next/image?url=https%3A%2F%2Fcdn.productimages.coles.com.au%2Fproductimages%2F1%2F1408877.jpg&w=640&q=90
Biogaia Protectis Probiotic Drops For Infant Colic Relief | 5mL,$36.50$730.00/ 100mL,https://www.coles.com.au/_next/image?url=https%3A%2F%2Fcdn.productimages.coles.com.au%2Fproductimages%2F8%2F8537131.jpg&w=640&q=90
Huggies Ultra Dry Nappies Girls Size 6 (16kg+) | 60 Pack,$40.00$0.67/ 1ea,https://www.coles.com.au/_next/image?url=https%3A%2F%2Fcdn.productimages.coles.com.au%2Fproductimages%2F4%2F4155406.jpg&w=640&q=90
Oli6 Stage 3 Goat Milk Toddler Drink 1-3 Years | 800g,$43.45$5.43/ 100g,https://www.coles.com.au/_next/image?url=https%3A%2F%2Fcdn.productimages.coles.com.au%2Fproductimages%2F3%2F3469384.jpg&w=640&q=90
Sambucol Kids Soothing Throat Pops | 8 Pack,$10.00$1.25/ 1ea,https://www.coles.com.au/_next/image?url=https%3A%2F%2Fcdn.productimages.coles.com.au%2Fproductimages%2F3%2F3734452.jpg&w=640&q=90
Sprout Kids Bar Banana Bread Bar 4 Pack | 100g,$10.95$10.95/ 100g,https://www.coles.com.au/_next/image?url=https%3A%2F%2Fcdn.productimages.coles.com.au%2Fproductimages%2F1%2F1363644.jpg&w=640&q=90
Huggies Gentle Cleanse Baby Wipes Coconut Oil | 400 Pack,$19.00$4.75/ 100ea,https://www.coles.com.au/_next/image?url=https%3A%2F%2Fcdn.productimages.coles.com.au%2Fproductimages%2F3%2F3506899.jpg&w=640&q=90
Karicare 4 Gentle Nutrition Toddler Milk Drink  From 2+ Years | 900g,$22.00$2.44/ 100g,https://www.coles.com.au/_next/image?url=https%3A%2F%2Fcdn.productimages.coles.com.au%2Fproductimages%2F1%2F1189398.jpg&w=640&q=90
Huggies Ultra Dry Nappy Pants Boys Size 4 (9-14kg) | 29 Pack,$22.00$0.76/ 1ea,https://www.coles.com.au/_next/image?url=https%3A%2F%2Fcdn.productimages.coles.com.au%2Fproductimages%2F2%2F2848230.jpg&w=640&q=90
Babylove Cosifit Infant Nappies Size 2 (3-8kg) | 76 Pack,$30.00$0.39/ 1ea,https://www.coles.com.au/_next/image?url=https%3A%2F%2Fcdn.productimages.coles.com.au%2Fproductimages%2F4%2F4165160.jpg&w=640&q=90
Rascals Premium Nappies Size 1 (3-5kg) | 108 Pack,$31.00$0.29/ 1ea,https://www.coles.com.au/_next/image?url=https%3A%2F%2Fcdn.productimages.coles.com.au%2Fproductimages%2F8%2F8017641.jpg&w=640&q=90
Biostime Sn-2 Bio Plus Hpo Infant Formula 0-6 Months | 800g,$40.00$5.00/ 100g,https://www.coles.com.au/_next/image?url=https%3A%2F%2Fcdn.productimages.coles.com.au%2Fproductimages%2F5%2F5112373.jpg&w=640&q=90
Bubs Goat Milk Follow On Formula Stage 2 | 800g,$42.00$5.25/ 100g,https://www.coles.com.au/_next/image?url=https%3A%2F%2Fcdn.productimages.coles.com.au%2Fproductimages%2F2%2F2738516.jpg&w=640&q=90
CUB Feeding Bottles With Medium Flow Silicone Teats 0+ Months | 3 Pack,$8.80$2.93/ 1ea,https://www.coles.com.au/_next/image?url=https%3A%2F%2Fcdn.productimages.coles.com.au%2Fproductimages%2F3%2F3752159.jpg&w=640&q=90
Sprout Kids Bar Choc Brownie Bar 4 Pack | 100g,$10.95$10.95/ 100g,https://www.coles.com.au/_next/image?url=https%3A%2F%2Fcdn.productimages.coles.com.au%2Fproductimages%2F1%2F1363677.jpg&w=640&q=90
Tommee Tippee Trainer Straw Cup 6m+ 300ml | 1 Pack,$14.00$14.00/ 1ea,https://www.coles.com.au/_next/image?url=https%3A%2F%2Fcdn.productimages.coles.com.au%2Fproductimages%2F1%2F1144120.jpg&w=640&q=90
Desitin Nappy Rash Ointment | 100g,$15.00$15.00/ 100g,https://www.coles.com.au/_next/image?url=https%3A%2F%2Fcdn.productimages.coles.com.au%2Fproductimages%2F1%2F1282440.jpg&w=640&q=90
Marquise Hypoallergenic Walker Nappies Size 5 (13-18kg) | 16 Pack,$15.00$0.94/ 1ea,https://www.coles.com.au/_next/image?url=https%3A%2F%2Fcdn.productimages.coles.com.au%2Fproductimages%2F1%2F1601833.jpg&w=640&q=90
Ease A Cold Kids Cold And Flu Chewable Tablets | 24 Pack,$15.50$0.65/ 1ea,https://www.coles.com.au/_next/image?url=https%3A%2F%2Fcdn.productimages.coles.com.au%2Fproductimages%2F5%2F5725485.jpg&w=640&q=90
Alula Gentle Toddler 1 Year+ Milk Drink | 900g,$17.60Save $4.40$1.96/ 100g | Was $22.00,https://www.coles.com.au/_next/image?url=https%3A%2F%2Fcdn.productimages.coles.com.au%2Fproductimages%2F3%2F3773261.jpg&w=640&q=90
Tena Discreet Pants Lw Noir Size M | 12 Pack,$18.60$1.55/ 1ea,https://www.coles.com.au/_next/image?url=https%3A%2F%2Fcdn.productimages.coles.com.au%2Fproductimages%2F9%2F9223445.jpg&w=640&q=90
Little Eyes Cleansing Wipes | 30 Pack,$19.15$63.83/ 100ea,https://www.coles.com.au/_next/image?url=https%3A%2F%2Fcdn.productimages.coles.com.au%2Fproductimages%2F7%2F7105506.jpg&w=640&q=90
Clearblue Visual Early Detection Pregnancy Test Kit | 3 Pack,$20.00$6.67/ 1ea,https://www.coles.com.au/_next/image?url=https%3A%2F%2Fcdn.productimages.coles.com.au%2Fproductimages%2F3%2F3428037.jpg&w=640&q=90
Rascals Premium Nappies Size 2 (4-8kg) | 96 Pack,$31.00$0.32/ 1ea,https://www.coles.com.au/_next/image?url=https%3A%2F%2Fcdn.productimages.coles.com.au%2Fproductimages%2F3%2F3597362.jpg&w=640&q=90
Rascals Premium Nappies Size 5 (13-18kg) | 64 Pack,$31.00$0.48/ 1ea,https://www.coles.com.au/_next/image?url=https%3A%2F%2Fcdn.productimages.coles.com.au%2Fproductimages%2F3%2F3597395.jpg&w=640&q=90
Alula Gold Follow-on Formula 6-12 Months | 900g,$30.00$3.33/ 100g,https://www.coles.com.au/_next/image?url=https%3A%2F%2Fcdn.productimages.coles.com.au%2Fproductimages%2F3%2F3025722.jpg&w=640&q=90
Rascals Premium Nappy Pants Size 4 (10-15kg) | 29 Pack,$17.50$0.60/ 1ea,https://www.coles.com.au/_next/image?url=https%3A%2F%2Fcdn.productimages.coles.com.au%2Fproductimages%2F3%2F3445943.jpg&w=640&q=90
Raffertys Garden Chicken & Sweetcorn Risotto 10 Months+ | 170g,$2.80$1.65/ 100g,https://www.coles.com.au/_next/image?url=https%3A%2F%2Fcdn.productimages.coles.com.au%2Fproductimages%2F8%2F8403940.jpg&w=640&q=90
Rascals Premium Nappies Size 6 (15-20kg) | 30 Pack,$17.50$0.58/ 1ea,https://www.coles.com.au/_next/image?url=https%3A%2F%2Fcdn.productimages.coles.com.au%2Fproductimages%2F3%2F3315019.jpg&w=640&q=90
Alula Original Follow-on Formula 6-12 Months | 900g,$19.00$2.11/ 100g,https://www.coles.com.au/_next/image?url=https%3A%2F%2Fcdn.productimages.coles.com.au%2Fproductimages%2F3%2F3025835.jpg&w=640&q=90
Rascals Premium Nappy Pants Size 6 (15-20kg) | 24 Pack,$17.50$0.73/ 1ea,https://www.coles.com.au/_next/image?url=https%3A%2F%2Fcdn.productimages.coles.com.au%2Fproductimages%2F3%2F3445954.jpg&w=640&q=90
Tommee Tippee Soother Comfort Clip 0m+ | 1 Pack,$16.00$16.00/ 1ea,https://www.coles.com.au/_next/image?url=https%3A%2F%2Fcdn.productimages.coles.com.au%2Fproductimages%2F1%2F1329952.jpg&w=640&q=90
Gaia Natural Baby Sleeptime Bath | 500mL,$17.00$3.40/ 100mL,https://www.coles.com.au/_next/image?url=https%3A%2F%2Fcdn.productimages.coles.com.au%2Fproductimages%2F1%2F1516188.jpg&w=640&q=90
A2 Platinum Premium Infant Formula Stage 1 | 900g,$43.00$4.78/ 100g,https://www.coles.com.au/_next/image?url=https%3A%2F%2Fcdn.productimages.coles.com.au%2Fproductimages%2F5%2F5488244.jpg&w=640&q=90
Bubs Goat Milk Formula Toddler Stage 3 | 800g,$46.20$5.78/ 100g,https://www.coles.com.au/_next/image?url=https%3A%2F%2Fcdn.productimages.coles.com.au%2Fproductimages%2F2%2F2738527.jpg&w=640&q=90
Only Organic Snack Bandits Peach Passion & Yoghurt Smoothie | 120g,$2.85$2.38/ 100g,https://www.coles.com.au/_next/image?url=https%3A%2F%2Fcdn.productimages.coles.com.au%2Fproductimages%2F1%2F1114934.jpg&w=640&q=90
CUB Weaning Spoon Set | 3 Pack,$5.50$1.83/ 1ea,https://www.coles.com.au/_next/image?url=https%3A%2F%2Fcdn.productimages.coles.com.au%2Fproductimages%2F4%2F4151992.jpg&w=640&q=90
Tommee Tippee Baby Cherry Latex Dummy 2 Pack 6-18m | 2 Pack,$10.00$5.00/ 1ea,https://www.coles.com.au/_next/image?url=https%3A%2F%2Fcdn.productimages.coles.com.au%2Fproductimages%2F4%2F4289640.jpg&w=640&q=90
Blackmores Folate 500mg Folic Acid Vitamin Tablets | 90 Pack,$12.00$13.33/ 100ea,https://www.coles.com.au/_next/image?url=https%3A%2F%2Fcdn.productimages.coles.com.au%2Fproductimages%2F8%2F8297322.jpg&w=640&q=90
B.box Cleaning Brush Set | 1 Pack,$13.50$13.50/ 1ea,https://www.coles.com.au/_next/image?url=https%3A%2F%2Fcdn.productimages.coles.com.au%2Fproductimages%2F4%2F4205424.jpg&w=640&q=90
Bunjie Nappy & Barrier Cream | 250g,$17.50Save $7.50$7.00/ 100g | Was $25.00,https://www.coles.com.au/_next/image?url=https%3A%2F%2Fcdn.productimages.coles.com.au%2Fproductimages%2F1%2F1282575.jpg&w=640&q=90
Karicare Soy Plant Base Infant Formula From Birth To 12 Months | 900g,$20.00$2.22/ 100g,https://www.coles.com.au/_next/image?url=https%3A%2F%2Fcdn.productimages.coles.com.au%2Fproductimages%2F5%2F5578664.jpg&w=640&q=90
Nestle Nan Supremepro Stage 4 Milk Drink | 800g,$23.10Save $9.90$2.89/ 100g | Was $33.00,https://www.coles.com.au/_next/image?url=https%3A%2F%2Fcdn.productimages.coles.com.au%2Fproductimages%2F1%2F1402688.jpg&w=640&q=90
B.box Large Bento Lunch Box | 1 Each,$33.00$33.00/ 1ea,https://www.coles.com.au/_next/image?url=https%3A%2F%2Fcdn.productimages.coles.com.au%2Fproductimages%2F5%2F5118008.jpg&w=640&q=90
Aptamil Gold+ Lactose Intolerance Baby Infant Formula From Birth  ... 900g,$34.00$3.78/ 100g,https://www.coles.com.au/_next/image?url=https%3A%2F%2Fcdn.productimages.coles.com.au%2Fproductimages%2F1%2F1315878.jpg&w=640&q=90
Huggies Ultimate Wipes Nourish & Care Wipes | 64 Pack,$4.20Save $1.80$6.56/ 100ea | Was $6.00,https://www.coles.com.au/_next/image?url=https%3A%2F%2Fcdn.productimages.coles.com.au%2Fproductimages%2F1%2F1092274.jpg&w=640&q=90
Palmolive Kids 3 In 1 Funny Honey Shampoo Conditioner & Bo ... 700mL,$6.60Save $4.40$0.94/ 100mL | Was $11.00,https://www.coles.com.au/_next/image?url=https%3A%2F%2Fcdn.productimages.coles.com.au%2Fproductimages%2F3%2F3769479.jpg&w=640&q=90
Johnson's Top-to-toe Gentle Newborn Cleansing Tear-free Mild Bab ... 500mL,$6.60Save $4.40$1.32/ 100mL | Was $11.00,https://www.coles.com.au/_next/image?url=https%3A%2F%2Fcdn.productimages.coles.com.au%2Fproductimages%2F8%2F8913346.jpg&w=640&q=90
Milton Concentrated Anti-bacterial Solution | 500mL,$9.60Save $2.40$1.92/ 100mL | Was $12.00,https://www.coles.com.au/_next/image?url=https%3A%2F%2Fcdn.productimages.coles.com.au%2Fproductimages%2F3%2F3499454.jpg&w=640&q=90
Huggies Ultra Dry Nappy Pants Boys Size 3 (6-12kg) | 36 Pack,$22.00$0.61/ 1ea,https://www.coles.com.au/_next/image?url=https%3A%2F%2Fcdn.productimages.coles.com.au%2Fproductimages%2F4%2F4317778.jpg&w=640&q=90
Tooshies Eco Nappies Size 1 Newborn | 52 Pack,$26.00$0.50/ 1ea,https://www.coles.com.au/_next/image?url=https%3A%2F%2Fcdn.productimages.coles.com.au%2Fproductimages%2F3%2F3746917.jpg&w=640&q=90
QV Baby Gentle Wash | 1Kg,$30.50$3.05/ 100g,https://www.coles.com.au/_next/image?url=https%3A%2F%2Fcdn.productimages.coles.com.au%2Fproductimages%2F1%2F1838832.jpg&w=640&q=90
Aptamil Sensitive Toddler From 1 Year | 900g,$34.10$3.79/ 100g,https://www.coles.com.au/_next/image?url=https%3A%2F%2Fcdn.productimages.coles.com.au%2Fproductimages%2F6%2F6248053.jpg&w=640&q=90
Huggies Pure & Sensitive Newborn Nappies Size 1 | 86 Pack,$35.00$0.41/ 1ea,https://www.coles.com.au/_next/image?url=https%3A%2F%2Fcdn.productimages.coles.com.au%2Fproductimages%2F9%2F9263348.jpg&w=640&q=90
Huggies Pure And Sensitive Nappies Size 2 | 74 Pack,$35.00$0.47/ 1ea,https://www.coles.com.au/_next/image?url=https%3A%2F%2Fcdn.productimages.coles.com.au%2Fproductimages%2F9%2F9263392.jpg&w=640&q=90
First Response Instream Pregnancy Test Early Results | 1 Pack,$10.00$10.00/ 1ea,https://www.coles.com.au/_next/image?url=https%3A%2F%2Fcdn.productimages.coles.com.au%2Fproductimages%2F3%2F3733733.jpg&w=640&q=90
Sprout Kids Bar Super Berry Bar 4 Pack | 100g,$10.95$10.95/ 100g,https://www.coles.com.au/_next/image?url=https%3A%2F%2Fcdn.productimages.coles.com.au%2Fproductimages%2F1%2F1363688.jpg&w=640&q=90
Tommee Tippee Night Time Baby Dummy 2 Pack 6-18m | 2 Pack,$12.00$6.00/ 1ea,https://www.coles.com.au/_next/image?url=https%3A%2F%2Fcdn.productimages.coles.com.au%2Fproductimages%2F1%2F1734225.jpg&w=640&q=90
Depend Real Fit Incontinence Underwear Super Women Lar ... 8 Pack,$14.40Save $3.60$1.80/ 1ea | Was $18.00,https://www.coles.com.au/_next/image?url=https%3A%2F%2Fcdn.productimages.coles.com.au%2Fproductimages%2F2%2F2622464.jpg&w=640&q=90
Depend Real Fit Incontinence Underwear Super Women Extr ... 8 Pack,$14.40Save $3.60$1.80/ 1ea | Was $18.00,https://www.coles.com.au/_next/image?url=https%3A%2F%2Fcdn.productimages.coles.com.au%2Fproductimages%2F2%2F2622497.jpg&w=640&q=90
Tommee Tippee Ultralight Soother 0-6m | 2 Pack,$15.00$7.50/ 1ea,https://www.coles.com.au/_next/image?url=https%3A%2F%2Fcdn.productimages.coles.com.au%2Fproductimages%2F1%2F1143987.jpg&w=640&q=90
B.box Junior Drink Bottle Straw Top 380ml 12+ Months | 1 Each,$17.00$17.00/ 1ea,https://www.coles.com.au/_next/image?url=https%3A%2F%2Fcdn.productimages.coles.com.au%2Fproductimages%2F1%2F1144458.jpg&w=640&q=90
Tena Discreet Pants Low Waist Blanc Size L | 10 Pack,$18.60$1.86/ 1ea,https://www.coles.com.au/_next/image?url=https%3A%2F%2Fcdn.productimages.coles.com.au%2Fproductimages%2F9%2F9223434.jpg&w=640&q=90
Huggies Baby Wipes Refills Cucumber & Aloe | 400 Pack,$19.00$4.75/ 100ea,https://www.coles.com.au/_next/image?url=https%3A%2F%2Fcdn.productimages.coles.com.au%2Fproductimages%2F7%2F7060940.jpg&w=640&q=90
Infacol Wind Drops | 50mL,$20.00$40.00/ 100mL,https://www.coles.com.au/_next/image?url=https%3A%2F%2Fcdn.productimages.coles.com.au%2Fproductimages%2F3%2F3506902.jpg&w=640&q=90
Ease A Cold Kids Cough Cold & Flu Liquid | 180mL,$20.00$11.11/ 100mL,https://www.coles.com.au/_next/image?url=https%3A%2F%2Fcdn.productimages.coles.com.au%2Fproductimages%2F6%2F6134804.jpg&w=640&q=90
B.Box Tritan Drink Bottle Straw Top 450ml | 1 Each,$22.50$22.50/ 1ea,https://www.coles.com.au/_next/image?url=https%3A%2F%2Fcdn.productimages.coles.com.au%2Fproductimages%2F4%2F4205901.jpg&w=640&q=90
Tooshies Eco Nappy Pants Size 5 Walker | 28 Pack,$26.00$0.93/ 1ea,https://www.coles.com.au/_next/image?url=https%3A%2F%2Fcdn.productimages.coles.com.au%2Fproductimages%2F1%2F1408866.jpg&w=640&q=90
Alula Gold Junior 2 Years+ Milk Drink | 900g,$29.15$3.24/ 100g,https://www.coles.com.au/_next/image?url=https%3A%2F%2Fcdn.productimages.coles.com.au%2Fproductimages%2F3%2F3025813.jpg&w=640&q=90
Rascals Premium Nappy Pants Size 4 (10-15kg) | 56 Pack,$31.00$0.55/ 1ea,https://www.coles.com.au/_next/image?url=https%3A%2F%2Fcdn.productimages.coles.com.au%2Fproductimages%2F3%2F3613877.jpg&w=640&q=90
Huggies Ultimate Skin Protect Wipes | 64 Pack,$4.20Save $1.80$6.56/ 100ea | Was $6.00,https://www.coles.com.au/_next/image?url=https%3A%2F%2Fcdn.productimages.coles.com.au%2Fproductimages%2F1%2F1092296.jpg&w=640&q=90
Aptamil Gold+ Pronutra Tod Sachet | 4 Pack,$4.40$1.10/ 1ea,https://www.coles.com.au/_next/image?url=https%3A%2F%2Fcdn.productimages.coles.com.au%2Fproductimages%2F7%2F7684640.jpg&w=640&q=90
Little Bellies Puffcorn BBQ | 30g,$5.00$16.67/ 100g,https://www.coles.com.au/_next/image?url=https%3A%2F%2Fcdn.productimages.coles.com.au%2Fproductimages%2F5%2F5055940.jpg&w=640&q=90
Nuby Nana Nubs Massaging Toothbrush | 1 each,$6.00Save $2.00$6.00/ 1ea | Was $8.00,https://www.coles.com.au/_next/image?url=https%3A%2F%2Fcdn.productimages.coles.com.au%2Fproductimages%2F5%2F5242685.jpg&w=640&q=90
Bonds Stretchies Bib | 2 Pack,$7.50Save $7.50Was $15.00,https://www.coles.com.au/_next/image?url=https%3A%2F%2Fcdn.productimages.coles.com.au%2Fproductimages%2F8%2F8842248.jpg&w=640&q=90
Tommee Tippee Grown Up 1st Cutlery Set | 1 Pack,$10.20$10.20/ 1ea,https://www.coles.com.au/_next/image?url=https%3A%2F%2Fcdn.productimages.coles.com.au%2Fproductimages%2F4%2F4279963.jpg&w=640&q=90
Tommee Tippee Starter Spout Cup 4m+ 240ml | 1 Pack,$12.00$12.00/ 1ea,https://www.coles.com.au/_next/image?url=https%3A%2F%2Fcdn.productimages.coles.com.au%2Fproductimages%2F1%2F1144094.jpg&w=640&q=90
Aveeno Baby Daily Lotion | 227g,$12.50$5.51/ 100g,https://www.coles.com.au/_next/image?url=https%3A%2F%2Fcdn.productimages.coles.com.au%2Fproductimages%2F1%2F1282462.jpg&w=640&q=90
Tommee Tippee Natural Start Baby Bottle Teats Fast Flow 6months+ | 2 Pack,$13.00$6.50/ 1ea,https://www.coles.com.au/_next/image?url=https%3A%2F%2Fcdn.productimages.coles.com.au%2Fproductimages%2F8%2F8166539.jpg&w=640&q=90
Coles Early Detection Pregnancy Test | 3 Pack,$14.00$4.67/ 1ea,https://www.coles.com.au/_next/image?url=https%3A%2F%2Fcdn.productimages.coles.com.au%2Fproductimages%2F7%2F7117946.jpg&w=640&q=90
WaterWipes Baby & Newborn Sensitive Wipes | 60 Pack,$8.50$14.17/ 100ea,https://www.coles.com.au/_next/image?url=https%3A%2F%2Fcdn.productimages.coles.com.au%2Fproductimages%2F1%2F1499307.jpg&w=640&q=90
Raffertys Garden Mango & Vanilla No Added Sugar Yoghurt Brekkie 8 M ... 120g,$1.90Save $0.40$1.58/ 100g | Was $2.30,https://www.coles.com.au/_next/image?url=https%3A%2F%2Fcdn.productimages.coles.com.au%2Fproductimages%2F8%2F8405651.jpg&w=640&q=90
Bunjie Baby Bubble Bath | 500mL,$11.20Save $4.80$2.24/ 100mL | Was $16.00,https://www.coles.com.au/_next/image?url=https%3A%2F%2Fcdn.productimages.coles.com.au%2Fproductimages%2F5%2F5356629.jpg&w=640&q=90
Milton Baby Bottle Cleaner | 500mL,$7.00$1.40/ 100mL,https://www.coles.com.au/_next/image?url=https%3A%2F%2Fcdn.productimages.coles.com.au%2Fproductimages%2F3%2F3839530.jpg&w=640&q=90
Little Bellies Organic Strawberry Pick-up Sticks 7+ Months | 16g,$3.50$21.88/ 100g,https://www.coles.com.au/_next/image?url=https%3A%2F%2Fcdn.productimages.coles.com.au%2Fproductimages%2F3%2F3767451.jpg&w=640&q=90
Tommee Tippee Baby Healthcare Kit | 1 each,$31.00$31.00/ 1ea,https://www.coles.com.au/_next/image?url=https%3A%2F%2Fcdn.productimages.coles.com.au%2Fproductimages%2F7%2F7105404.jpg&w=640&q=90
WaterWipes Baby & Newborn Sensitive Wipes | 180 Pack,$21.50$11.94/ 100ea,https://www.coles.com.au/_next/image?url=https%3A%2F%2Fcdn.productimages.coles.com.au%2Fproductimages%2F3%2F3155863.jpg&w=640&q=90
Rafferty's Garden Blueberry & Banana No Added Sugar Custard 6+ Months | 120g,$1.90Save $0.40$1.58/ 100g | Was $2.30,https://www.coles.com.au/_next/image?url=https%3A%2F%2Fcdn.productimages.coles.com.au%2Fproductimages%2F5%2F5046632.jpg&w=640&q=90
Tommee Tippee Ultralight Night Soother 6-18m | 2 Pack,$15.00$7.50/ 1ea,https://www.coles.com.au/_next/image?url=https%3A%2F%2Fcdn.productimages.coles.com.au%2Fproductimages%2F1%2F1144028.jpg&w=640&q=90
Little Eyes Cleansing Wipes | 30 Pack,$19.15$63.83/ 100ea,https://www.coles.com.au/_next/image?url=https%3A%2F%2Fcdn.productimages.coles.com.au%2Fproductimages%2F7%2F7105506.jpg&w=640&q=90
Vicks Baby Balsam | 100g,$14.90$14.90/ 100g,https://www.coles.com.au/_next/image?url=https%3A%2F%2Fcdn.productimages.coles.com.au%2Fproductimages%2F5%2F5379690.jpg&w=640&q=90
Marquise Hypoallergenic Toddler Nappies Size 4 (10-15kg) | 18 Pack,$15.00$0.83/ 1ea,https://www.coles.com.au/_next/image?url=https%3A%2F%2Fcdn.productimages.coles.com.au%2Fproductimages%2F1%2F1601822.jpg&w=640&q=90
B.box Snackbox | 1 Each,$16.00$16.00/ 1ea,https://www.coles.com.au/_next/image?url=https%3A%2F%2Fcdn.productimages.coles.com.au%2Fproductimages%2F5%2F5420535.jpg&w=640&q=90
Tommee Tippee On The Go Straw Cup 18m+ 500ml | 1 Pack,$17.00$17.00/ 1ea,https://www.coles.com.au/_next/image?url=https%3A%2F%2Fcdn.productimages.coles.com.au%2Fproductimages%2F1%2F1144174.jpg&w=640&q=90
B.box Disney Sippy Cup 240ml 6+ Months | 1 Each,$18.00$18.00/ 1ea,https://www.coles.com.au/_next/image?url=https%3A%2F%2Fcdn.productimages.coles.com.au%2Fproductimages%2F5%2F5245151.jpg&w=640&q=90
Tena Discreet Pants Low Noir Size L | 10 Pack,$18.60$1.86/ 1ea,https://www.coles.com.au/_next/image?url=https%3A%2F%2Fcdn.productimages.coles.com.au%2Fproductimages%2F9%2F9226680.jpg&w=640&q=90
Huggies Ultra Dry Nappy Pants Boys Size 5 (12-17kg) | 26 Pack,$22.00$0.85/ 1ea,https://www.coles.com.au/_next/image?url=https%3A%2F%2Fcdn.productimages.coles.com.au%2Fproductimages%2F2%2F2848252.jpg&w=640&q=90
Medela Breast Milk Storage Bags | 25 Pack,$22.50$0.90/ 1ea,https://www.coles.com.au/_next/image?url=https%3A%2F%2Fcdn.productimages.coles.com.au%2Fproductimages%2F3%2F3176604.jpg&w=640&q=90
Aveeno Baby Dermexa Fragrance Free Eczema Prone Sensitive Moi ... 206g,$24.50$11.89/ 100g,https://www.coles.com.au/_next/image?url=https%3A%2F%2Fcdn.productimages.coles.com.au%2Fproductimages%2F2%2F2918846.jpg&w=640&q=90
Bubs Organic Grass Fed Formula Stage 1 | 800g,$28.00Save $7.00$3.50/ 100g | Was $35.00,https://www.coles.com.au/_next/image?url=https%3A%2F%2Fcdn.productimages.coles.com.au%2Fproductimages%2F3%2F3785930.jpg&w=640&q=90
Subo Food Bottle Musk 210ml | 1 each,$35.00$35.00/ 1ea,https://www.coles.com.au/_next/image?url=https%3A%2F%2Fcdn.productimages.coles.com.au%2Fproductimages%2F7%2F7127156.jpg&w=640&q=90
Oli6 Stage 1 Goat Milk Infant Formula 0-6 Months | 800g,$39.50$4.94/ 100g,https://www.coles.com.au/_next/image?url=https%3A%2F%2Fcdn.productimages.coles.com.au%2Fproductimages%2F3%2F3469340.jpg&w=640&q=90
Rafferty's Garden Happy Tummies Prebiotic Fibre Mixed Berry Poridge  ... 200g,$6.00$3.00/ 100g,https://www.coles.com.au/_next/image?url=https%3A%2F%2Fcdn.productimages.coles.com.au%2Fproductimages%2F1%2F1819204.jpg&w=640&q=90
Rafferty's Garden Banana & Vanilla Porridge 12 Months | 200g,$6.00$3.00/ 100g,https://www.coles.com.au/_next/image?url=https%3A%2F%2Fcdn.productimages.coles.com.au%2Fproductimages%2F1%2F1854409.jpg&w=640&q=90
Medela Purelan Lanolin Cream | 7g,$11.00$157.14/ 100g,https://www.coles.com.au/_next/image?url=https%3A%2F%2Fcdn.productimages.coles.com.au%2Fproductimages%2F5%2F5331402.jpg&w=640&q=90
Subo Straw Spout Twin Pack | 2 Pack,$11.00$5.50/ 1ea,https://www.coles.com.au/_next/image?url=https%3A%2F%2Fcdn.productimages.coles.com.au%2Fproductimages%2F7%2F7069990.jpg&w=640&q=90
B.Box Snack Tubs | 3 Pack,$13.00$4.33/ 1ea,https://www.coles.com.au/_next/image?url=https%3A%2F%2Fcdn.productimages.coles.com.au%2Fproductimages%2F1%2F1144560.jpg&w=640&q=90
Corams Baby Gripe Water | 200mL,$13.00$6.50/ 100mL,https://www.coles.com.au/_next/image?url=https%3A%2F%2Fcdn.productimages.coles.com.au%2Fproductimages%2F6%2F6060130.jpg&w=640&q=90
Bunjie Baby Tear-free Gentle Shampoo | 500mL,$14.00Save $6.00$2.80/ 100mL | Was $20.00,https://www.coles.com.au/_next/image?url=https%3A%2F%2Fcdn.productimages.coles.com.au%2Fproductimages%2F1%2F1282586.jpg&w=640&q=90
Philips Avent Soother Air Nighttime Mix Bpa Free 0-6 Months | 2 Pack,$14.95$7.48/ 1ea,https://www.coles.com.au/_next/image?url=https%3A%2F%2Fcdn.productimages.coles.com.au%2Fproductimages%2F3%2F3840562.jpg&w=640&q=90
Jack N' Jill Natural Baby Teething Gel | 15g,$15.00$100.00/ 100g,https://www.coles.com.au/_next/image?url=https%3A%2F%2Fcdn.productimages.coles.com.au%2Fproductimages%2F1%2F1838617.jpg&w=640&q=90
Huggies Little Swimmers Swim Nappies Small (7-12kg) | 12 Pack,$17.00$1.42/ 1ea,https://www.coles.com.au/_next/image?url=https%3A%2F%2Fcdn.productimages.coles.com.au%2Fproductimages%2F8%2F8383300.jpg&w=640&q=90
Tena Discreet Pants Low Waist Blanc Size M | 12 Pack,$18.60$1.55/ 1ea,https://www.coles.com.au/_next/image?url=https%3A%2F%2Fcdn.productimages.coles.com.au%2Fproductimages%2F9%2F9223638.jpg&w=640&q=90
Huggies Ultra Dry Nappy Pants Girls Size 3 (6-12kg) | 36 Pack,$22.00$0.61/ 1ea,https://www.coles.com.au/_next/image?url=https%3A%2F%2Fcdn.productimages.coles.com.au%2Fproductimages%2F4%2F4317789.jpg&w=640&q=90
Tooshies Eco Nappy Pants Size 4 Toddler | 32 Pack,$26.00$0.81/ 1ea,https://www.coles.com.au/_next/image?url=https%3A%2F%2Fcdn.productimages.coles.com.au%2Fproductimages%2F1%2F1408855.jpg&w=640&q=90
Bubs Organic Grass Fed Formula Stage 2 Follow On | 800g,$28.00Save $7.00$3.50/ 100g | Was $35.00,https://www.coles.com.au/_next/image?url=https%3A%2F%2Fcdn.productimages.coles.com.au%2Fproductimages%2F3%2F3774140.jpg&w=640&q=90
Alula Gold Lactose Intolerance 0-12 Months Infant Formula | 900g,$28.80$3.20/ 100g,https://www.coles.com.au/_next/image?url=https%3A%2F%2Fcdn.productimages.coles.com.au%2Fproductimages%2F3%2F3025846.jpg&w=640&q=90
Babylove Cosifit Newborn Nappies Size 1 (up To 5kg) | 84 Pack,$30.00$0.36/ 1ea,https://www.coles.com.au/_next/image?url=https%3A%2F%2Fcdn.productimages.coles.com.au%2Fproductimages%2F4%2F4165170.jpg&w=640&q=90
Subo Food Bottle Duck Egg 210ml | 1 each,$35.00$35.00/ 1ea,https://www.coles.com.au/_next/image?url=https%3A%2F%2Fcdn.productimages.coles.com.au%2Fproductimages%2F7%2F7069956.jpg&w=640&q=90
Clearblue Visual Early Detection Pregnancy Test Kit | 7 Pack,$36.00$5.14/ 1ea,https://www.coles.com.au/_next/image?url=https%3A%2F%2Fcdn.productimages.coles.com.au%2Fproductimages%2F7%2F7084916.jpg&w=640&q=90
Alula Gold Allergy 0-12 Months Infant Formula | 800g,$46.50$5.81/ 100g,https://www.coles.com.au/_next/image?url=https%3A%2F%2Fcdn.productimages.coles.com.au%2Fproductimages%2F6%2F6184391.jpg&w=640&q=90
Karicare 2 Goat Milk Baby Formula From 6 To 12 Months | 900g,$50.00$5.56/ 100g,https://www.coles.com.au/_next/image?url=https%3A%2F%2Fcdn.productimages.coles.com.au%2Fproductimages%2F4%2F4992078.jpg&w=640&q=90
Johnson's Bedtime Baby Lotion | 200mL,$6.50$3.25/ 100mL,https://www.coles.com.au/_next/image?url=https%3A%2F%2Fcdn.productimages.coles.com.au%2Fproductimages%2F1%2F1282451.jpg&w=640&q=90
CUB Soft Spout Cup 6+ Months | 1 each,$6.50$6.50/ 1ea,https://www.coles.com.au/_next/image?url=https%3A%2F%2Fcdn.productimages.coles.com.au%2Fproductimages%2F3%2F3752170.jpg&w=640&q=90
Fisher-Price Digital Thermometer | 1 each,$7.20Save $1.80$7.20/ 1ea | Was $9.00,https://www.coles.com.au/_next/image?url=https%3A%2F%2Fcdn.productimages.coles.com.au%2Fproductimages%2F3%2F3505772.jpg&w=640&q=90
Tommee Tippee Baby Cherry Latex Dummy 2 Pack 0-6m | 2 Pack,$10.00$5.00/ 1ea,https://www.coles.com.au/_next/image?url=https%3A%2F%2Fcdn.productimages.coles.com.au%2Fproductimages%2F4%2F4289628.jpg&w=640&q=90
Tommee Tippee Natural Start Bottle 0m+ 150ml | 1 Pack,$11.00$11.00/ 1ea,https://www.coles.com.au/_next/image?url=https%3A%2F%2Fcdn.productimages.coles.com.au%2Fproductimages%2F1%2F1144083.jpg&w=640&q=90
B.box Training Cups 240ml 12+ Months | 1 Each,$11.00$11.00/ 1ea,https://www.coles.com.au/_next/image?url=https%3A%2F%2Fcdn.productimages.coles.com.au%2Fproductimages%2F3%2F3784224.jpg&w=640&q=90
Philips Avent Soother Air Nighttime Mix Bpa Free 6-18 Months | 2 Pack,$14.95$7.48/ 1ea,https://www.coles.com.au/_next/image?url=https%3A%2F%2Fcdn.productimages.coles.com.au%2Fproductimages%2F3%2F3840573.jpg&w=640&q=90
Marquise Hypoallergenic Crawler Nappies Size 3 (6-11kg) | 20 Pack,$15.00$0.75/ 1ea,https://www.coles.com.au/_next/image?url=https%3A%2F%2Fcdn.productimages.coles.com.au%2Fproductimages%2F1%2F1601811.jpg&w=640&q=90
Aveeno Baby Dermexa Wash | 236mL,$17.00$7.20/ 100mL,https://www.coles.com.au/_next/image?url=https%3A%2F%2Fcdn.productimages.coles.com.au%2Fproductimages%2F1%2F1282473.jpg&w=640&q=90
Tommee Tippee Narrow Neck Bottles 0m+ 250ml | 3 Pack,$20.00$6.67/ 1ea,https://www.coles.com.au/_next/image?url=https%3A%2F%2Fcdn.productimages.coles.com.au%2Fproductimages%2F1%2F1144040.jpg&w=640&q=90
First Response Instream Pregnancy Test Early Results | 7 Pack,$34.00$4.86/ 1ea,https://www.coles.com.au/_next/image?url=https%3A%2F%2Fcdn.productimages.coles.com.au%2Fproductimages%2F3%2F3733722.jpg&w=640&q=90
B.Box Insulated Drink Bottle Straw Top 500ml | 1 Each,$36.00$36.00/ 1ea,https://www.coles.com.au/_next/image?url=https%3A%2F%2Fcdn.productimages.coles.com.au%2Fproductimages%2F5%2F5118074.jpg&w=640&q=90
Marquise Pure Water Wipes Travel Pack | 24 Pack,$3.50$0.15/ 1ea,https://www.coles.com.au/_next/image?url=https%3A%2F%2Fcdn.productimages.coles.com.au%2Fproductimages%2F1%2F1601731.jpg&w=640&q=90
CUB Standard Neck Silicone Teats 6+ Months | 2 Pack,$3.80$1.90/ 1ea,https://www.coles.com.au/_next/image?url=https%3A%2F%2Fcdn.productimages.coles.com.au%2Fproductimages%2F3%2F3752239.jpg&w=640&q=90
Biogaia Protectis Baby Probiotic Drops Vit D | 5mL,$39.00$780.00/ 100mL,https://www.coles.com.au/_next/image?url=https%3A%2F%2Fcdn.productimages.coles.com.au%2Fproductimages%2F1%2F1282382.jpg&w=640&q=90
Biogaia Protectis Probiotic Drops For Infant Colic Relief | 5mL,$36.50$730.00/ 100mL,https://www.coles.com.au/_next/image?url=https%3A%2F%2Fcdn.productimages.coles.com.au%2Fproductimages%2F8%2F8537131.jpg&w=640&q=90
Rafferty's Garden Raspberry & Blackberry Mini Yoghurt Drops 10  ... 8g,$2.50Save $0.50$31.25/ 100g | Was $3.00,https://www.coles.com.au/_next/image?url=https%3A%2F%2Fcdn.productimages.coles.com.au%2Fproductimages%2F4%2F4158890.jpg&w=640&q=90
Cetaphil Baby Wash & Shampoo | 400mL,$11.00Save $4.80$2.75/ 100mL | Was $15.80,https://www.coles.com.au/_next/image?url=https%3A%2F%2Fcdn.productimages.coles.com.au%2Fproductimages%2F3%2F3508850.jpg&w=640&q=90
Rafferty's Garden Apple & Raspberry Snack Bars With Real Fruit Baby Foo ... 128g,$4.50Save $1.00$3.52/ 100g | Was $5.50,https://www.coles.com.au/_next/image?url=https%3A%2F%2Fcdn.productimages.coles.com.au%2Fproductimages%2F3%2F3018862.jpg&w=640&q=90
Biogaia Protectis Kids Chewables Orange Vit D | 30 Pack,$41.40$1.38/ 1ea,https://www.coles.com.au/_next/image?url=https%3A%2F%2Fcdn.productimages.coles.com.au%2Fproductimages%2F1%2F1282393.jpg&w=640&q=90
Kiddylicious Pizza Straws Pizza Multipack 12g | 4 Pack,$7.80$16.25/ 100g,https://www.coles.com.au/_next/image?url=https%3A%2F%2Fcdn.productimages.coles.com.au%2Fproductimages%2F1%2F1854555.jpg&w=640&q=90
Euky Bear Baby Sniffly Nose Room Spray | 125g,$12.00$9.60/ 100g,https://www.coles.com.au/_next/image?url=https%3A%2F%2Fcdn.productimages.coles.com.au%2Fproductimages%2F5%2F5356957.jpg&w=640&q=90
Rafferty's Garden Nurture Immunity Blueberry Star Puffs 12m+ | 12g,$2.20$18.33/ 100g,https://www.coles.com.au/_next/image?url=https%3A%2F%2Fcdn.productimages.coles.com.au%2Fproductimages%2F1%2F1115198.jpg&w=640&q=90
Euky Bearub | 50g,$8.10$16.20/ 100g,https://www.coles.com.au/_next/image?url=https%3A%2F%2Fcdn.productimages.coles.com.au%2Fproductimages%2F5%2F5356979.jpg&w=640&q=90
Marquise Pure Water Wipes | 64 Pack,$6.00$9.38/ 100ea,https://www.coles.com.au/_next/image?url=https%3A%2F%2Fcdn.productimages.coles.com.au%2Fproductimages%2F1%2F1601254.jpg&w=640&q=90
Marcalan Nipple Cream | 30g,$8.00Save $2.00$26.67/ 100g | Was $10.00,https://www.coles.com.au/_next/image?url=https%3A%2F%2Fcdn.productimages.coles.com.au%2Fproductimages%2F2%2F2916669.jpg&w=640&q=90
B.box Spout Cup 240ml 4+ Months | 1 Each,$13.50$13.50/ 1ea,https://www.coles.com.au/_next/image?url=https%3A%2F%2Fcdn.productimages.coles.com.au%2Fproductimages%2F3%2F3849239.jpg&w=640&q=90
Infant's Friend Colic & Wind | 100mL,$14.90$14.90/ 100mL,https://www.coles.com.au/_next/image?url=https%3A%2F%2Fcdn.productimages.coles.com.au%2Fproductimages%2F5%2F5254629.jpg&w=640&q=90
Philips Avent Ultra Air Soother Nighttime Glow 18+ Months | 2 Pack,$14.95$7.48/ 1ea,https://www.coles.com.au/_next/image?url=https%3A%2F%2Fcdn.productimages.coles.com.au%2Fproductimages%2F1%2F1144345.jpg&w=640&q=90
Tommee Tippee Breast Like Soother 0-6m | 2 Pack,$15.00$7.50/ 1ea,https://www.coles.com.au/_next/image?url=https%3A%2F%2Fcdn.productimages.coles.com.au%2Fproductimages%2F1%2F1143965.jpg&w=640&q=90
Tommee Tippee Ultralight Soother 18-36m | 2 Pack,$15.00$7.50/ 1ea,https://www.coles.com.au/_next/image?url=https%3A%2F%2Fcdn.productimages.coles.com.au%2Fproductimages%2F1%2F1144006.jpg&w=640&q=90
Marquise Hypoallergenic Infant Nappies Size 2 (4-8kg) | 24 Pack,$15.00$0.63/ 1ea,https://www.coles.com.au/_next/image?url=https%3A%2F%2Fcdn.productimages.coles.com.au%2Fproductimages%2F1%2F1601800.jpg&w=640&q=90
Gaia 2 In1 Shampoo & Conditioner | 500mL,$17.00$3.40/ 100mL,https://www.coles.com.au/_next/image?url=https%3A%2F%2Fcdn.productimages.coles.com.au%2Fproductimages%2F6%2F6928499.jpg&w=640&q=90
Itchy Baby Co Natural Baby Bath Soak | 200g,$17.00$8.50/ 100g,https://www.coles.com.au/_next/image?url=https%3A%2F%2Fcdn.productimages.coles.com.au%2Fproductimages%2F8%2F8160612.jpg&w=640&q=90
Cetaphil Baby Soothing Moisturising Cream | 566g,$21.00Save $9.00$3.71/ 100g | Was $30.00,https://www.coles.com.au/_next/image?url=https%3A%2F%2Fcdn.productimages.coles.com.au%2Fproductimages%2F1%2F1282430.jpg&w=640&q=90
Clearblue Digital With Weeks Indicator Pregnancy Test | 2 Pack,$29.00$14.50/ 1ea,https://www.coles.com.au/_next/image?url=https%3A%2F%2Fcdn.productimages.coles.com.au%2Fproductimages%2F2%2F2862480.jpg&w=640&q=90
Tommee Tippee Baby Bottles Natural Start Anti-colic Bottle 340ml  ... 2 Pack,$29.50$14.75/ 1ea,https://www.coles.com.au/_next/image?url=https%3A%2F%2Fcdn.productimages.coles.com.au%2Fproductimages%2F8%2F8167123.jpg&w=640&q=90
Bunjie Blue Pouch + Wipes | 80 Pack,$30.00$37.50/ 100ea,https://www.coles.com.au/_next/image?url=https%3A%2F%2Fcdn.productimages.coles.com.au%2Fproductimages%2F1%2F1848971.jpg&w=640&q=90
B.box Insulated Drink Bottle Straw Top 350ml | 1 Each,$33.00$33.00/ 1ea,https://www.coles.com.au/_next/image?url=https%3A%2F%2Fcdn.productimages.coles.com.au%2Fproductimages%2F5%2F5245130.jpg&w=640&q=90
Biostime Sn-2 Bio Plus Hpo Follow-on Formula 6-12 Months | 800g,$40.00$5.00/ 100g,https://www.coles.com.au/_next/image?url=https%3A%2F%2Fcdn.productimages.coles.com.au%2Fproductimages%2F5%2F5112395.jpg&w=640&q=90
CUB Milk Powder Container | 1 each,$5.50$5.50/ 1ea,https://www.coles.com.au/_next/image?url=https%3A%2F%2Fcdn.productimages.coles.com.au%2Fproductimages%2F3%2F3752206.jpg&w=640&q=90
Marquise Eco Nappy Bags | 40 Pack,$6.00$0.15/ 1ea,https://www.coles.com.au/_next/image?url=https%3A%2F%2Fcdn.productimages.coles.com.au%2Fproductimages%2F1%2F1601742.jpg&w=640&q=90
Huggies Bio Baby Wipes | 64 Pack,$6.00$9.38/ 100ea,https://www.coles.com.au/_next/image?url=https%3A%2F%2Fcdn.productimages.coles.com.au%2Fproductimages%2F4%2F4209516.jpg&w=640&q=90
Johnson's Baby Moisturising Cream | 100g,$7.00$7.00/ 100g,https://www.coles.com.au/_next/image?url=https%3A%2F%2Fcdn.productimages.coles.com.au%2Fproductimages%2F8%2F8148945.jpg&w=640&q=90
New Beginnings Aqua Gel Discs | 8 Pack,$8.80$1.10/ 1ea,https://www.coles.com.au/_next/image?url=https%3A%2F%2Fcdn.productimages.coles.com.au%2Fproductimages%2F4%2F4277630.jpg&w=640&q=90
Pigeon Flexible Peristaltic Teat | 2 Pack,$12.00$6.00/ 1ea,https://www.coles.com.au/_next/image?url=https%3A%2F%2Fcdn.productimages.coles.com.au%2Fproductimages%2F8%2F8161615.jpg&w=640&q=90
Tommee Tippee Natural Start Baby Bottle Teats Medium Flow 3mo ... 2 Pack,$13.00$6.50/ 1ea,https://www.coles.com.au/_next/image?url=https%3A%2F%2Fcdn.productimages.coles.com.au%2Fproductimages%2F8%2F8166492.jpg&w=640&q=90
Tommee Tippee Active Spout Cup 12m+ 390ml | 1 Pack,$14.00$14.00/ 1ea,https://www.coles.com.au/_next/image?url=https%3A%2F%2Fcdn.productimages.coles.com.au%2Fproductimages%2F1%2F1144152.jpg&w=640&q=90
Marquise Hypoallergenic Newborn Nappies Size 1 (up To 5kg) | 26 Pack,$15.00$0.58/ 1ea,https://www.coles.com.au/_next/image?url=https%3A%2F%2Fcdn.productimages.coles.com.au%2Fproductimages%2F1%2F1601775.jpg&w=640&q=90
B.box Silicone Feeding Baby Bib | 1 Each,$15.00$15.00/ 1ea,https://www.coles.com.au/_next/image?url=https%3A%2F%2Fcdn.productimages.coles.com.au%2Fproductimages%2F6%2F6861070.jpg&w=640&q=90
Bunjie Baby Daily Sensitive Moisturising Lotion | 500mL,$17.50Save $7.50$3.50/ 100mL | Was $25.00,https://www.coles.com.au/_next/image?url=https%3A%2F%2Fcdn.productimages.coles.com.au%2Fproductimages%2F1%2F1282564.jpg&w=640&q=90
Philips Avent Ultra Soft Soother 0-6 Months Plain Mixed | 2 Pack,$17.95$8.98/ 1ea,https://www.coles.com.au/_next/image?url=https%3A%2F%2Fcdn.productimages.coles.com.au%2Fproductimages%2F1%2F1144356.jpg&w=640&q=90
The Maternity Market Fundies - Disposable Underwear L/xl | 5 Pack,$20.00$4.00/ 1ea,https://www.coles.com.au/_next/image?url=https%3A%2F%2Fcdn.productimages.coles.com.au%2Fproductimages%2F8%2F8408820.jpg&w=640&q=90
B.Box Tritan Drink Bottle Straw Top 600ml | 1 Each,$26.00$26.00/ 1ea,https://www.coles.com.au/_next/image?url=https%3A%2F%2Fcdn.productimages.coles.com.au%2Fproductimages%2F5%2F5118030.jpg&w=640&q=90
B.Box Mini Bento Lunch Box | 1 Each,$26.00$26.00/ 1ea,https://www.coles.com.au/_next/image?url=https%3A%2F%2Fcdn.productimages.coles.com.au%2Fproductimages%2F5%2F5420524.jpg&w=640&q=90
Alula Gold Reflux 0-12 Months Infant Formula | 900g,$28.80$3.20/ 100g,https://www.coles.com.au/_next/image?url=https%3A%2F%2Fcdn.productimages.coles.com.au%2Fproductimages%2F8%2F8760904.jpg&w=640&q=90
Bubs Organic Grass Fed Formula Stage 3 Toddler | 800g,$29.90Save $7.50$3.74/ 100g | Was $37.40,https://www.coles.com.au/_next/image?url=https%3A%2F%2Fcdn.productimages.coles.com.au%2Fproductimages%2F3%2F3774151.jpg&w=640&q=90
Clearblue Triple Check Pregnancy Combo Test Kit | 3 Pack,$30.00$10.00/ 1ea,https://www.coles.com.au/_next/image?url=https%3A%2F%2Fcdn.productimages.coles.com.au%2Fproductimages%2F3%2F3453362.jpg&w=640&q=90
Nestle Nan Sensitive Premium Toddler Milk Drink 1+ Years | 800g,$32.45$4.06/ 100g,https://www.coles.com.au/_next/image?url=https%3A%2F%2Fcdn.productimages.coles.com.au%2Fproductimages%2F1%2F1819860.jpg&w=640&q=90
Nestle Nan Sensitive Premium Infant Formula For Newborns Suita ... 800g,$35.00$4.38/ 100g,https://www.coles.com.au/_next/image?url=https%3A%2F%2Fcdn.productimages.coles.com.au%2Fproductimages%2F1%2F1819850.jpg&w=640&q=90
Tommee Tippee Baby Bottles Natural Start Anti-colic Bottle 260ml  ... 3 Pack,$35.00$11.67/ 1ea,https://www.coles.com.au/_next/image?url=https%3A%2F%2Fcdn.productimages.coles.com.au%2Fproductimages%2F8%2F8167371.jpg&w=640&q=90
Alula Advance+ Newborn Stage 1 Formula | 800g,$36.00$4.50/ 100g,https://www.coles.com.au/_next/image?url=https%3A%2F%2Fcdn.productimages.coles.com.au%2Fproductimages%2F4%2F4992307.jpg&w=640&q=90
Clearblue Ovulation & Pregnancy Combo Test Kit 10+1 | 11 Pack,$40.00$3.64/ 1ea,https://www.coles.com.au/_next/image?url=https%3A%2F%2Fcdn.productimages.coles.com.au%2Fproductimages%2F8%2F8924954.jpg&w=640&q=90
Karicare 1 Goat Milk Infant Formula From Birth To 6 Months | 900g,$50.00$5.56/ 100g,https://www.coles.com.au/_next/image?url=https%3A%2F%2Fcdn.productimages.coles.com.au%2Fproductimages%2F4%2F4991905.jpg&w=640&q=90
Tommee Tippee Easigrip Weaning Spoons 5 Pack 6m+ | 5 Pack,$9.20$1.84/ 1ea,https://www.coles.com.au/_next/image?url=https%3A%2F%2Fcdn.productimages.coles.com.au%2Fproductimages%2F4%2F4281310.jpg&w=640&q=90
Subo Food Bottle Handles Grey | 1 Each,$9.95$9.95/ 1ea,https://www.coles.com.au/_next/image?url=https%3A%2F%2Fcdn.productimages.coles.com.au%2Fproductimages%2F1%2F1301862.jpg&w=640&q=90
Pigeon Slim Neck Pp Bottle With Flexible Teat 120ml | 1 Pack,$10.50$10.50/ 1ea,https://www.coles.com.au/_next/image?url=https%3A%2F%2Fcdn.productimages.coles.com.au%2Fproductimages%2F8%2F8161524.jpg&w=640&q=90
B.box Lunch Tub 400ml | 1 Each,$11.00$11.00/ 1ea,https://www.coles.com.au/_next/image?url=https%3A%2F%2Fcdn.productimages.coles.com.au%2Fproductimages%2F1%2F1144618.jpg&w=640&q=90
CUB Silicone Bowl + Spoon | 1 Set,$11.00$11.00/ 1ea,https://www.coles.com.au/_next/image?url=https%3A%2F%2Fcdn.productimages.coles.com.au%2Fproductimages%2F6%2F6066023.jpg&w=640&q=90
Rafferty's Garden Blueberries Banana & Apple And Nothing Else Ba ... 120g,$1.90Save $0.40$1.58/ 100g | Was $2.30,https://www.coles.com.au/_next/image?url=https%3A%2F%2Fcdn.productimages.coles.com.au%2Fproductimages%2F6%2F6027167.jpg&w=640&q=90
Rascals Premium Nappies Size 3 (6-11kg) | 44 Pack,$17.50$0.40/ 1ea,https://www.coles.com.au/_next/image?url=https%3A%2F%2Fcdn.productimages.coles.com.au%2Fproductimages%2F3%2F3301138.jpg&w=640&q=90
Sudocrem Healing Cream | 125g,$15.45$12.36/ 100g,https://www.coles.com.au/_next/image?url=https%3A%2F%2Fcdn.productimages.coles.com.au%2Fproductimages%2F8%2F8837317.jpg&w=640&q=90
Alula Gold Newborn 0-6 Months Infant Formula | 900g,$30.00$3.33/ 100g,https://www.coles.com.au/_next/image?url=https%3A%2F%2Fcdn.productimages.coles.com.au%2Fproductimages%2F3%2F3025609.jpg&w=640&q=90
Bunjie Baby Top To Toe Wash | 500mL,$14.00Save $6.00$2.80/ 100mL | Was $20.00,https://www.coles.com.au/_next/image?url=https%3A%2F%2Fcdn.productimages.coles.com.au%2Fproductimages%2F5%2F5356913.jpg&w=640&q=90
Rascals Premium Nappies Size 1 (3-5kg) | 54 Pack,$17.50$0.32/ 1ea,https://www.coles.com.au/_next/image?url=https%3A%2F%2Fcdn.productimages.coles.com.au%2Fproductimages%2F3%2F3301150.jpg&w=640&q=90
Cetaphil Baby Moisturising Bath & Wash | 400mL,$11.00Save $4.75$2.75/ 100mL | Was $15.75,https://www.coles.com.au/_next/image?url=https%3A%2F%2Fcdn.productimages.coles.com.au%2Fproductimages%2F5%2F5335505.jpg&w=640&q=90
Rafferty's Garden Banana Pear & Mango Baby Food Puree Pouch 4+ Mon ... 120g,$1.90Save $0.40$1.58/ 100g | Was $2.30,https://www.coles.com.au/_next/image?url=https%3A%2F%2Fcdn.productimages.coles.com.au%2Fproductimages%2F6%2F6027178.jpg&w=640&q=90
WaterWipes Baby & Newborn Sensitive Wipes | 360 Pack,$40.00$11.11/ 100ea,https://www.coles.com.au/_next/image?url=https%3A%2F%2Fcdn.productimages.coles.com.au%2Fproductimages%2F1%2F1282520.jpg&w=640&q=90
Rafferty's Garden Tummy Puffs Pear & Mango 12 Months | 12g,$2.20$18.33/ 100g,https://www.coles.com.au/_next/image?url=https%3A%2F%2Fcdn.productimages.coles.com.au%2Fproductimages%2F1%2F1854351.jpg&w=640&q=90
Pigeon Flexible Peristaltic Teat | 2 Pack,$12.00$6.00/ 1ea,https://www.coles.com.au/_next/image?url=https%3A%2F%2Fcdn.productimages.coles.com.au%2Fproductimages%2F8%2F8161660.jpg&w=640&q=90
B.Box Baby Soother Clip Assorted | 2 Pack,$13.00$6.50/ 1ea,https://www.coles.com.au/_next/image?url=https%3A%2F%2Fcdn.productimages.coles.com.au%2Fproductimages%2F1%2F1144640.jpg&w=640&q=90
B.box Wrist Baby Teether 3+ Months | 1 Each,$13.00$13.00/ 1ea,https://www.coles.com.au/_next/image?url=https%3A%2F%2Fcdn.productimages.coles.com.au%2Fproductimages%2F5%2F5245016.jpg&w=640&q=90
Tommee Tippee Silicone Plate | 1 each,$13.00$13.00/ 1ea,https://www.coles.com.au/_next/image?url=https%3A%2F%2Fcdn.productimages.coles.com.au%2Fproductimages%2F7%2F7061116.jpg&w=640&q=90
Bunjie Travel Pouch + Wipes | 20 Pack,$14.00Save $6.00$0.70/ 1ea | Was $20.00,https://www.coles.com.au/_next/image?url=https%3A%2F%2Fcdn.productimages.coles.com.au%2Fproductimages%2F1%2F1849001.jpg&w=640&q=90
B.box Silicon Mesh Feeder 6+ Months | 1 Each,$14.00$14.00/ 1ea,https://www.coles.com.au/_next/image?url=https%3A%2F%2Fcdn.productimages.coles.com.au%2Fproductimages%2F5%2F5245107.jpg&w=640&q=90
Tommee Tippee Ultralight Night Soother 18-36m | 2 Pack,$15.00$7.50/ 1ea,https://www.coles.com.au/_next/image?url=https%3A%2F%2Fcdn.productimages.coles.com.au%2Fproductimages%2F1%2F1144039.jpg&w=640&q=90
Gaia Baby Starter Kit | 5 Pack,$15.00Save $2.00$3.00/ 1ea | Was $17.00,https://www.coles.com.au/_next/image?url=https%3A%2F%2Fcdn.productimages.coles.com.au%2Fproductimages%2F6%2F6928659.jpg&w=640&q=90
Tommee Tippee Soother Comfort Clip 0m+ | 1 Pack,$16.00$16.00/ 1ea,https://www.coles.com.au/_next/image?url=https%3A%2F%2Fcdn.productimages.coles.com.au%2Fproductimages%2F1%2F1329952.jpg&w=640&q=90
Marquise Pure Water Wipes (3x64) | 192 Pack,$17.50$9.11/ 100ea,https://www.coles.com.au/_next/image?url=https%3A%2F%2Fcdn.productimages.coles.com.au%2Fproductimages%2F1%2F1601276.jpg&w=640&q=90
Bunjie Mini Starter Travel Pack Blue | 1 Each,$17.50Save $7.50$17.50/ 1ea | Was $25.00,https://www.coles.com.au/_next/image?url=https%3A%2F%2Fcdn.productimages.coles.com.au%2Fproductimages%2F1%2F1848938.jpg&w=640&q=90
Clearblue Visual Rapid Detection Pregnancy Test Kit | 3 Pack,$18.00$6.00/ 1ea,https://www.coles.com.au/_next/image?url=https%3A%2F%2Fcdn.productimages.coles.com.au%2Fproductimages%2F2%2F2862479.jpg&w=640&q=90
B.box Chill + Fill Baby Teether 3+ Months | 1 Each,$23.00$23.00/ 1ea,https://www.coles.com.au/_next/image?url=https%3A%2F%2Fcdn.productimages.coles.com.au%2Fproductimages%2F6%2F6846973.jpg&w=640&q=90
Philips Avent Bottle Feeding Twin Pack Regular | 260mL,$23.95$11.98/ 1ea,https://www.coles.com.au/_next/image?url=https%3A%2F%2Fcdn.productimages.coles.com.au%2Fproductimages%2F4%2F4586011.jpg&w=640&q=90
a2 Gentle Gold Premium Junior Milk Drink Stage 4 | 800g,$29.50$3.69/ 100g,https://www.coles.com.au/_next/image?url=https%3A%2F%2Fcdn.productimages.coles.com.au%2Fproductimages%2F7%2F7714049.jpg&w=640&q=90
Huggies Little Swimmers Reusable Swim Nappies Medium | 1 Pack,$30.00$30.00/ 1ea,https://www.coles.com.au/_next/image?url=https%3A%2F%2Fcdn.productimages.coles.com.au%2Fproductimages%2F6%2F6396866.jpg&w=640&q=90
Tommee Tippee Baby Healthcare Kit | 1 each,$31.00$31.00/ 1ea,https://www.coles.com.au/_next/image?url=https%3A%2F%2Fcdn.productimages.coles.com.au%2Fproductimages%2F7%2F7105404.jpg&w=640&q=90
123 Nourish Me Sleepy Head Balm | 50g,$35.00$70.00/ 100g,https://www.coles.com.au/_next/image?url=https%3A%2F%2Fcdn.productimages.coles.com.au%2Fproductimages%2F8%2F8407067.jpg&w=640&q=90
QV Baby Moisturising Cream | 1Kg,$39.50$3.95/ 100g,https://www.coles.com.au/_next/image?url=https%3A%2F%2Fcdn.productimages.coles.com.au%2Fproductimages%2F1%2F1838854.jpg&w=640&q=90
Biostime Sn-2 Bio Plus Hpo Toddler Milk Drink 12+months | 800g,$44.00$5.50/ 100g,https://www.coles.com.au/_next/image?url=https%3A%2F%2Fcdn.productimages.coles.com.au%2Fproductimages%2F5%2F5112409.jpg&w=640&q=90
Blackmores Pregnancy + Breastfeeding Gold Capsules | 120 Pack,$50.00$41.67/ 100ea,https://www.coles.com.au/_next/image?url=https%3A%2F%2Fcdn.productimages.coles.com.au%2Fproductimages%2F5%2F5678410.jpg&w=640&q=90
Huggies Ultra Dry Nappies Boy Size 5 (13-18kg) | 96 Pack,$56.00$0.58/ 1ea,https://www.coles.com.au/_next/image?url=https%3A%2F%2Fcdn.productimages.coles.com.au%2Fproductimages%2F8%2F8017845.jpg&w=640&q=90
Huggies Ultra Dry Nappies Girls Size 6 (16kg+) | 88 Pack,$56.00$0.64/ 1ea,https://www.coles.com.au/_next/image?url=https%3A%2F%2Fcdn.productimages.coles.com.au%2Fproductimages%2F8%2F8017890.jpg&w=640&q=90
Clearblue Advanced Digital (dual Hormone) Ovulation Test | 10 Pack,$59.00$5.90/ 1ea,https://www.coles.com.au/_next/image?url=https%3A%2F%2Fcdn.productimages.coles.com.au%2Fproductimages%2F3%2F3880320.jpg&w=640&q=90
Tommee Tippee Narrow Neck Medium Flow Teat 3m+ | 2 Pack,$10.00$5.00/ 1ea,https://www.coles.com.au/_next/image?url=https%3A%2F%2Fcdn.productimages.coles.com.au%2Fproductimages%2F1%2F1144061.jpg&w=640&q=90
Clearblue Visual Early Detection Pregnancy Test Kit | 1 Pack,$11.00$11.00/ 1ea,https://www.coles.com.au/_next/image?url=https%3A%2F%2Fcdn.productimages.coles.com.au%2Fproductimages%2F2%2F2862468.jpg&w=640&q=90
Pigeon Slim Neck Bottle With Flexible Teat 240ml | 1 Pack,$11.50$11.50/ 1ea,https://www.coles.com.au/_next/image?url=https%3A%2F%2Fcdn.productimages.coles.com.au%2Fproductimages%2F8%2F8161590.jpg&w=640&q=90
Avent Medium Flow Teat 3+ Months | 2 Pack,$11.95$5.98/ 1ea,https://www.coles.com.au/_next/image?url=https%3A%2F%2Fcdn.productimages.coles.com.au%2Fproductimages%2F4%2F4590697.jpg&w=640&q=90
Philips Avent Teat Fast Flow | 2 Pack,$11.95$5.98/ 1ea,https://www.coles.com.au/_next/image?url=https%3A%2F%2Fcdn.productimages.coles.com.au%2Fproductimages%2F4%2F4590733.jpg&w=640&q=90
B.box Divider Suction Plate | 1 Each,$13.00$13.00/ 1ea,https://www.coles.com.au/_next/image?url=https%3A%2F%2Fcdn.productimages.coles.com.au%2Fproductimages%2F1%2F1144470.jpg&w=640&q=90
B.box 360 Drinking Cup 250ml 6+ Months | 1 Each,$13.00$13.00/ 1ea,https://www.coles.com.au/_next/image?url=https%3A%2F%2Fcdn.productimages.coles.com.au%2Fproductimages%2F5%2F5245049.jpg&w=640&q=90
Love All Ways Braided Silicone Teether Oatmeal | 1 Pack,$13.00$13.00/ 1ea,https://www.coles.com.au/_next/image?url=https%3A%2F%2Fcdn.productimages.coles.com.au%2Fproductimages%2F8%2F8481605.jpg&w=640&q=90
Love All Ways Braided Silicone Teether Musk | 1 Pack,$13.00$13.00/ 1ea,https://www.coles.com.au/_next/image?url=https%3A%2F%2Fcdn.productimages.coles.com.au%2Fproductimages%2F8%2F8481627.jpg&w=640&q=90
Love All Ways Braided Silicone Teether Caramel | 1 Pack,$13.00$13.00/ 1ea,https://www.coles.com.au/_next/image?url=https%3A%2F%2Fcdn.productimages.coles.com.au%2Fproductimages%2F8%2F8481660.jpg&w=640&q=90
Tommee Tippee Active Straw Cup 12m+ 390ml | 1 Pack,$14.00$14.00/ 1ea,https://www.coles.com.au/_next/image?url=https%3A%2F%2Fcdn.productimages.coles.com.au%2Fproductimages%2F1%2F1144130.jpg&w=640&q=90
Philips Avent Soother Bpa Free 18 Months | 2 Pack,$14.95$7.48/ 1ea,https://www.coles.com.au/_next/image?url=https%3A%2F%2Fcdn.productimages.coles.com.au%2Fproductimages%2F2%2F2930932.jpg&w=640&q=90
Tommee Tippee Ultralight Soother 6-18m | 2 Pack,$15.00$7.50/ 1ea,https://www.coles.com.au/_next/image?url=https%3A%2F%2Fcdn.productimages.coles.com.au%2Fproductimages%2F1%2F1143998.jpg&w=640&q=90
Marquise Hypoallergenic Junior Nappy Pants Size 6 (16kg +) | 12 Pack,$15.00$1.25/ 1ea,https://www.coles.com.au/_next/image?url=https%3A%2F%2Fcdn.productimages.coles.com.au%2Fproductimages%2F1%2F1601855.jpg&w=640&q=90
Malarkey Munch Mitt Teething Mitten | 1 Pack,$15.00Save $5.00$15.00/ 1ea | Was $20.00,https://www.coles.com.au/_next/image?url=https%3A%2F%2Fcdn.productimages.coles.com.au%2Fproductimages%2F3%2F3839745.jpg&w=640&q=90
123 Nourish Me Hello Sunshine Facestick Original | 16mL,$15.00$93.75/ 100mL,https://www.coles.com.au/_next/image?url=https%3A%2F%2Fcdn.productimages.coles.com.au%2Fproductimages%2F8%2F8407588.jpg&w=640&q=90
Philips Avent Ultra Soft Soother 6-18 Months Plain Mixed | 2 Pack,$17.95$8.98/ 1ea,https://www.coles.com.au/_next/image?url=https%3A%2F%2Fcdn.productimages.coles.com.au%2Fproductimages%2F1%2F1144390.jpg&w=640&q=90
Gaia Natural Baby Hello Baby Gift Set 3x250ml | 3 Pack,$21.00Save $4.00Was $25.00,https://www.coles.com.au/_next/image?url=https%3A%2F%2Fcdn.productimages.coles.com.au%2Fproductimages%2F1%2F1408946.jpg&w=640&q=90
Itchy Baby Co Natural Baby Scalp Oil | 100mL,$23.00$23.00/ 100mL,https://www.coles.com.au/_next/image?url=https%3A%2F%2Fcdn.productimages.coles.com.au%2Fproductimages%2F8%2F8160714.jpg&w=640&q=90
Itchy Baby Co Natural Baby Shampoo & Body Wash | 250mL,$23.00$9.20/ 100mL,https://www.coles.com.au/_next/image?url=https%3A%2F%2Fcdn.productimages.coles.com.au%2Fproductimages%2F8%2F8160805.jpg&w=640&q=90
Philips Avent Anti Colic Baby Bottles 330ml | 2 Pack,$26.95$13.48/ 1ea,https://www.coles.com.au/_next/image?url=https%3A%2F%2Fcdn.productimages.coles.com.au%2Fproductimages%2F1%2F1144312.jpg&w=640&q=90
Itchy Baby Co Natural Baby Eczema Moisturiser | 150g,$27.00$18.00/ 100g,https://www.coles.com.au/_next/image?url=https%3A%2F%2Fcdn.productimages.coles.com.au%2Fproductimages%2F8%2F8160645.jpg&w=640&q=90
Alula Gold Delicateeze Infant Formula 0-12 Months | 850g,$28.80$3.39/ 100g,https://www.coles.com.au/_next/image?url=https%3A%2F%2Fcdn.productimages.coles.com.au%2Fproductimages%2F3%2F3773272.jpg&w=640&q=90
Huggies Little Swimmers Reusable Swim Nappies Small | 1 Pack,$30.00$30.00/ 1ea,https://www.coles.com.au/_next/image?url=https%3A%2F%2Fcdn.productimages.coles.com.au%2Fproductimages%2F6%2F6396844.jpg&w=640&q=90
Rascals Premium Nappies Size 2 (4-8kg) | 48 Pack,$17.50$0.36/ 1ea,https://www.coles.com.au/_next/image?url=https%3A%2F%2Fcdn.productimages.coles.com.au%2Fproductimages%2F3%2F3301149.jpg&w=640&q=90
Rascals Premium Nappies Size 4 (10-15kg) | 36 Pack,$17.50$0.49/ 1ea,https://www.coles.com.au/_next/image?url=https%3A%2F%2Fcdn.productimages.coles.com.au%2Fproductimages%2F3%2F3301127.jpg&w=640&q=90
Rascals Premium Nappies Size 4 (10-15kg) | 72 Pack,$31.00$0.43/ 1ea,https://www.coles.com.au/_next/image?url=https%3A%2F%2Fcdn.productimages.coles.com.au%2Fproductimages%2F3%2F3597384.jpg&w=640&q=90
Alula Gentle Newborn 0-6 Months Infant Formula | 900g,$19.00$2.11/ 100g,https://www.coles.com.au/_next/image?url=https%3A%2F%2Fcdn.productimages.coles.com.au%2Fproductimages%2F3%2F3025824.jpg&w=640&q=90
Rascals Premium Nappy Pants Size 5 (13-18kg) | 26 Pack,$17.50$0.67/ 1ea,https://www.coles.com.au/_next/image?url=https%3A%2F%2Fcdn.productimages.coles.com.au%2Fproductimages%2F3%2F3445932.jpg&w=640&q=90
Ease A Cold Kids Cold And Flu Chewable Tablets | 24 Pack,$15.50$0.65/ 1ea,https://www.coles.com.au/_next/image?url=https%3A%2F%2Fcdn.productimages.coles.com.au%2Fproductimages%2F5%2F5725485.jpg&w=640&q=90
Cetaphil Baby Daily Lotion With Shea Butter | 400mL,$11.00Save $4.80$2.75/ 100mL | Was $15.80,https://www.coles.com.au/_next/image?url=https%3A%2F%2Fcdn.productimages.coles.com.au%2Fproductimages%2F2%2F2459261.jpg&w=640&q=90
Rascals Premium Nappy Pants Size 6 (15-20kg) | 46 Pack,$31.00$0.67/ 1ea,https://www.coles.com.au/_next/image?url=https%3A%2F%2Fcdn.productimages.coles.com.au%2Fproductimages%2F3%2F3613902.jpg&w=640&q=90
Rascals Premium Nappies Size 3 (6-11kg) | 88 Pack,$31.00$0.35/ 1ea,https://www.coles.com.au/_next/image?url=https%3A%2F%2Fcdn.productimages.coles.com.au%2Fproductimages%2F5%2F5487693.jpg&w=640&q=90
Rascals Premium Nappy Pants Size 5 (13-18kg) | 50 Pack,$31.00$0.62/ 1ea,https://www.coles.com.au/_next/image?url=https%3A%2F%2Fcdn.productimages.coles.com.au%2Fproductimages%2F3%2F3613899.jpg&w=640&q=90
Huggies Little Swimmers Reusable Swim Nappies L | 1 Pack,$30.00$30.00/ 1ea,https://www.coles.com.au/_next/image?url=https%3A%2F%2Fcdn.productimages.coles.com.au%2Fproductimages%2F6%2F6396980.jpg&w=640&q=90
Love All Ways Short Sleeve Ribbed Lounge Set - Cloud Grey - 0-3 Months | 1 Pack,$30.00,https://www.coles.com.au/_next/image?url=https%3A%2F%2Fcdn.productimages.coles.com.au%2Fproductimages%2F8%2F8481490.jpg&w=640&q=90
Alula Advance+ Toddler Stage 3 Formula | 800g,$33.00$4.13/ 100g,https://www.coles.com.au/_next/image?url=https%3A%2F%2Fcdn.productimages.coles.com.au%2Fproductimages%2F4%2F4992511.jpg&w=640&q=90
Tiny Twinkle Long Sleeve Bib Toddler Sand Cinnamon | 2 Pack,$35.00$17.50/ 1ea,https://www.coles.com.au/_next/image?url=https%3A%2F%2Fcdn.productimages.coles.com.au%2Fproductimages%2F8%2F8402427.jpg&w=640&q=90
Alula Advance+ Follow On Stage 2 Formula | 800g,$36.00$4.50/ 100g,https://www.coles.com.au/_next/image?url=https%3A%2F%2Fcdn.productimages.coles.com.au%2Fproductimages%2F4%2F4992330.jpg&w=640&q=90
Blackmores Pregnancy & Breast-feeding Gold Capsules | 60 Pack,$38.00$63.33/ 100ea,https://www.coles.com.au/_next/image?url=https%3A%2F%2Fcdn.productimages.coles.com.au%2Fproductimages%2F8%2F8297184.jpg&w=640&q=90
Aptamil Profutura Junior Formula From 3 Years | 900g,$47.30$5.26/ 100g,https://www.coles.com.au/_next/image?url=https%3A%2F%2Fcdn.productimages.coles.com.au%2Fproductimages%2F4%2F4150129.jpg&w=640&q=90
Huggies Ultra Dry Nappies Boys Size 6 (16kg+) | 88 Pack,$56.00$0.64/ 1ea,https://www.coles.com.au/_next/image?url=https%3A%2F%2Fcdn.productimages.coles.com.au%2Fproductimages%2F8%2F8017903.jpg&w=640&q=90
Tommee Tippee Narrow Neck Bottles 0m+ 250ml | 1 Pack,$10.00$10.00/ 1ea,https://www.coles.com.au/_next/image?url=https%3A%2F%2Fcdn.productimages.coles.com.au%2Fproductimages%2F1%2F1144050.jpg&w=640&q=90
Salistick Saliva Pregnancy Test | 1 Pack,$11.00Save $11.00$11.00/ 1ea | Was $22.00,https://www.coles.com.au/_next/image?url=https%3A%2F%2Fcdn.productimages.coles.com.au%2Fproductimages%2F1%2F1387085.jpg&w=640&q=90
CUB Silicone Plate | 1 each,$11.00$11.00/ 1ea,https://www.coles.com.au/_next/image?url=https%3A%2F%2Fcdn.productimages.coles.com.au%2Fproductimages%2F6%2F6065950.jpg&w=640&q=90
Love All Ways Braided Teether Silicone Cloud Grey | 1 Pack,$13.00$13.00/ 1ea,https://www.coles.com.au/_next/image?url=https%3A%2F%2Fcdn.productimages.coles.com.au%2Fproductimages%2F8%2F8481638.jpg&w=640&q=90
Tommee Tippee Breast Like Soother 6-18m | 2 Pack,$15.00$7.50/ 1ea,https://www.coles.com.au/_next/image?url=https%3A%2F%2Fcdn.productimages.coles.com.au%2Fproductimages%2F1%2F1143976.jpg&w=640&q=90
Bubba Bump Mesh Underwear XXL | 5 Pack,$15.00$3.00/ 1ea,https://www.coles.com.au/_next/image?url=https%3A%2F%2Fcdn.productimages.coles.com.au%2Fproductimages%2F8%2F8174286.jpg&w=640&q=90
Tommee Tippee Baby Bottles Natural Start Anti-colic Bottle 260ml  ... 1 each,$16.00$16.00/ 1ea,https://www.coles.com.au/_next/image?url=https%3A%2F%2Fcdn.productimages.coles.com.au%2Fproductimages%2F8%2F8167327.jpg&w=640&q=90
Itti Bamboo Baby Cino Cup Butterfly | 1 Each,$16.95$16.95/ 1ea,https://www.coles.com.au/_next/image?url=https%3A%2F%2Fcdn.productimages.coles.com.au%2Fproductimages%2F1%2F1301873.jpg&w=640&q=90
Itti Bamboo Baby Cino Cup Crush | 1 Each,$16.95$16.95/ 1ea,https://www.coles.com.au/_next/image?url=https%3A%2F%2Fcdn.productimages.coles.com.au%2Fproductimages%2F1%2F1301884.jpg&w=640&q=90
Itti Bamboo Baby Cino Cup Dozer | 1 Each,$16.95$16.95/ 1ea,https://www.coles.com.au/_next/image?url=https%3A%2F%2Fcdn.productimages.coles.com.au%2Fproductimages%2F1%2F1301895.jpg&w=640&q=90
Itti Bamboo Baby Cino Cup Womble | 1 Each,$16.95$16.95/ 1ea,https://www.coles.com.au/_next/image?url=https%3A%2F%2Fcdn.productimages.coles.com.au%2Fproductimages%2F1%2F1301909.jpg&w=640&q=90
Huggies Premmie Nappies | 30 Pack,$17.00$0.57/ 1ea,https://www.coles.com.au/_next/image?url=https%3A%2F%2Fcdn.productimages.coles.com.au%2Fproductimages%2F1%2F1108909.jpg&w=640&q=90
Rafferty's Garden Blueberry Banana & Pear Yoghurt Brekkie Baby Food  ... 120g,$1.90Save $0.40$1.58/ 100g | Was $2.30,https://www.coles.com.au/_next/image?url=https%3A%2F%2Fcdn.productimages.coles.com.au%2Fproductimages%2F5%2F5046600.jpg&w=640&q=90
Ease A Cold Kids Cough Cold & Flu Liquid | 180mL,$20.00$11.11/ 100mL,https://www.coles.com.au/_next/image?url=https%3A%2F%2Fcdn.productimages.coles.com.au%2Fproductimages%2F6%2F6134804.jpg&w=640&q=90
Rascals Premium Nappy Pants Size 7 (17+kg) | 22 Pack,$17.50$0.80/ 1ea,https://www.coles.com.au/_next/image?url=https%3A%2F%2Fcdn.productimages.coles.com.au%2Fproductimages%2F6%2F6398737.jpg&w=640&q=90
Rascals Premium Nappies Size 5 (13-18kg) | 32 Pack,$17.50$0.55/ 1ea,https://www.coles.com.au/_next/image?url=https%3A%2F%2Fcdn.productimages.coles.com.au%2Fproductimages%2F3%2F3301116.jpg&w=640&q=90
Subo Food Bottle Duck Egg 210ml | 1 each,$35.00$35.00/ 1ea,https://www.coles.com.au/_next/image?url=https%3A%2F%2Fcdn.productimages.coles.com.au%2Fproductimages%2F7%2F7069956.jpg&w=640&q=90
Rascals Premium Nappy Pants Size 4 (10-15kg) | 56 Pack,$31.00$0.55/ 1ea,https://www.coles.com.au/_next/image?url=https%3A%2F%2Fcdn.productimages.coles.com.au%2Fproductimages%2F3%2F3613877.jpg&w=640&q=90
Infacol Wind Drops | 50mL,$20.00$40.00/ 100mL,https://www.coles.com.au/_next/image?url=https%3A%2F%2Fcdn.productimages.coles.com.au%2Fproductimages%2F3%2F3506902.jpg&w=640&q=90
Raffertys Garden Strawberry & Chia Pressed Bars 1-3 Years | 90g,$5.50$6.11/ 100g,https://www.coles.com.au/_next/image?url=https%3A%2F%2Fcdn.productimages.coles.com.au%2Fproductimages%2F8%2F8403769.jpg&w=640&q=90
Tommee Tippee Ultralight Soother 0-6m | 2 Pack,$15.00$7.50/ 1ea,https://www.coles.com.au/_next/image?url=https%3A%2F%2Fcdn.productimages.coles.com.au%2Fproductimages%2F1%2F1143987.jpg&w=640&q=90
B.box Sippy Cup 240ml 6+ Months | 1 Each,$16.50$16.50/ 1ea,https://www.coles.com.au/_next/image?url=https%3A%2F%2Fcdn.productimages.coles.com.au%2Fproductimages%2F3%2F3510207.jpg&w=640&q=90
Love All Ways Organic Beechwood Teether Dark Pink | 1 Pack,$17.00$17.00/ 1ea,https://www.coles.com.au/_next/image?url=https%3A%2F%2Fcdn.productimages.coles.com.au%2Fproductimages%2F8%2F8481616.jpg&w=640&q=90
Love All Ways Organic Beechwood Teether Grey | 1 Pack,$17.00$17.00/ 1ea,https://www.coles.com.au/_next/image?url=https%3A%2F%2Fcdn.productimages.coles.com.au%2Fproductimages%2F8%2F8505124.jpg&w=640&q=90
Love All Ways Organic Beechwood Teether Bronze | 1 Pack,$17.00$17.00/ 1ea,https://www.coles.com.au/_next/image?url=https%3A%2F%2Fcdn.productimages.coles.com.au%2Fproductimages%2F8%2F8505135.jpg&w=640&q=90
Gaia Natural Baby Sleeptime Gift Set | 1 Each,$20.00,https://www.coles.com.au/_next/image?url=https%3A%2F%2Fcdn.productimages.coles.com.au%2Fproductimages%2F1%2F1408957.jpg&w=640&q=90
Clearblue Digital Ultra Early Pregnancy Test | 1 Pack,$20.00$20.00/ 1ea,https://www.coles.com.au/_next/image?url=https%3A%2F%2Fcdn.productimages.coles.com.au%2Fproductimages%2F4%2F4994630.jpg&w=640&q=90
Clearblue Digital With Weeks Indicator Pregnancy Test | 1 Pack,$20.00$20.00/ 1ea,https://www.coles.com.au/_next/image?url=https%3A%2F%2Fcdn.productimages.coles.com.au%2Fproductimages%2F5%2F5047260.jpg&w=640&q=90
The Maternity Market Fundies - Disposable Underwear S/m | 5 Pack,$20.00$4.00/ 1ea,https://www.coles.com.au/_next/image?url=https%3A%2F%2Fcdn.productimages.coles.com.au%2Fproductimages%2F8%2F8407657.jpg&w=640&q=90
The Maternity Market Fundies - Disposable Underwear Xl+ | 5 Pack,$20.00$4.00/ 1ea,https://www.coles.com.au/_next/image?url=https%3A%2F%2Fcdn.productimages.coles.com.au%2Fproductimages%2F8%2F8409120.jpg&w=640&q=90
Love All Ways 3 Piece Silicone & Beechwood Teether - Musk | 1 Pack,$20.00$20.00/ 1ea,https://www.coles.com.au/_next/image?url=https%3A%2F%2Fcdn.productimages.coles.com.au%2Fproductimages%2F8%2F8481730.jpg&w=640&q=90
Love All Ways 3 Piece Silicone & Beechwood Teether Dove Grey | 1 Pack,$20.00$20.00/ 1ea,https://www.coles.com.au/_next/image?url=https%3A%2F%2Fcdn.productimages.coles.com.au%2Fproductimages%2F8%2F8505146.jpg&w=640&q=90
Love All Ways 3 Piece Silicone & Beechwood Teether - Sage | 1 Pack,$20.00$20.00/ 1ea,https://www.coles.com.au/_next/image?url=https%3A%2F%2Fcdn.productimages.coles.com.au%2Fproductimages%2F8%2F8505157.jpg&w=640&q=90
Love All Ways 3 Piece Silicone & Beechwood Teether Caramel | 1 Pack,$20.00$20.00/ 1ea,https://www.coles.com.au/_next/image?url=https%3A%2F%2Fcdn.productimages.coles.com.au%2Fproductimages%2F8%2F8505179.jpg&w=640&q=90
Contigo Aubrey Kids Leak Proof Drink Bottle Assorted 414ml | 1 Each,$24.00$24.00/ 1ea,https://www.coles.com.au/_next/image?url=https%3A%2F%2Fcdn.productimages.coles.com.au%2Fproductimages%2F1%2F1145166.jpg&w=640&q=90
Tiny Twinkle Silicone Training Utensils Mint | 1 Pack,$25.00$25.00/ 1ea,https://www.coles.com.au/_next/image?url=https%3A%2F%2Fcdn.productimages.coles.com.au%2Fproductimages%2F8%2F8387742.jpg&w=640&q=90
Tiny Twinkle Silicone Training Utensils Rose | 1 Pack,$25.00$25.00/ 1ea,https://www.coles.com.au/_next/image?url=https%3A%2F%2Fcdn.productimages.coles.com.au%2Fproductimages%2F8%2F8389850.jpg&w=640&q=90
Tiny Twinkle Silicone Training Utensils Grey | 1 Pack,$25.00$25.00/ 1ea,https://www.coles.com.au/_next/image?url=https%3A%2F%2Fcdn.productimages.coles.com.au%2Fproductimages%2F8%2F8389872.jpg&w=640&q=90
Bubba Bump Perineum Ice/heat Gel Pack | 2 Pack,$28.00$14.00/ 1ea,https://www.coles.com.au/_next/image?url=https%3A%2F%2Fcdn.productimages.coles.com.au%2Fproductimages%2F8%2F8387720.jpg&w=640&q=90
First Response Test & Reassure Pregnancy Kit | 3 Pack,$28.50$9.50/ 1ea,https://www.coles.com.au/_next/image?url=https%3A%2F%2Fcdn.productimages.coles.com.au%2Fproductimages%2F6%2F6137835.jpg&w=640&q=90
Tiny Twinkle Silicone Suction Bowl Pink | 1 Pack,$29.00$29.00/ 1ea,https://www.coles.com.au/_next/image?url=https%3A%2F%2Fcdn.productimages.coles.com.au%2Fproductimages%2F8%2F8390623.jpg&w=640&q=90
Tiny Twinkle Silicone Suction Bowl Burgundy | 1 Pack,$29.00$29.00/ 1ea,https://www.coles.com.au/_next/image?url=https%3A%2F%2Fcdn.productimages.coles.com.au%2Fproductimages%2F8%2F8390634.jpg&w=640&q=90
Tiny Twinkle Silicone Suction Bowl Blue | 1 Pack,$29.00$29.00/ 1ea,https://www.coles.com.au/_next/image?url=https%3A%2F%2Fcdn.productimages.coles.com.au%2Fproductimages%2F8%2F8390725.jpg&w=640&q=90
Itti Bitti Swim Nappy Rock Pool Small | 1 each,$30.00$30.00/ 1ea,https://www.coles.com.au/_next/image?url=https%3A%2F%2Fcdn.productimages.coles.com.au%2Fproductimages%2F8%2F8146189.jpg&w=640&q=90
Tiny Twinkle Silicone Suction Plate And Lid Set Pink | 1 each,$30.00$30.00/ 1ea,https://www.coles.com.au/_next/image?url=https%3A%2F%2Fcdn.productimages.coles.com.au%2Fproductimages%2F8%2F8403689.jpg&w=640&q=90
Tiny Twinkle Silicone Suction Plate And Lid Set Burgundy | 1 each,$30.00$30.00/ 1ea,https://www.coles.com.au/_next/image?url=https%3A%2F%2Fcdn.productimages.coles.com.au%2Fproductimages%2F8%2F8404921.jpg&w=640&q=90
Tiny Twinkle Silicone Suction Plate And Lid Set Grey | 1 each,$30.00$30.00/ 1ea,https://www.coles.com.au/_next/image?url=https%3A%2F%2Fcdn.productimages.coles.com.au%2Fproductimages%2F8%2F8405640.jpg&w=640&q=90
Love All Ways Sleeveless Ribbed Onesie - Soft Sage - 0-3 Months | 1 Pack,$30.00,https://www.coles.com.au/_next/image?url=https%3A%2F%2Fcdn.productimages.coles.com.au%2Fproductimages%2F8%2F8477710.jpg&w=640&q=90
Love All Ways Sleeveless Ribbed Onesie - Soft Sage - 3-6 Months | 1 Pack,$30.00,https://www.coles.com.au/_next/image?url=https%3A%2F%2Fcdn.productimages.coles.com.au%2Fproductimages%2F8%2F8478010.jpg&w=640&q=90
Love All Ways Sleeveless Ribbed Onesie - Iced Latte - 0-3 Months | 1 Pack,$30.00,https://www.coles.com.au/_next/image?url=https%3A%2F%2Fcdn.productimages.coles.com.au%2Fproductimages%2F8%2F8481321.jpg&w=640&q=90
Love All Ways Sleeveless Ribbed Onesie - Iced Latte - 3-6 Months | 1 Pack,$30.00,https://www.coles.com.au/_next/image?url=https%3A%2F%2Fcdn.productimages.coles.com.au%2Fproductimages%2F8%2F8481387.jpg&w=640&q=90
Love All Ways Short Sleeve Ribbed Lounge Set - Iced Latte - 0-3 Months | 1 Pack,$30.00,https://www.coles.com.au/_next/image?url=https%3A%2F%2Fcdn.productimages.coles.com.au%2Fproductimages%2F8%2F8481398.jpg&w=640&q=90
Love All Ways Short Sleeve Ribbed Lounge Set - Iced Latte - 3-6 Months | 1 Pack,$30.00,https://www.coles.com.au/_next/image?url=https%3A%2F%2Fcdn.productimages.coles.com.au%2Fproductimages%2F8%2F8481467.jpg&w=640&q=90
Love All Ways Short Sleeve Ribbed Lounge Set - Cloud Grey - 3-6 Months | 1 Pack,$30.00,https://www.coles.com.au/_next/image?url=https%3A%2F%2Fcdn.productimages.coles.com.au%2Fproductimages%2F8%2F8481514.jpg&w=640&q=90
Love All Ways Organic Bunny Comforter Sea Foam Green | 1 Pack,$30.00$30.00/ 1ea,https://www.coles.com.au/_next/image?url=https%3A%2F%2Fcdn.productimages.coles.com.au%2Fproductimages%2F8%2F8481525.jpg&w=640&q=90
Love All Ways Organic Bunny Comforter Soft Beige | 1 Pack,$30.00$30.00/ 1ea,https://www.coles.com.au/_next/image?url=https%3A%2F%2Fcdn.productimages.coles.com.au%2Fproductimages%2F8%2F8481547.jpg&w=640&q=90
Love All Ways Organic Koala Comforter Sea Foam Green | 1 Pack,$30.00$30.00/ 1ea,https://www.coles.com.au/_next/image?url=https%3A%2F%2Fcdn.productimages.coles.com.au%2Fproductimages%2F8%2F8481570.jpg&w=640&q=90
Love All Ways Organic Koala Comforter Beige | 1 Pack,$30.00$30.00/ 1ea,https://www.coles.com.au/_next/image?url=https%3A%2F%2Fcdn.productimages.coles.com.au%2Fproductimages%2F8%2F8481580.jpg&w=640&q=90
123 Nourish Me Hello Sunshine - Sunscreen | 100g,$33.00$33.00/ 100g,https://www.coles.com.au/_next/image?url=https%3A%2F%2Fcdn.productimages.coles.com.au%2Fproductimages%2F8%2F8407577.jpg&w=640&q=90
Love All Ways Cozy Button Up Bodysuit - Latte - 0-3 Months | 1 Pack,$33.00,https://www.coles.com.au/_next/image?url=https%3A%2F%2Fcdn.productimages.coles.com.au%2Fproductimages%2F8%2F8476445.jpg&w=640&q=90
Love All Ways Cozy Button Up Bodysuit - Latte - 3-6 Months | 1 Pack,$33.00,https://www.coles.com.au/_next/image?url=https%3A%2F%2Fcdn.productimages.coles.com.au%2Fproductimages%2F8%2F8476467.jpg&w=640&q=90
Love All Ways Cozy Button Up Bodysuit - Sea Foam Green - 0-3 Months | 1 Pack,$33.00,https://www.coles.com.au/_next/image?url=https%3A%2F%2Fcdn.productimages.coles.com.au%2Fproductimages%2F8%2F8476503.jpg&w=640&q=90
Love All Ways Cozy Button Up Bodysuit - Sea Foam Green - 3-6 Months | 1 Pack,$33.00,https://www.coles.com.au/_next/image?url=https%3A%2F%2Fcdn.productimages.coles.com.au%2Fproductimages%2F8%2F8476536.jpg&w=640&q=90
Clearblue Digital Ultra Early Pregnancy Test | 2 Pack,$34.00$17.00/ 1ea,https://www.coles.com.au/_next/image?url=https%3A%2F%2Fcdn.productimages.coles.com.au%2Fproductimages%2F4%2F4994652.jpg&w=640&q=90
Tiny Twinkle Apron Bib Infant Sand Cinnamon | 2 Pack,$35.00$17.50/ 1ea,https://www.coles.com.au/_next/image?url=https%3A%2F%2Fcdn.productimages.coles.com.au%2Fproductimages%2F8%2F8390770.jpg&w=640&q=90
Tiny Twinkle Apron Bib Infant Slate Olive | 2 Pack,$35.00$17.50/ 1ea,https://www.coles.com.au/_next/image?url=https%3A%2F%2Fcdn.productimages.coles.com.au%2Fproductimages%2F8%2F8390827.jpg&w=640&q=90
Tiny Twinkle Apron Bib Infant Grey Indigo | 2 Pack,$35.00$17.50/ 1ea,https://www.coles.com.au/_next/image?url=https%3A%2F%2Fcdn.productimages.coles.com.au%2Fproductimages%2F8%2F8390860.jpg&w=640&q=90
Tiny Twinkle Apron Bib Infant Rose Burgundy | 2 Pack,$35.00$17.50/ 1ea,https://www.coles.com.au/_next/image?url=https%3A%2F%2Fcdn.productimages.coles.com.au%2Fproductimages%2F8%2F8401344.jpg&w=640&q=90
Rascals Premium Nappies Size 2 (4-8kg) | 96 Pack,$31.00$0.32/ 1ea,https://www.coles.com.au/_next/image?url=https%3A%2F%2Fcdn.productimages.coles.com.au%2Fproductimages%2F3%2F3597362.jpg&w=640&q=90
Rascals Premium Nappies Size 5 (13-18kg) | 64 Pack,$31.00$0.48/ 1ea,https://www.coles.com.au/_next/image?url=https%3A%2F%2Fcdn.productimages.coles.com.au%2Fproductimages%2F3%2F3597395.jpg&w=640&q=90
Alula Gold Follow-on Formula 6-12 Months | 900g,$30.00$3.33/ 100g,https://www.coles.com.au/_next/image?url=https%3A%2F%2Fcdn.productimages.coles.com.au%2Fproductimages%2F3%2F3025722.jpg&w=640&q=90
Rascals Premium Nappy Pants Size 4 (10-15kg) | 29 Pack,$17.50$0.60/ 1ea,https://www.coles.com.au/_next/image?url=https%3A%2F%2Fcdn.productimages.coles.com.au%2Fproductimages%2F3%2F3445943.jpg&w=640&q=90
Raffertys Garden Chicken & Sweetcorn Risotto 10 Months+ | 170g,$2.80$1.65/ 100g,https://www.coles.com.au/_next/image?url=https%3A%2F%2Fcdn.productimages.coles.com.au%2Fproductimages%2F8%2F8403940.jpg&w=640&q=90
Rascals Premium Nappies Size 6 (15-20kg) | 30 Pack,$17.50$0.58/ 1ea,https://www.coles.com.au/_next/image?url=https%3A%2F%2Fcdn.productimages.coles.com.au%2Fproductimages%2F3%2F3315019.jpg&w=640&q=90
Alula Original Follow-on Formula 6-12 Months | 900g,$19.00$2.11/ 100g,https://www.coles.com.au/_next/image?url=https%3A%2F%2Fcdn.productimages.coles.com.au%2Fproductimages%2F3%2F3025835.jpg&w=640&q=90
Rascals Premium Nappy Pants Size 6 (15-20kg) | 24 Pack,$17.50$0.73/ 1ea,https://www.coles.com.au/_next/image?url=https%3A%2F%2Fcdn.productimages.coles.com.au%2Fproductimages%2F3%2F3445954.jpg&w=640&q=90
Tommee Tippee Soother Comfort Clip 0m+ | 1 Pack,$16.00$16.00/ 1ea,https://www.coles.com.au/_next/image?url=https%3A%2F%2Fcdn.productimages.coles.com.au%2Fproductimages%2F1%2F1329952.jpg&w=640&q=90
Gaia Natural Baby Sleeptime Bath | 500mL,$17.00$3.40/ 100mL,https://www.coles.com.au/_next/image?url=https%3A%2F%2Fcdn.productimages.coles.com.au%2Fproductimages%2F1%2F1516188.jpg&w=640&q=90
Tiny Twinkle Long Sleeve Bib Toddler Rose Burgundy | 2 Pack,$35.00$17.50/ 1ea,https://www.coles.com.au/_next/image?url=https%3A%2F%2Fcdn.productimages.coles.com.au%2Fproductimages%2F8%2F8402405.jpg&w=640&q=90
Tiny Twinkle Long Sleeve Bib Toddler Slate Olive | 2 Pack,$35.00$17.50/ 1ea,https://www.coles.com.au/_next/image?url=https%3A%2F%2Fcdn.productimages.coles.com.au%2Fproductimages%2F8%2F8402438.jpg&w=640&q=90
Tiny Twinkle Long Sleeve Bib Toddler Grey Indigo | 2 Pack,$35.00$17.50/ 1ea,https://www.coles.com.au/_next/image?url=https%3A%2F%2Fcdn.productimages.coles.com.au%2Fproductimages%2F8%2F8402595.jpg&w=640&q=90
123 Nourish Me Chesty Rub Balm | 50g,$35.00$70.00/ 100g,https://www.coles.com.au/_next/image?url=https%3A%2F%2Fcdn.productimages.coles.com.au%2Fproductimages%2F8%2F8407544.jpg&w=640&q=90
Bubba Bump Postpartum Herbal Sitz Soak | 700g,$36.00$5.14/ 100g,https://www.coles.com.au/_next/image?url=https%3A%2F%2Fcdn.productimages.coles.com.au%2Fproductimages%2F8%2F8359485.jpg&w=640&q=90
Bubba Bump Pregnancy Bath Soak | 700g,$36.00$5.14/ 100g,https://www.coles.com.au/_next/image?url=https%3A%2F%2Fcdn.productimages.coles.com.au%2Fproductimages%2F8%2F8387753.jpg&w=640&q=90
Tiny Twinkle Apron Bib Toddler Sand Cinnamon | 2 Pack,$37.00$18.50/ 1ea,https://www.coles.com.au/_next/image?url=https%3A%2F%2Fcdn.productimages.coles.com.au%2Fproductimages%2F8%2F8402697.jpg&w=640&q=90
Tiny Twinkle Apron Bib Toddler Slate & Olive | 2 Pack,$37.00$18.50/ 1ea,https://www.coles.com.au/_next/image?url=https%3A%2F%2Fcdn.productimages.coles.com.au%2Fproductimages%2F8%2F8402824.jpg&w=640&q=90
Tiny Twinkle Apron Bib Toddler Grey Indigo | 2 Pack,$37.00$18.50/ 1ea,https://www.coles.com.au/_next/image?url=https%3A%2F%2Fcdn.productimages.coles.com.au%2Fproductimages%2F8%2F8403441.jpg&w=640&q=90
Tiny Twinkle Apron Bib Toddler Rose & Burgundy | 2 Pack,$37.00$18.50/ 1ea,https://www.coles.com.au/_next/image?url=https%3A%2F%2Fcdn.productimages.coles.com.au%2Fproductimages%2F8%2F8403656.jpg&w=640&q=90
Bubba Bump Breast Ice/Heat Gel Pack | 2 Pack,$40.00$20.00/ 1ea,https://www.coles.com.au/_next/image?url=https%3A%2F%2Fcdn.productimages.coles.com.au%2Fproductimages%2F8%2F8175212.jpg&w=640&q=90
Mother Natal Complete Support Prenatal Vitamin | 60 Pack,$49.95$83.25/ 100ea,https://www.coles.com.au/_next/image?url=https%3A%2F%2Fcdn.productimages.coles.com.au%2Fproductimages%2F8%2F8702260.jpg&w=640&q=90
Gaia Natural Baby Newborn Baby Set | 1 Each,$50.00,https://www.coles.com.au/_next/image?url=https%3A%2F%2Fcdn.productimages.coles.com.au%2Fproductimages%2F1%2F1408935.jpg&w=640&q=90
Itti Bitti Premium Double Pocket Wetbag And Medium Reusable Swim Na ... 1 each,$55.00$55.00/ 1ea,https://www.coles.com.au/_next/image?url=https%3A%2F%2Fcdn.productimages.coles.com.au%2Fproductimages%2F8%2F8146699.jpg&w=640&q=90
