Product Name,Woolworths_Price,Coles_Price,Woolworths_Image,Coles_image
Rafferty's Garden Mini Yoghurt Drops Raspberry & Blackberry 8g,2.5,2.5,https://assets.woolworths.com.au/images/1005/104077.jpg?impolicy=wowsmkqiema&w=260&h=260,https://www.coles.com.au/_next/image?url=https%3A%2F%2Fcdn.productimages.coles.com.au%2Fproductimages%2F4%2F4158890.jpg&w=640&q=90
Cetaphil Baby Gentle Wash & Shampoo 400mL,15.8,11.0,https://assets.woolworths.com.au/images/1005/26457.jpg?impolicy=wowsmkqiema&w=260&h=260,https://www.coles.com.au/_next/image?url=https%3A%2F%2Fcdn.productimages.coles.com.au%2Fproductimages%2F3%2F3508850.jpg&w=640&q=90
Huggies Gentle Cleanse Baby Wipes Fragrance Free 80 pack,2.75,5.5,https://assets.woolworths.com.au/images/1005/20391.jpg?impolicy=wowsmkqiema&w=260&h=260,https://www.coles.com.au/_next/image?url=https%3A%2F%2Fcdn.productimages.coles.com.au%2Fproductimages%2F6%2F6894579.jpg&w=640&q=90
BabyLove Nappy Pants Size 6 (15-25kg) 22 pack,20.0,20.0,https://assets.woolworths.com.au/images/1005/740040.jpg?impolicy=wowsmkqiema&w=260&h=260,https://www.coles.com.au/_next/image?url=https%3A%2F%2Fcdn.productimages.coles.com.au%2Fproductimages%2F7%2F7268680.jpg&w=640&q=90
BabyLove Nappy Pants Size 5 (12-17kg) 25 pack,20.0,20.0,https://assets.woolworths.com.au/images/1005/740039.jpg?impolicy=wowsmkqiema&w=260&h=260,https://www.coles.com.au/_next/image?url=https%3A%2F%2Fcdn.productimages.coles.com.au%2Fproductimages%2F1%2F1007071.jpg&w=640&q=90
Huggies PURE 99% Purified Water Baby Wipes 72 pack,2.75,5.5,https://assets.woolworths.com.au/images/1005/216801.jpg?impolicy=wowsmkqiema&w=260&h=260,https://www.coles.com.au/_next/image?url=https%3A%2F%2Fcdn.productimages.coles.com.au%2Fproductimages%2F5%2F5236897.jpg&w=640&q=90
Huggies Ultra Dry Nappies Boys Size 5 (13-18kg) 32 pack,24.0,12.0,https://assets.woolworths.com.au/images/1005/16631.jpg?impolicy=wowsmkqiema&w=260&h=260,https://www.coles.com.au/_next/image?url=https%3A%2F%2Fcdn.productimages.coles.com.au%2Fproductimages%2F6%2F6802559.jpg&w=640&q=90
Nan COMFORT 3 Toddler Milk Drink From 1 Year 800g,23.1,23.1,https://assets.woolworths.com.au/images/1005/155541.jpg?impolicy=wowsmkqiema&w=260&h=260,https://www.coles.com.au/_next/image?url=https%3A%2F%2Fcdn.productimages.coles.com.au%2Fproductimages%2F4%2F4162616.jpg&w=640&q=90
Huggies Ultra Dry Nappies Boys Size 4 (10-15kg) 36 pack,24.0,12.0,https://assets.woolworths.com.au/images/1005/16614.jpg?impolicy=wowsmkqiema&w=260&h=260,https://www.coles.com.au/_next/image?url=https%3A%2F%2Fcdn.productimages.coles.com.au%2Fproductimages%2F6%2F6803890.jpg&w=640&q=90
Huggies Ultra Dry Nappies Boys Size 6 (16kg+) 30 pack,24.0,12.0,https://assets.woolworths.com.au/images/1005/200705.jpg?impolicy=wowsmkqiema&w=260&h=260,https://www.coles.com.au/_next/image?url=https%3A%2F%2Fcdn.productimages.coles.com.au%2Fproductimages%2F9%2F9636070.jpg&w=640&q=90
Huggies Glentle Cleanse Baby Wipes Coconut Oil 80 pack,2.75,5.5,https://assets.woolworths.com.au/images/1005/500427.jpg?impolicy=wowsmkqiema&w=260&h=260,https://www.coles.com.au/_next/image?url=https%3A%2F%2Fcdn.productimages.coles.com.au%2Fproductimages%2F2%2F2737568.jpg&w=640&q=90
Huggies Skin Protect Nappies Size 2 (4-8kg) 48 pack,24.0,12.0,https://assets.woolworths.com.au/images/1005/673363.jpg?impolicy=wowsmkqiema&w=260&h=260,https://www.coles.com.au/_next/image?url=https%3A%2F%2Fcdn.productimages.coles.com.au%2Fproductimages%2F3%2F3114855.jpg&w=640&q=90
Huggies Ultra Dry Nappies Girls Size 4 (10-15kg) 36 pack,24.0,12.0,https://assets.woolworths.com.au/images/1005/16627.jpg?impolicy=wowsmkqiema&w=260&h=260,https://www.coles.com.au/_next/image?url=https%3A%2F%2Fcdn.productimages.coles.com.au%2Fproductimages%2F6%2F6803100.jpg&w=640&q=90
Huggies Ultra Dry Nappies Girls Size 3 (6-11kg) 44 pack,24.0,12.0,https://assets.woolworths.com.au/images/1005/16578.jpg?impolicy=wowsmkqiema&w=260&h=260,https://www.coles.com.au/_next/image?url=https%3A%2F%2Fcdn.productimages.coles.com.au%2Fproductimages%2F6%2F6803008.jpg&w=640&q=90
Rafferty's Garden Banana Pear & Mango Baby Food Puree Pouch 4+ Months 120g,1.9,1.9,https://assets.woolworths.com.au/images/1005/291278.jpg?impolicy=wowsmkqiema&w=260&h=260,https://www.coles.com.au/_next/image?url=https%3A%2F%2Fcdn.productimages.coles.com.au%2Fproductimages%2F6%2F6027178.jpg&w=640&q=90
Rafferty's Garden Strawberry & Chia Yoghurt Brekkie Baby Food 8+ Months 120g,1.9,1.9,https://assets.woolworths.com.au/images/1005/225747.jpg?impolicy=wowsmkqiema&w=260&h=260,https://www.coles.com.au/_next/image?url=https%3A%2F%2Fcdn.productimages.coles.com.au%2Fproductimages%2F4%2F4159611.jpg&w=640&q=90
Huggies Ultra Dry Nappies Girls Size 5 (13-18kg) 32 pack,24.0,12.0,https://assets.woolworths.com.au/images/1005/16635.jpg?impolicy=wowsmkqiema&w=260&h=260,https://www.coles.com.au/_next/image?url=https%3A%2F%2Fcdn.productimages.coles.com.au%2Fproductimages%2F6%2F6803110.jpg&w=640&q=90
Huggies DryNites Night Pants Boy 4-7 Years (17-30kg) 9 pack,12.0,12.0,https://assets.woolworths.com.au/images/1005/213889.jpg?impolicy=wowsmkqiema&w=260&h=260,https://www.coles.com.au/_next/image?url=https%3A%2F%2Fcdn.productimages.coles.com.au%2Fproductimages%2F5%2F5063835.jpg&w=640&q=90
BabyLove SleepyNights Pants 4-7 Years (18-35kg) 9 pack,12.5,12.5,https://assets.woolworths.com.au/images/1005/715632.jpg?impolicy=wowsmkqiema&w=260&h=260,https://www.coles.com.au/_next/image?url=https%3A%2F%2Fcdn.productimages.coles.com.au%2Fproductimages%2F5%2F5742804.jpg&w=640&q=90
Huggies Ultra Dry Nappies Boys Size 3 (6-11kg) 44 pack,24.0,12.0,https://assets.woolworths.com.au/images/1005/16135.jpg?impolicy=wowsmkqiema&w=260&h=260,https://www.coles.com.au/_next/image?url=https%3A%2F%2Fcdn.productimages.coles.com.au%2Fproductimages%2F6%2F6803904.jpg&w=640&q=90
Huggies Skin Protect Newborn Nappies Size 1 (Up to 5kg) 54 pack,24.0,12.0,https://assets.woolworths.com.au/images/1005/569376.jpg?impolicy=wowsmkqiema&w=260&h=260,https://www.coles.com.au/_next/image?url=https%3A%2F%2Fcdn.productimages.coles.com.au%2Fproductimages%2F7%2F7259907.jpg&w=640&q=90
Bunjie Baby Top To Toe Wash Sensitive Probiotic Skincare 500mL,20.0,14.0,https://assets.woolworths.com.au/images/1005/217180.jpg?impolicy=wowsmkqiema&w=260&h=260,https://www.coles.com.au/_next/image?url=https%3A%2F%2Fcdn.productimages.coles.com.au%2Fproductimages%2F5%2F5356913.jpg&w=640&q=90
Cetaphil Baby Moisturising Bath & Wash Delicate Skin 400mL,15.75,11.0,https://assets.woolworths.com.au/images/1005/309608.jpg?impolicy=wowsmkqiema&w=260&h=260,https://www.coles.com.au/_next/image?url=https%3A%2F%2Fcdn.productimages.coles.com.au%2Fproductimages%2F5%2F5335505.jpg&w=640&q=90
Rafferty's Garden Apple Puree & Nothing Else Baby Food Pouch 4+ Months 120g,1.9,1.9,https://assets.woolworths.com.au/images/1005/633987.jpg?impolicy=wowsmkqiema&w=260&h=260,https://www.coles.com.au/_next/image?url=https%3A%2F%2Fcdn.productimages.coles.com.au%2Fproductimages%2F3%2F3018807.jpg&w=640&q=90
Little Bellies Organic Strawberry Pick-Up Sticks 16g,3.5,3.5,https://assets.woolworths.com.au/images/1005/59516.jpg?impolicy=wowsmkqiema&w=260&h=260,https://www.coles.com.au/_next/image?url=https%3A%2F%2Fcdn.productimages.coles.com.au%2Fproductimages%2F3%2F3767451.jpg&w=640&q=90
Kiddylicious Veggie Straws 12g,2.2,1.75,https://assets.woolworths.com.au/images/1005/56227.jpg?impolicy=wowsmkqiema&w=260&h=260,https://www.coles.com.au/_next/image?url=https%3A%2F%2Fcdn.productimages.coles.com.au%2Fproductimages%2F2%2F2803200.jpg&w=640&q=90
Aptamil Gold+ 1 Baby Infant Formula From Birth To 6 Months 900g,30.0,30.0,https://assets.woolworths.com.au/images/1005/378531.jpg?impolicy=wowsmkqiema&w=260&h=260,https://www.coles.com.au/_next/image?url=https%3A%2F%2Fcdn.productimages.coles.com.au%2Fproductimages%2F6%2F6763800.jpg&w=640&q=90
Kiddylicious Veggie Straws 4 pack,7.8,7.8,https://assets.woolworths.com.au/images/1005/805338.jpg?impolicy=wowsmkqiema&w=260&h=260,https://www.coles.com.au/_next/image?url=https%3A%2F%2Fcdn.productimages.coles.com.au%2Fproductimages%2F5%2F5044670.jpg&w=640&q=90
BabyLove Nappy Pants Size 4 (9-14kg) 28 pack,20.0,20.0,https://assets.woolworths.com.au/images/1005/740127.jpg?impolicy=wowsmkqiema&w=260&h=260,https://www.coles.com.au/_next/image?url=https%3A%2F%2Fcdn.productimages.coles.com.au%2Fproductimages%2F1%2F1007107.jpg&w=640&q=90
Only Organic Banana Berries Yoghurt 120g,2.3,1.8,https://assets.woolworths.com.au/images/1005/372444.jpg?impolicy=wowsmkqiema&w=260&h=260,https://www.coles.com.au/_next/image?url=https%3A%2F%2Fcdn.productimages.coles.com.au%2Fproductimages%2F2%2F2134358.jpg&w=640&q=90
Only Organic Pear Gold Kiwifruit & Oats with Prebiotics 8+ Months 120g,2.3,1.8,https://assets.woolworths.com.au/images/1005/223937.jpg?impolicy=wowsmkqiema&w=260&h=260,https://www.coles.com.au/_next/image?url=https%3A%2F%2Fcdn.productimages.coles.com.au%2Fproductimages%2F5%2F5044069.jpg&w=640&q=90
Only Organic Yoghurt Rice Cakes 60g,5.0,4.5,https://assets.woolworths.com.au/images/1005/333233.jpg?impolicy=wowsmkqiema&w=260&h=260,https://www.coles.com.au/_next/image?url=https%3A%2F%2Fcdn.productimages.coles.com.au%2Fproductimages%2F8%2F8410287.jpg&w=640&q=90
Only Organic Apple Blueberry Blackberry & Oats 120g,2.3,1.8,https://assets.woolworths.com.au/images/1005/203454.jpg?impolicy=wowsmkqiema&w=260&h=260,https://www.coles.com.au/_next/image?url=https%3A%2F%2Fcdn.productimages.coles.com.au%2Fproductimages%2F4%2F4163051.jpg&w=640&q=90
Rafferty's Garden Banana Pear & Mango Porridge Baby Food Pouch 6+ Months 120g,1.9,1.9,https://assets.woolworths.com.au/images/1005/498490.jpg?impolicy=wowsmkqiema&w=260&h=260,https://www.coles.com.au/_next/image?url=https%3A%2F%2Fcdn.productimages.coles.com.au%2Fproductimages%2F3%2F3609789.jpg&w=640&q=90
Nan COMFORT 1 Infant Formula Newborns Suitable From Birth 800g,21.0,21.0,https://assets.woolworths.com.au/images/1005/155539.jpg?impolicy=wowsmkqiema&w=260&h=260,https://www.coles.com.au/_next/image?url=https%3A%2F%2Fcdn.productimages.coles.com.au%2Fproductimages%2F4%2F4162398.jpg&w=640&q=90
Only Organic Banana Biscotti 100g,5.0,4.0,https://assets.woolworths.com.au/images/1005/839605.jpg?impolicy=wowsmkqiema&w=260&h=260,https://www.coles.com.au/_next/image?url=https%3A%2F%2Fcdn.productimages.coles.com.au%2Fproductimages%2F3%2F3288845.jpg&w=640&q=90
Rafferty's Garden Pear Puree & Nothing Else Baby Food Pouch 4+ Months 120g,1.9,1.9,https://assets.woolworths.com.au/images/1005/633988.jpg?impolicy=wowsmkqiema&w=260&h=260,https://www.coles.com.au/_next/image?url=https%3A%2F%2Fcdn.productimages.coles.com.au%2Fproductimages%2F3%2F3018830.jpg&w=640&q=90
Huggies Gentle Cleanse Baby Wipes Fragrance Free 240 pack,14.5,7.25,https://assets.woolworths.com.au/images/1005/640827.jpg?impolicy=wowsmkqiema&w=260&h=260,https://www.coles.com.au/_next/image?url=https%3A%2F%2Fcdn.productimages.coles.com.au%2Fproductimages%2F9%2F9522049.jpg&w=640&q=90
Little Bellies Organic Banana Date & Oat Bar 5 pack,4.9,4.9,https://assets.woolworths.com.au/images/1005/176501.jpg?impolicy=wowsmkqiema&w=260&h=260,https://www.coles.com.au/_next/image?url=https%3A%2F%2Fcdn.productimages.coles.com.au%2Fproductimages%2F5%2F5023546.jpg&w=640&q=90
Rafferty's Garden Blueberry Banana & Pear Pouch Yoghurt Brekkie Baby Food 120g,1.9,1.9,https://assets.woolworths.com.au/images/1005/307147.jpg?impolicy=wowsmkqiema&w=260&h=260,https://www.coles.com.au/_next/image?url=https%3A%2F%2Fcdn.productimages.coles.com.au%2Fproductimages%2F5%2F5046600.jpg&w=640&q=90
Cetaphil Baby Daily Lotion With Shea Butter Face & Body 400mL,15.8,11.0,https://assets.woolworths.com.au/images/1005/860866.jpg?impolicy=wowsmkqiema&w=260&h=260,https://www.coles.com.au/_next/image?url=https%3A%2F%2Fcdn.productimages.coles.com.au%2Fproductimages%2F2%2F2459261.jpg&w=640&q=90
Only Organic 6 Months+ Banana Blueberry & Quinoa 120g,2.3,1.8,https://assets.woolworths.com.au/images/1005/765211.jpg?impolicy=wowsmkqiema&w=260&h=260,https://www.coles.com.au/_next/image?url=https%3A%2F%2Fcdn.productimages.coles.com.au%2Fproductimages%2F2%2F2134289.jpg&w=640&q=90
Only Organic 8 Months+ Mango & Yoghurt Brekkie 120g,2.3,1.8,https://assets.woolworths.com.au/images/1005/372450.jpg?impolicy=wowsmkqiema&w=260&h=260,https://www.coles.com.au/_next/image?url=https%3A%2F%2Fcdn.productimages.coles.com.au%2Fproductimages%2F2%2F2134336.jpg&w=640&q=90
Rafferty's Garden Baby Food Pouch Apple Pear & Cinnamon Porridge 6+ Months 120g,1.9,1.9,https://assets.woolworths.com.au/images/1005/498493.jpg?impolicy=wowsmkqiema&w=260&h=260,https://www.coles.com.au/_next/image?url=https%3A%2F%2Fcdn.productimages.coles.com.au%2Fproductimages%2F3%2F3609803.jpg&w=640&q=90
Only Organic Blueberry & Apple Rice Cakes 35g,4.0,3.0,https://assets.woolworths.com.au/images/1005/905270.jpg?impolicy=wowsmkqiema&w=260&h=260,https://www.coles.com.au/_next/image?url=https%3A%2F%2Fcdn.productimages.coles.com.au%2Fproductimages%2F8%2F8410083.jpg&w=640&q=90
Heinz Baby Food Apple Puree 4+ Months 110g,1.2,1.2,https://assets.woolworths.com.au/images/1005/36531.jpg?impolicy=wowsmkqiema&w=260&h=260,https://www.coles.com.au/_next/image?url=https%3A%2F%2Fcdn.productimages.coles.com.au%2Fproductimages%2F1%2F114779.jpg&w=640&q=90
Heinz Baby Food Apple Blueberry & Strawberry 8+ Months 120g,1.6,1.6,https://assets.woolworths.com.au/images/1005/790513.jpg?impolicy=wowsmkqiema&w=260&h=260,https://www.coles.com.au/_next/image?url=https%3A%2F%2Fcdn.productimages.coles.com.au%2Fproductimages%2F2%2F2011100.jpg&w=640&q=90
Nan COMFORT 2 Follow-on Baby Formula From 6-12M 800g,21.0,21.0,https://assets.woolworths.com.au/images/1005/155540.jpg?impolicy=wowsmkqiema&w=260&h=260,https://www.coles.com.au/_next/image?url=https%3A%2F%2Fcdn.productimages.coles.com.au%2Fproductimages%2F4%2F4162536.jpg&w=640&q=90
Thankyou. Thick & Soft Baby Wipes 80 x 3 pack,14.0,14.0,https://assets.woolworths.com.au/images/1005/95768.jpg?impolicy=wowsmkqiema&w=260&h=260,https://www.coles.com.au/_next/image?url=https%3A%2F%2Fcdn.productimages.coles.com.au%2Fproductimages%2F7%2F7060656.jpg&w=640&q=90
Rafferty's Garden Baby Food Pouch Spinach Apple Broccoli & Pea 4+ Months 120g,1.9,1.9,https://assets.woolworths.com.au/images/1005/291193.jpg?impolicy=wowsmkqiema&w=260&h=260,https://www.coles.com.au/_next/image?url=https%3A%2F%2Fcdn.productimages.coles.com.au%2Fproductimages%2F6%2F6027076.jpg&w=640&q=90
Little Bellies Organic Sweet Potato Pick-Up Sticks 16g,3.5,3.5,https://assets.woolworths.com.au/images/1005/59517.jpg?impolicy=wowsmkqiema&w=260&h=260,https://www.coles.com.au/_next/image?url=https%3A%2F%2Fcdn.productimages.coles.com.au%2Fproductimages%2F3%2F3767473.jpg&w=640&q=90
Heinz Smoothie Pear Berry Oat Greek Yoghurt Baby Food 8+ M 120g,1.6,1.6,https://assets.woolworths.com.au/images/1005/49778.jpg?impolicy=wowsmkqiema&w=260&h=260,https://www.coles.com.au/_next/image?url=https%3A%2F%2Fcdn.productimages.coles.com.au%2Fproductimages%2F3%2F3511968.jpg&w=640&q=90
Heinz Baby Food Apple Strawberry & Passionfruit 8+ Months 120g,1.6,1.6,https://assets.woolworths.com.au/images/1005/923907.jpg?impolicy=wowsmkqiema&w=260&h=260,https://www.coles.com.au/_next/image?url=https%3A%2F%2Fcdn.productimages.coles.com.au%2Fproductimages%2F2%2F2366681.jpg&w=640&q=90
Rafferty's Garden Baby Food Pouch Chocolate Custard 6+ Months 120g,1.9,1.9,https://assets.woolworths.com.au/images/1005/315435.jpg?impolicy=wowsmkqiema&w=260&h=260,https://www.coles.com.au/_next/image?url=https%3A%2F%2Fcdn.productimages.coles.com.au%2Fproductimages%2F6%2F6957420.jpg&w=640&q=90
Huggies Gentle Cleanse Baby Wipes Fragrance Free 400 pack,19.0,19.0,https://assets.woolworths.com.au/images/1005/855587.jpg?impolicy=wowsmkqiema&w=260&h=260,https://www.coles.com.au/_next/image?url=https%3A%2F%2Fcdn.productimages.coles.com.au%2Fproductimages%2F3%2F3454933.jpg&w=640&q=90
Huggies Skin Protect Nappies Size 2 (4-8kg) 96 pack,28.0,40.0,https://assets.woolworths.com.au/images/1005/673364.jpg?impolicy=wowsmkqiema&w=260&h=260,https://www.coles.com.au/_next/image?url=https%3A%2F%2Fcdn.productimages.coles.com.au%2Fproductimages%2F3%2F3114709.jpg&w=640&q=90
Only Organic Strawberry Vanilla & Spelt Biscuits 100g,5.0,4.0,https://assets.woolworths.com.au/images/1005/498411.jpg?impolicy=wowsmkqiema&w=260&h=260,https://www.coles.com.au/_next/image?url=https%3A%2F%2Fcdn.productimages.coles.com.au%2Fproductimages%2F8%2F8409110.jpg&w=640&q=90
Only Organic Chicken Sweetcorn & Brown Rice 6+ Months 120g,2.3,1.8,https://assets.woolworths.com.au/images/1005/132385.jpg?impolicy=wowsmkqiema&w=260&h=260,https://www.coles.com.au/_next/image?url=https%3A%2F%2Fcdn.productimages.coles.com.au%2Fproductimages%2F5%2F5033845.jpg&w=640&q=90
Only Organic Beef Bolognese 220g,3.85,3.45,https://assets.woolworths.com.au/images/1005/933166.jpg?impolicy=wowsmkqiema&w=260&h=260,https://www.coles.com.au/_next/image?url=https%3A%2F%2Fcdn.productimages.coles.com.au%2Fproductimages%2F2%2F2134325.jpg&w=640&q=90
Bunjie Probiotic Baby Wipes Fragrance & Toxin-Free 80 pack,7.0,4.9,https://assets.woolworths.com.au/images/1005/219232.jpg?impolicy=wowsmkqiema&w=260&h=260,https://www.coles.com.au/_next/image?url=https%3A%2F%2Fcdn.productimages.coles.com.au%2Fproductimages%2F5%2F5356935.jpg&w=640&q=90
Heinz Smoothie Banana Pear Oat Greek Yoghurt Baby Food 8+ M 120g,1.6,1.6,https://assets.woolworths.com.au/images/1005/49779.jpg?impolicy=wowsmkqiema&w=260&h=260,https://www.coles.com.au/_next/image?url=https%3A%2F%2Fcdn.productimages.coles.com.au%2Fproductimages%2F3%2F3511980.jpg&w=640&q=90
Only Organic Coconut Banana Acai 100g,2.85,2.5,https://assets.woolworths.com.au/images/1005/933164.jpg?impolicy=wowsmkqiema&w=260&h=260,https://www.coles.com.au/_next/image?url=https%3A%2F%2Fcdn.productimages.coles.com.au%2Fproductimages%2F2%2F2134256.jpg&w=640&q=90
Rafferty's Garden Baby Food Pouch Vanilla Custard 6+ Months 120g,1.9,1.9,https://assets.woolworths.com.au/images/1005/742732.jpg?impolicy=wowsmkqiema&w=260&h=260,https://www.coles.com.au/_next/image?url=https%3A%2F%2Fcdn.productimages.coles.com.au%2Fproductimages%2F8%2F8971943.jpg&w=640&q=90
Little Bellies Organic Banana Pick-Up Sticks 16g,3.5,3.5,https://assets.woolworths.com.au/images/1005/111470.jpg?impolicy=wowsmkqiema&w=260&h=260,https://www.coles.com.au/_next/image?url=https%3A%2F%2Fcdn.productimages.coles.com.au%2Fproductimages%2F4%2F4163470.jpg&w=640&q=90
Rafferty's Garden Strawberry & Chia Pressed Bars 6 pack,5.0,5.5,https://assets.woolworths.com.au/images/1005/910760.jpg?impolicy=wowsmkqiema&w=260&h=260,https://www.coles.com.au/_next/image?url=https%3A%2F%2Fcdn.productimages.coles.com.au%2Fproductimages%2F8%2F8403769.jpg&w=640&q=90
B.Box Sippy Cup Assorted each,13.2,16.5,https://assets.woolworths.com.au/images/1005/93219.jpg?impolicy=wowsmkqiema&w=260&h=260,https://www.coles.com.au/_next/image?url=https%3A%2F%2Fcdn.productimages.coles.com.au%2Fproductimages%2F3%2F3510207.jpg&w=640&q=90
WaterWipes Baby & Newborn Sensitive Wipes 60 pack,5.95,8.5,https://assets.woolworths.com.au/images/1005/746640.jpg?impolicy=wowsmkqiema&w=260&h=260,https://www.coles.com.au/_next/image?url=https%3A%2F%2Fcdn.productimages.coles.com.au%2Fproductimages%2F1%2F1499307.jpg&w=640&q=90
Rafferty's Garden Baby Food Pouch Summer Fruits & Quinoa 6+ Months 120g,1.9,1.9,https://assets.woolworths.com.au/images/1005/117036.jpg?impolicy=wowsmkqiema&w=260&h=260,https://www.coles.com.au/_next/image?url=https%3A%2F%2Fcdn.productimages.coles.com.au%2Fproductimages%2F3%2F3766459.jpg&w=640&q=90
Only Organic Pumpkin Potato & Beef 8+ Months 170g,3.15,2.25,https://assets.woolworths.com.au/images/1005/659823.jpg?impolicy=wowsmkqiema&w=260&h=260,https://www.coles.com.au/_next/image?url=https%3A%2F%2Fcdn.productimages.coles.com.au%2Fproductimages%2F3%2F3288787.jpg&w=640&q=90
Huggies DryNites Night Pants Boy 8-15 Years (27-57kg) 8 pack,12.0,12.0,https://assets.woolworths.com.au/images/1005/214266.jpg?impolicy=wowsmkqiema&w=260&h=260,https://www.coles.com.au/_next/image?url=https%3A%2F%2Fcdn.productimages.coles.com.au%2Fproductimages%2F5%2F5064033.jpg&w=640&q=90
Only Organic Wild Rice Risotto Spring Lamb 120g,2.3,1.8,https://assets.woolworths.com.au/images/1005/710423.jpg?impolicy=wowsmkqiema&w=260&h=260,https://www.coles.com.au/_next/image?url=https%3A%2F%2Fcdn.productimages.coles.com.au%2Fproductimages%2F8%2F8989086.jpg&w=640&q=90
Johnson's Baby Powder 400g,8.0,8.0,https://assets.woolworths.com.au/images/1005/78867.jpg?impolicy=wowsmkqiema&w=260&h=260,https://www.coles.com.au/_next/image?url=https%3A%2F%2Fcdn.productimages.coles.com.au%2Fproductimages%2F7%2F7061047.jpg&w=640&q=90
QV Baby Bath Oil 500mL,14.8,18.5,https://assets.woolworths.com.au/images/1005/348048.jpg?impolicy=wowsmkqiema&w=260&h=260,https://www.coles.com.au/_next/image?url=https%3A%2F%2Fcdn.productimages.coles.com.au%2Fproductimages%2F7%2F7062822.jpg&w=640&q=90
Huggies DryNites Night Pants Boy 2-4 Years (13-20kg) 10 pack,12.0,12.0,https://assets.woolworths.com.au/images/1005/213887.jpg?impolicy=wowsmkqiema&w=260&h=260,https://www.coles.com.au/_next/image?url=https%3A%2F%2Fcdn.productimages.coles.com.au%2Fproductimages%2F5%2F5063074.jpg&w=640&q=90
Milton Baby Bottle Cleaner 500mL,7.0,7.0,https://assets.woolworths.com.au/images/1005/633080.jpg?impolicy=wowsmkqiema&w=260&h=260,https://www.coles.com.au/_next/image?url=https%3A%2F%2Fcdn.productimages.coles.com.au%2Fproductimages%2F3%2F3839530.jpg&w=640&q=90
Rafferty's Garden Rice Cereal Pear Banana & Milk 120g,1.9,1.9,https://assets.woolworths.com.au/images/1005/345604.jpg?impolicy=wowsmkqiema&w=260&h=260,https://www.coles.com.au/_next/image?url=https%3A%2F%2Fcdn.productimages.coles.com.au%2Fproductimages%2F7%2F7730840.jpg&w=640&q=90
Rafferty's Garden Brown Rice Bean & Pumpkin Baby Food Pouch 8+ Months 120g,1.9,1.9,https://assets.woolworths.com.au/images/1005/63867.jpg?impolicy=wowsmkqiema&w=260&h=260,https://www.coles.com.au/_next/image?url=https%3A%2F%2Fcdn.productimages.coles.com.au%2Fproductimages%2F3%2F3620330.jpg&w=640&q=90
QV Baby Gentle Wash 500g,16.4,20.5,https://assets.woolworths.com.au/images/1005/349151.jpg?impolicy=wowsmkqiema&w=260&h=260,https://www.coles.com.au/_next/image?url=https%3A%2F%2Fcdn.productimages.coles.com.au%2Fproductimages%2F7%2F7062866.jpg&w=640&q=90
Aptamil Gold+ 3 Toddler Milk Formula From 1+ Year 900g,29.15,29.15,https://assets.woolworths.com.au/images/1005/378533.jpg?impolicy=wowsmkqiema&w=260&h=260,https://www.coles.com.au/_next/image?url=https%3A%2F%2Fcdn.productimages.coles.com.au%2Fproductimages%2F9%2F9708670.jpg&w=640&q=90
Only Organic Rice Cakes Carrot & Apple 35g,4.0,3.0,https://assets.woolworths.com.au/images/1005/905271.jpg?impolicy=wowsmkqiema&w=260&h=260,https://www.coles.com.au/_next/image?url=https%3A%2F%2Fcdn.productimages.coles.com.au%2Fproductimages%2F8%2F8409991.jpg&w=640&q=90
Little Bellies Organic Apricot Date & Oat Bar 5 pack,4.9,4.9,https://assets.woolworths.com.au/images/1005/176458.jpg?impolicy=wowsmkqiema&w=260&h=260,https://www.coles.com.au/_next/image?url=https%3A%2F%2Fcdn.productimages.coles.com.au%2Fproductimages%2F5%2F5023580.jpg&w=640&q=90
Heinz Mango & Vanilla Custard Baby Food Pouch 8+ Months 120g,1.6,1.6,https://assets.woolworths.com.au/images/1005/923904.jpg?impolicy=wowsmkqiema&w=260&h=260,https://www.coles.com.au/_next/image?url=https%3A%2F%2Fcdn.productimages.coles.com.au%2Fproductimages%2F3%2F3760408.jpg&w=640&q=90
Rafferty's Garden Chicken & Sweetcorn Risotto 170g,2.8,2.8,https://assets.woolworths.com.au/images/1005/909364.jpg?impolicy=wowsmkqiema&w=260&h=260,https://www.coles.com.au/_next/image?url=https%3A%2F%2Fcdn.productimages.coles.com.au%2Fproductimages%2F8%2F8403940.jpg&w=640&q=90
Only Organic Chicken Vegetables & Star Pasta 170g,3.15,2.25,https://assets.woolworths.com.au/images/1005/133046.jpg?impolicy=wowsmkqiema&w=260&h=260,https://www.coles.com.au/_next/image?url=https%3A%2F%2Fcdn.productimages.coles.com.au%2Fproductimages%2F4%2F4162944.jpg&w=640&q=90
Little Bellies Organic Animal Biscuits 130g,5.5,5.5,https://assets.woolworths.com.au/images/1005/59519.jpg?impolicy=wowsmkqiema&w=260&h=260,https://www.coles.com.au/_next/image?url=https%3A%2F%2Fcdn.productimages.coles.com.au%2Fproductimages%2F3%2F3671895.jpg&w=640&q=90
Heinz Baby Food Pear Puree 4+ Months 110g,1.2,1.2,https://assets.woolworths.com.au/images/1005/414927.jpg?impolicy=wowsmkqiema&w=260&h=260,https://www.coles.com.au/_next/image?url=https%3A%2F%2Fcdn.productimages.coles.com.au%2Fproductimages%2F1%2F166353.jpg&w=640&q=90
Rafferty's Garden Strawberry & Vanilla Custard Baby Food Pouch 6+ Months 120g,1.9,1.9,https://assets.woolworths.com.au/images/1005/309249.jpg?impolicy=wowsmkqiema&w=260&h=260,https://www.coles.com.au/_next/image?url=https%3A%2F%2Fcdn.productimages.coles.com.au%2Fproductimages%2F6%2F6295676.jpg&w=640&q=90
Kiddylicious Veggie Straws Cheesy 4 pack,7.8,7.8,https://assets.woolworths.com.au/images/1005/805339.jpg?impolicy=wowsmkqiema&w=260&h=260,https://www.coles.com.au/_next/image?url=https%3A%2F%2Fcdn.productimages.coles.com.au%2Fproductimages%2F5%2F5044692.jpg&w=640&q=90
Rafferty's Garden Baby Food Pouch Beef Sweet Potato & Parsnip 6+ Months 120g,1.9,1.9,https://assets.woolworths.com.au/images/1005/63912.jpg?impolicy=wowsmkqiema&w=260&h=260,https://www.coles.com.au/_next/image?url=https%3A%2F%2Fcdn.productimages.coles.com.au%2Fproductimages%2F3%2F3620227.jpg&w=640&q=90
Only Organic Raspberry Date Oat Milk & Goji 100g,2.85,2.5,https://assets.woolworths.com.au/images/1005/485307.jpg?impolicy=wowsmkqiema&w=260&h=260,https://www.coles.com.au/_next/image?url=https%3A%2F%2Fcdn.productimages.coles.com.au%2Fproductimages%2F8%2F8407679.jpg&w=640&q=90
BabyLove SleepyNights Pants 8-15 Years (27-57kg) 8 pack,12.5,12.5,https://assets.woolworths.com.au/images/1005/334825.jpg?impolicy=wowsmkqiema&w=260&h=260,https://www.coles.com.au/_next/image?url=https%3A%2F%2Fcdn.productimages.coles.com.au%2Fproductimages%2F6%2F6613239.jpg&w=640&q=90
Karicare 2 Gentle Nutrition Baby Formula From 6 to 12 Months 900g,20.0,20.0,https://assets.woolworths.com.au/images/1005/743732.jpg?impolicy=wowsmkqiema&w=260&h=260,https://www.coles.com.au/_next/image?url=https%3A%2F%2Fcdn.productimages.coles.com.au%2Fproductimages%2F1%2F1023271.jpg&w=640&q=90
Nan OPTIPRO 1 Infant Formula Newborns Suitable From Birth 800g,29.0,29.0,https://assets.woolworths.com.au/images/1005/155536.jpg?impolicy=wowsmkqiema&w=260&h=260,https://www.coles.com.au/_next/image?url=https%3A%2F%2Fcdn.productimages.coles.com.au%2Fproductimages%2F4%2F4161883.jpg&w=640&q=90
Nestle Cerelac Baby Cereal Oats & Wheat With Prune 6M+ 200g,6.9,6.9,https://assets.woolworths.com.au/images/1005/61860.jpg?impolicy=wowsmkqiema&w=260&h=260,https://www.coles.com.au/_next/image?url=https%3A%2F%2Fcdn.productimages.coles.com.au%2Fproductimages%2F3%2F3567099.jpg&w=640&q=90
Nestle Cerelac Infant Cereal Multigrain With Banana & Apple 200g,6.9,6.9,https://assets.woolworths.com.au/images/1005/838881.jpg?impolicy=wowsmkqiema&w=260&h=260,https://www.coles.com.au/_next/image?url=https%3A%2F%2Fcdn.productimages.coles.com.au%2Fproductimages%2F3%2F3029600.jpg&w=640&q=90
BabyLove SleepyNights Pants 2-4 Years (12-18kg) 12 pack,12.5,12.5,https://assets.woolworths.com.au/images/1005/499177.jpg?impolicy=wowsmkqiema&w=260&h=260,https://www.coles.com.au/_next/image?url=https%3A%2F%2Fcdn.productimages.coles.com.au%2Fproductimages%2F2%2F2847373.jpg&w=640&q=90
Little Bellies Yoghurt Melts Strawberry & Banana 20g,6.5,6.5,https://assets.woolworths.com.au/images/1005/905506.jpg?impolicy=wowsmkqiema&w=260&h=260,https://www.coles.com.au/_next/image?url=https%3A%2F%2Fcdn.productimages.coles.com.au%2Fproductimages%2F8%2F8419350.jpg&w=640&q=90
Only Organic Blueberry Banana & Vanilla Oat Milk 100g,2.85,2.5,https://assets.woolworths.com.au/images/1005/278392.jpg?impolicy=wowsmkqiema&w=260&h=260,https://www.coles.com.au/_next/image?url=https%3A%2F%2Fcdn.productimages.coles.com.au%2Fproductimages%2F6%2F6295326.jpg&w=640&q=90
Little Bellies Organic Sweet & Salty Softcorn 8g x 4 pack,6.0,6.0,https://assets.woolworths.com.au/images/1005/905683.jpg?impolicy=wowsmkqiema&w=260&h=260,https://www.coles.com.au/_next/image?url=https%3A%2F%2Fcdn.productimages.coles.com.au%2Fproductimages%2F8%2F8420407.jpg&w=640&q=90
QV Baby Moisturising Cream 500g,20.8,26.0,https://assets.woolworths.com.au/images/1005/353038.jpg?impolicy=wowsmkqiema&w=260&h=260,https://www.coles.com.au/_next/image?url=https%3A%2F%2Fcdn.productimages.coles.com.au%2Fproductimages%2F7%2F7061615.jpg&w=640&q=90
Only Organic Pear Banana & Apple 120g,2.3,1.8,https://assets.woolworths.com.au/images/1005/333289.jpg?impolicy=wowsmkqiema&w=260&h=260,https://www.coles.com.au/_next/image?url=https%3A%2F%2Fcdn.productimages.coles.com.au%2Fproductimages%2F7%2F7761060.jpg&w=640&q=90
Bunjie Baby Bubble Bath Sensitive Probiotic Skincare 500mL,16.0,11.2,https://assets.woolworths.com.au/images/1005/217781.jpg?impolicy=wowsmkqiema&w=260&h=260,https://www.coles.com.au/_next/image?url=https%3A%2F%2Fcdn.productimages.coles.com.au%2Fproductimages%2F5%2F5356629.jpg&w=640&q=90
WaterWipes Baby & Newborn Sensitive Wipes 180 pack,21.5,21.5,https://assets.woolworths.com.au/images/1005/698624.jpg?impolicy=wowsmkqiema&w=260&h=260,https://www.coles.com.au/_next/image?url=https%3A%2F%2Fcdn.productimages.coles.com.au%2Fproductimages%2F3%2F3155863.jpg&w=640&q=90
Tooshies Baby Wipes Aloe Vera & Chamomile 280 pack,18.5,18.5,https://assets.woolworths.com.au/images/1005/156877.jpg?impolicy=wowsmkqiema&w=260&h=260,https://www.coles.com.au/_next/image?url=https%3A%2F%2Fcdn.productimages.coles.com.au%2Fproductimages%2F3%2F3185263.jpg&w=640&q=90
Rafferty's Garden Baby Food Pouch Chickpea Corn & Carrot 8+ Months 120g,1.9,1.9,https://assets.woolworths.com.au/images/1005/63892.jpg?impolicy=wowsmkqiema&w=260&h=260,https://www.coles.com.au/_next/image?url=https%3A%2F%2Fcdn.productimages.coles.com.au%2Fproductimages%2F3%2F3620191.jpg&w=640&q=90
Rafferty's Garden Chicken & Vegetable Paella 200g,2.5,3.0,https://assets.woolworths.com.au/images/1005/906453.jpg?impolicy=wowsmkqiema&w=260&h=260,https://www.coles.com.au/_next/image?url=https%3A%2F%2Fcdn.productimages.coles.com.au%2Fproductimages%2F5%2F5047103.jpg&w=640&q=90
Little Bellies Organic Banana Softcorn 30g,5.0,5.0,https://assets.woolworths.com.au/images/1005/174919.jpg?impolicy=wowsmkqiema&w=260&h=260,https://www.coles.com.au/_next/image?url=https%3A%2F%2Fcdn.productimages.coles.com.au%2Fproductimages%2F5%2F5025370.jpg&w=640&q=90
Little Bellies Gingerbread Men 130g,5.5,5.5,https://assets.woolworths.com.au/images/1005/81661.jpg?impolicy=wowsmkqiema&w=260&h=260,https://www.coles.com.au/_next/image?url=https%3A%2F%2Fcdn.productimages.coles.com.au%2Fproductimages%2F3%2F3671920.jpg&w=640&q=90
Karicare 1 Gentle Nutrition Infant Formula From 0 to 6 Months 900g,20.0,20.0,https://assets.woolworths.com.au/images/1005/743610.jpg?impolicy=wowsmkqiema&w=260&h=260,https://www.coles.com.au/_next/image?url=https%3A%2F%2Fcdn.productimages.coles.com.au%2Fproductimages%2F1%2F1023260.jpg&w=640&q=90
Heinz Lamb Pumpkin + Sweet Potato Baby Food Jar 6+ Months 170g,1.6,1.6,https://assets.woolworths.com.au/images/1005/830513.jpg?impolicy=wowsmkqiema&w=260&h=260,https://www.coles.com.au/_next/image?url=https%3A%2F%2Fcdn.productimages.coles.com.au%2Fproductimages%2F2%2F2366740.jpg&w=640&q=90
Rafferty's Garden Baby Food Pouch Pumpkin & Spinach Pasta Bake 6+ Months 120g,1.9,1.9,https://assets.woolworths.com.au/images/1005/92211.jpg?impolicy=wowsmkqiema&w=260&h=260,https://www.coles.com.au/_next/image?url=https%3A%2F%2Fcdn.productimages.coles.com.au%2Fproductimages%2F3%2F3766460.jpg&w=640&q=90
Huggies Pure & Sensitive Nappy Pants Size 5 (12-17kg) 46 pack,28.0,35.0,https://assets.woolworths.com.au/images/1005/6021236.jpg?impolicy=wowsmkqiema&w=260&h=260,https://www.coles.com.au/_next/image?url=https%3A%2F%2Fcdn.productimages.coles.com.au%2Fproductimages%2F9%2F9263461.jpg&w=640&q=90
Ecostore Baby Bubble Bath 535mL,8.5,17.0,https://assets.woolworths.com.au/images/1005/6018768.jpg?impolicy=wowsmkqiema&w=260&h=260,https://www.coles.com.au/_next/image?url=https%3A%2F%2Fcdn.productimages.coles.com.au%2Fproductimages%2F1%2F1282418.jpg&w=640&q=90
Huggies Pure & Sensitive Nappy Pants Size 6 (15kg+) 40 pack,28.0,35.0,https://assets.woolworths.com.au/images/1005/6021237.jpg?impolicy=wowsmkqiema&w=260&h=260,https://www.coles.com.au/_next/image?url=https%3A%2F%2Fcdn.productimages.coles.com.au%2Fproductimages%2F9%2F9263472.jpg&w=640&q=90
Huggies Skin Protect Newborn Nappies Size 1 (Up to 5kg) 108 pack,28.0,40.0,https://assets.woolworths.com.au/images/1005/568518.jpg?impolicy=wowsmkqiema&w=260&h=260,https://www.coles.com.au/_next/image?url=https%3A%2F%2Fcdn.productimages.coles.com.au%2Fproductimages%2F9%2F9088598.jpg&w=640&q=90
Kiddylicious Strawberry Fruity Puffs 10g,2.2,1.75,https://assets.woolworths.com.au/images/1005/112952.jpg?impolicy=wowsmkqiema&w=260&h=260,https://www.coles.com.au/_next/image?url=https%3A%2F%2Fcdn.productimages.coles.com.au%2Fproductimages%2F3%2F3018909.jpg&w=640&q=90
Rafferty's Garden Tomato & Parmesan Macaroni 170g,2.8,2.8,https://assets.woolworths.com.au/images/1005/909050.jpg?impolicy=wowsmkqiema&w=260&h=260,https://www.coles.com.au/_next/image?url=https%3A%2F%2Fcdn.productimages.coles.com.au%2Fproductimages%2F8%2F8404604.jpg&w=640&q=90
Bepanthen Nappy Rash Ointment 100g,15.5,10.85,https://assets.woolworths.com.au/images/1005/203229.jpg?impolicy=wowsmkqiema&w=260&h=260,https://www.coles.com.au/_next/image?url=https%3A%2F%2Fcdn.productimages.coles.com.au%2Fproductimages%2F9%2F9767080.jpg&w=640&q=90
Little Bellies Organic Carrot Puffs 35g,5.0,5.0,https://assets.woolworths.com.au/images/1005/176477.jpg?impolicy=wowsmkqiema&w=260&h=260,https://www.coles.com.au/_next/image?url=https%3A%2F%2Fcdn.productimages.coles.com.au%2Fproductimages%2F1%2F1707798.jpg&w=640&q=90
Nestle Cerelac Baby Rice Cereal 6M+ 200g,6.9,6.9,https://assets.woolworths.com.au/images/1005/379228.jpg?impolicy=wowsmkqiema&w=260&h=260,https://www.coles.com.au/_next/image?url=https%3A%2F%2Fcdn.productimages.coles.com.au%2Fproductimages%2F7%2F7760476.jpg&w=640&q=90
Huggies Ultra Dry Nappies Boys Size 5 (13-18kg) 64 pack,40.0,40.0,https://assets.woolworths.com.au/images/1005/724633.jpg?impolicy=wowsmkqiema&w=260&h=260,https://www.coles.com.au/_next/image?url=https%3A%2F%2Fcdn.productimages.coles.com.au%2Fproductimages%2F9%2F9224153.jpg&w=640&q=90
Rafferty's Garden Vegetable Bolognese 200g,2.5,3.0,https://assets.woolworths.com.au/images/1005/909087.jpg?impolicy=wowsmkqiema&w=260&h=260,https://www.coles.com.au/_next/image?url=https%3A%2F%2Fcdn.productimages.coles.com.au%2Fproductimages%2F8%2F8404852.jpg&w=640&q=90
Bellamy's Organic Follow On Formula Stage 2 (6-12m) 800g,33.0,33.0,https://assets.woolworths.com.au/images/1005/6021416.jpg?impolicy=wowsmkqiema&w=260&h=260,https://www.coles.com.au/_next/image?url=https%3A%2F%2Fcdn.productimages.coles.com.au%2Fproductimages%2F9%2F9960476.jpg&w=640&q=90
Little Bellies Organic Apple & Cinnamon Puffs 35g,5.0,5.0,https://assets.woolworths.com.au/images/1005/221215.jpg?impolicy=wowsmkqiema&w=260&h=260,https://www.coles.com.au/_next/image?url=https%3A%2F%2Fcdn.productimages.coles.com.au%2Fproductimages%2F5%2F5020763.jpg&w=640&q=90
Huggies Pure 99% Purified Water Baby Wipes 216 pack,14.5,7.25,https://assets.woolworths.com.au/images/1005/216832.jpg?impolicy=wowsmkqiema&w=260&h=260,https://www.coles.com.au/_next/image?url=https%3A%2F%2Fcdn.productimages.coles.com.au%2Fproductimages%2F5%2F5236911.jpg&w=640&q=90
Rafferty's Garden Lamb Vegetables & Couscous 200g,2.5,3.0,https://assets.woolworths.com.au/images/1005/909265.jpg?impolicy=wowsmkqiema&w=260&h=260,https://www.coles.com.au/_next/image?url=https%3A%2F%2Fcdn.productimages.coles.com.au%2Fproductimages%2F5%2F5047090.jpg&w=640&q=90
Huggies Gentle Cleanse Baby Wipes Coconut Oil 240 pack,14.5,7.25,https://assets.woolworths.com.au/images/1005/632910.jpg?impolicy=wowsmkqiema&w=260&h=260,https://www.coles.com.au/_next/image?url=https%3A%2F%2Fcdn.productimages.coles.com.au%2Fproductimages%2F2%2F2917005.jpg&w=640&q=90
Karicare 3 Gentle Nutrition Toddler Milk Drink From 12+ Months 900g,19.8,22.0,https://assets.woolworths.com.au/images/1005/743687.jpg?impolicy=wowsmkqiema&w=260&h=260,https://www.coles.com.au/_next/image?url=https%3A%2F%2Fcdn.productimages.coles.com.au%2Fproductimages%2F1%2F1023282.jpg&w=640&q=90
BabyLove Nappy Pants Size 6 (15-25kg) 42 pack,31.0,24.0,https://assets.woolworths.com.au/images/1005/711380.jpg?impolicy=wowsmkqiema&w=260&h=260,https://www.coles.com.au/_next/image?url=https%3A%2F%2Fcdn.productimages.coles.com.au%2Fproductimages%2F9%2F9860416.jpg&w=640&q=90
BabyLove Nappy Pants Size 5 (12-17kg) 50 pack,31.0,24.0,https://assets.woolworths.com.au/images/1005/380521.jpg?impolicy=wowsmkqiema&w=260&h=260,https://www.coles.com.au/_next/image?url=https%3A%2F%2Fcdn.productimages.coles.com.au%2Fproductimages%2F9%2F9860427.jpg&w=640&q=90
Only Organic Beef Capsicum Cheese & Brown Rice 220g,3.85,3.45,https://assets.woolworths.com.au/images/1005/483668.jpg?impolicy=wowsmkqiema&w=260&h=260,https://www.coles.com.au/_next/image?url=https%3A%2F%2Fcdn.productimages.coles.com.au%2Fproductimages%2F8%2F8408718.jpg&w=640&q=90
Huggies Ultra Dry Nappy Pants Boys Size 6 (15-20kg) 24 pack,11.0,22.0,https://assets.woolworths.com.au/images/1005/568656.jpg?impolicy=wowsmkqiema&w=260&h=260,https://www.coles.com.au/_next/image?url=https%3A%2F%2Fcdn.productimages.coles.com.au%2Fproductimages%2F2%2F2848274.jpg&w=640&q=90
Kiddylicious Wafers Raspberry 4 pack,2.45,3.2,https://assets.woolworths.com.au/images/1005/156073.jpg?impolicy=wowsmkqiema&w=260&h=260,https://www.coles.com.au/_next/image?url=https%3A%2F%2Fcdn.productimages.coles.com.au%2Fproductimages%2F3%2F3998024.jpg&w=640&q=90
Little Bellies Coconut Melts Mango & Banana 20g,6.5,6.5,https://assets.woolworths.com.au/images/1005/906162.jpg?impolicy=wowsmkqiema&w=260&h=260,https://www.coles.com.au/_next/image?url=https%3A%2F%2Fcdn.productimages.coles.com.au%2Fproductimages%2F8%2F8419372.jpg&w=640&q=90
Huggies Ultra Dry Nappy Pants Girls Size 6 (15-20kg) 24 pack,11.0,22.0,https://assets.woolworths.com.au/images/1005/568657.jpg?impolicy=wowsmkqiema&w=260&h=260,https://www.coles.com.au/_next/image?url=https%3A%2F%2Fcdn.productimages.coles.com.au%2Fproductimages%2F2%2F2848300.jpg&w=640&q=90
Nan OPTIPRO 2 Follow-on Baby Formula From 6-12M 800g,29.0,29.0,https://assets.woolworths.com.au/images/1005/155537.jpg?impolicy=wowsmkqiema&w=260&h=260,https://www.coles.com.au/_next/image?url=https%3A%2F%2Fcdn.productimages.coles.com.au%2Fproductimages%2F4%2F4161974.jpg&w=640&q=90
Huggies Ultra Dry Nappies Girls Size 4 (10-15kg) 72 pack,40.0,40.0,https://assets.woolworths.com.au/images/1005/724632.jpg?impolicy=wowsmkqiema&w=260&h=260,https://www.coles.com.au/_next/image?url=https%3A%2F%2Fcdn.productimages.coles.com.au%2Fproductimages%2F9%2F9224142.jpg&w=640&q=90
Swisspers Baby Organic Cotton Pads 40 pack,5.2,5.2,https://assets.woolworths.com.au/images/1005/289332.jpg?impolicy=wowsmkqiema&w=260&h=260,https://www.coles.com.au/_next/image?url=https%3A%2F%2Fcdn.productimages.coles.com.au%2Fproductimages%2F5%2F5381262.jpg&w=640&q=90
Johnson's Hypoallergenic Gentle Tear Free Cleansing Baby Shampoo 500mL,11.0,6.6,https://assets.woolworths.com.au/images/1005/114110.jpg?impolicy=wowsmkqiema&w=260&h=260,https://www.coles.com.au/_next/image?url=https%3A%2F%2Fcdn.productimages.coles.com.au%2Fproductimages%2F8%2F8584153.jpg&w=640&q=90
Aptamil Gold+ Colic & Constipation Baby Formula From 0-12 Months 900g,34.0,34.0,https://assets.woolworths.com.au/images/1005/807364.jpg?impolicy=wowsmkqiema&w=260&h=260,https://www.coles.com.au/_next/image?url=https%3A%2F%2Fcdn.productimages.coles.com.au%2Fproductimages%2F3%2F3292649.jpg&w=640&q=90
Huggies Ultra Dry Nappies Girls Size 5 (13-18kg) 64 pack,40.0,40.0,https://assets.woolworths.com.au/images/1005/724643.jpg?impolicy=wowsmkqiema&w=260&h=260,https://www.coles.com.au/_next/image?url=https%3A%2F%2Fcdn.productimages.coles.com.au%2Fproductimages%2F9%2F9224211.jpg&w=640&q=90
Rafferty's Garden Happy Tummies Food Pouch Banana Prune & Oats 120g,2.0,2.0,https://assets.woolworths.com.au/images/1005/6023268.jpg?impolicy=wowsmkqiema&w=260&h=260,https://www.coles.com.au/_next/image?url=https%3A%2F%2Fcdn.productimages.coles.com.au%2Fproductimages%2F1%2F1115303.jpg&w=640&q=90
Rafferty's Garden Nuture Immunity Food Pouch Berries Pear & Oats 12M+ 120g,2.0,2.0,https://assets.woolworths.com.au/images/1005/6023146.jpg?impolicy=wowsmkqiema&w=260&h=260,https://www.coles.com.au/_next/image?url=https%3A%2F%2Fcdn.productimages.coles.com.au%2Fproductimages%2F1%2F1115336.jpg&w=640&q=90
Huggies Pure & Sensitive Nappy Pants Size 4 (9-14kg) 54 pack,28.0,35.0,https://assets.woolworths.com.au/images/1005/6021235.jpg?impolicy=wowsmkqiema&w=260&h=260,https://www.coles.com.au/_next/image?url=https%3A%2F%2Fcdn.productimages.coles.com.au%2Fproductimages%2F9%2F9263440.jpg&w=640&q=90
Huggies Little Swimmers Swim Nappies Medium (12-15kg) 11 pack,17.0,17.0,https://assets.woolworths.com.au/images/1005/106658.jpg?impolicy=wowsmkqiema&w=260&h=260,https://www.coles.com.au/_next/image?url=https%3A%2F%2Fcdn.productimages.coles.com.au%2Fproductimages%2F8%2F8383333.jpg&w=640&q=90
Huggies Ultra Dry Nappies Boys Size 4 (10-15kg) 72 pack,40.0,40.0,https://assets.woolworths.com.au/images/1005/724631.jpg?impolicy=wowsmkqiema&w=260&h=260,https://www.coles.com.au/_next/image?url=https%3A%2F%2Fcdn.productimages.coles.com.au%2Fproductimages%2F9%2F9224109.jpg&w=640&q=90
Huggies Ultra Dry Nappies Boys Size 6 (16kg+) 60 pack,40.0,40.0,https://assets.woolworths.com.au/images/1005/157925.jpg?impolicy=wowsmkqiema&w=260&h=260,https://www.coles.com.au/_next/image?url=https%3A%2F%2Fcdn.productimages.coles.com.au%2Fproductimages%2F4%2F4154990.jpg&w=640&q=90
Huggies Ultra Dry Nappies Boys Size 3 (6-11kg) 90 pack,40.0,40.0,https://assets.woolworths.com.au/images/1005/724670.jpg?impolicy=wowsmkqiema&w=260&h=260,https://www.coles.com.au/_next/image?url=https%3A%2F%2Fcdn.productimages.coles.com.au%2Fproductimages%2F9%2F9224084.jpg&w=640&q=90
Huggies Ultra Dry Nappies Girls Size 3 (6-11kg) 90 pack,40.0,40.0,https://assets.woolworths.com.au/images/1005/724652.jpg?impolicy=wowsmkqiema&w=260&h=260,https://www.coles.com.au/_next/image?url=https%3A%2F%2Fcdn.productimages.coles.com.au%2Fproductimages%2F9%2F9224095.jpg&w=640&q=90
Curash Baby Rash Powder With Cornstarch 100g,7.2,8.5,https://assets.woolworths.com.au/images/1005/289265.jpg?impolicy=wowsmkqiema&w=260&h=260,https://www.coles.com.au/_next/image?url=https%3A%2F%2Fcdn.productimages.coles.com.au%2Fproductimages%2F7%2F7060995.jpg&w=640&q=90
Bepanthen Nappy Rash Ointment 30g,7.65,8.5,https://assets.woolworths.com.au/images/1005/204930.jpg?impolicy=wowsmkqiema&w=260&h=260,https://www.coles.com.au/_next/image?url=https%3A%2F%2Fcdn.productimages.coles.com.au%2Fproductimages%2F7%2F7087765.jpg&w=640&q=90
Huggies Ultra Dry Nappy Pants Girls Size 4 (9-14kg) 29 pack,11.0,22.0,https://assets.woolworths.com.au/images/1005/568619.jpg?impolicy=wowsmkqiema&w=260&h=260,https://www.coles.com.au/_next/image?url=https%3A%2F%2Fcdn.productimages.coles.com.au%2Fproductimages%2F2%2F2848241.jpg&w=640&q=90
Gaia Natural Baby Hair & Body Wash 500mL,11.9,17.0,https://assets.woolworths.com.au/images/1005/829345.jpg?impolicy=wowsmkqiema&w=260&h=260,https://www.coles.com.au/_next/image?url=https%3A%2F%2Fcdn.productimages.coles.com.au%2Fproductimages%2F1%2F1516199.jpg&w=640&q=90
Huggies Ultra Dry Nappy Pants Girls Size 5 (12-17kg) 26 pack,11.0,22.0,https://assets.woolworths.com.au/images/1005/568731.jpg?impolicy=wowsmkqiema&w=260&h=260,https://www.coles.com.au/_next/image?url=https%3A%2F%2Fcdn.productimages.coles.com.au%2Fproductimages%2F2%2F2848263.jpg&w=640&q=90
Little Bellies Organic Cocoa & Vanilla 123's 130g,5.5,5.5,https://assets.woolworths.com.au/images/1005/174867.jpg?impolicy=wowsmkqiema&w=260&h=260,https://www.coles.com.au/_next/image?url=https%3A%2F%2Fcdn.productimages.coles.com.au%2Fproductimages%2F5%2F5033583.jpg&w=640&q=90
Aptamil Gold+ 4 Junior Milk Formula From 2+ Years 900g,29.15,29.15,https://assets.woolworths.com.au/images/1005/378535.jpg?impolicy=wowsmkqiema&w=260&h=260,https://www.coles.com.au/_next/image?url=https%3A%2F%2Fcdn.productimages.coles.com.au%2Fproductimages%2F7%2F7733189.jpg&w=640&q=90
Aptamil Allerpro Syneo 1 Baby Formula Allergy From Birth To 6 Months 900g,44.0,44.0,https://assets.woolworths.com.au/images/1005/122332.jpg?impolicy=wowsmkqiema&w=260&h=260,https://www.coles.com.au/_next/image?url=https%3A%2F%2Fcdn.productimages.coles.com.au%2Fproductimages%2F6%2F6187265.jpg&w=640&q=90
Nan EXPERTpro Reflux Formula For Regurgitation From 0-12M 800g,29.0,29.0,https://assets.woolworths.com.au/images/1005/89602.jpg?impolicy=wowsmkqiema&w=260&h=260,https://www.coles.com.au/_next/image?url=https%3A%2F%2Fcdn.productimages.coles.com.au%2Fproductimages%2F4%2F4163346.jpg&w=640&q=90
Alula Gold Toddler 1 Year + Milk Drink 900g,23.3,29.15,https://assets.woolworths.com.au/images/1005/654791.jpg?impolicy=wowsmkqiema&w=260&h=260,https://www.coles.com.au/_next/image?url=https%3A%2F%2Fcdn.productimages.coles.com.au%2Fproductimages%2F3%2F3025766.jpg&w=640&q=90
a2 Gentle Gold Premium Infant Formula Stage 1 800g,29.5,29.5,https://assets.woolworths.com.au/images/1005/907532.jpg?impolicy=wowsmkqiema&w=260&h=260,https://www.coles.com.au/_next/image?url=https%3A%2F%2Fcdn.productimages.coles.com.au%2Fproductimages%2F7%2F7713829.jpg&w=640&q=90
Aptamil Prosyneo Sensitive Baby Infant Formula From 0-12 Months 900g,34.0,34.0,https://assets.woolworths.com.au/images/1005/68714.jpg?impolicy=wowsmkqiema&w=260&h=260,https://www.coles.com.au/_next/image?url=https%3A%2F%2Fcdn.productimages.coles.com.au%2Fproductimages%2F3%2F3672945.jpg&w=640&q=90
a2 Gentle Gold Premium Follow-on Formula Stage 2 800g,29.5,29.5,https://assets.woolworths.com.au/images/1005/906438.jpg?impolicy=wowsmkqiema&w=260&h=260,https://www.coles.com.au/_next/image?url=https%3A%2F%2Fcdn.productimages.coles.com.au%2Fproductimages%2F7%2F7713997.jpg&w=640&q=90
BabyLove Nappy Pants Size 4 (9-14kg) 56 pack,31.0,24.0,https://assets.woolworths.com.au/images/1005/711371.jpg?impolicy=wowsmkqiema&w=260&h=260,https://www.coles.com.au/_next/image?url=https%3A%2F%2Fcdn.productimages.coles.com.au%2Fproductimages%2F9%2F9860438.jpg&w=640&q=90
Oli6 Goat Milk Follow On Formula Stage 2 6-12 Months 800g,39.5,39.5,https://assets.woolworths.com.au/images/1005/223104.jpg?impolicy=wowsmkqiema&w=260&h=260,https://www.coles.com.au/_next/image?url=https%3A%2F%2Fcdn.productimages.coles.com.au%2Fproductimages%2F3%2F3469373.jpg&w=640&q=90
Johnson's Gentle Mild Moisturising Baby Oil 200mL,6.5,6.5,https://assets.woolworths.com.au/images/1005/30263.jpg?impolicy=wowsmkqiema&w=260&h=260,https://www.coles.com.au/_next/image?url=https%3A%2F%2Fcdn.productimages.coles.com.au%2Fproductimages%2F1%2F135804.jpg&w=640&q=90
Johnson's Gentle Fresh Scented Mild Moisturising Baby Lotion 500mL,11.0,6.6,https://assets.woolworths.com.au/images/1005/658324.jpg?impolicy=wowsmkqiema&w=260&h=260,https://www.coles.com.au/_next/image?url=https%3A%2F%2Fcdn.productimages.coles.com.au%2Fproductimages%2F2%2F2391601.jpg&w=640&q=90
Nan OPTIPRO 3 Toddler Milk Drink From 1 Year 800g,27.5,27.5,https://assets.woolworths.com.au/images/1005/155538.jpg?impolicy=wowsmkqiema&w=260&h=260,https://www.coles.com.au/_next/image?url=https%3A%2F%2Fcdn.productimages.coles.com.au%2Fproductimages%2F4%2F4161996.jpg&w=640&q=90
a2 Gentle Gold Premium Toddler Milk Drink Stage 3 800g,29.5,29.5,https://assets.woolworths.com.au/images/1005/907523.jpg?impolicy=wowsmkqiema&w=260&h=260,https://www.coles.com.au/_next/image?url=https%3A%2F%2Fcdn.productimages.coles.com.au%2Fproductimages%2F7%2F7714016.jpg&w=640&q=90
Bubs Goat Infant Formula Stage 1 800g,37.8,42.0,https://assets.woolworths.com.au/images/1005/23523.jpg?impolicy=wowsmkqiema&w=260&h=260,https://www.coles.com.au/_next/image?url=https%3A%2F%2Fcdn.productimages.coles.com.au%2Fproductimages%2F2%2F2738505.jpg&w=640&q=90
a2 Platinum Premium Toddler Milk Drink Stage 3 900g,43.0,43.0,https://assets.woolworths.com.au/images/1005/237175.jpg?impolicy=wowsmkqiema&w=260&h=260,https://www.coles.com.au/_next/image?url=https%3A%2F%2Fcdn.productimages.coles.com.au%2Fproductimages%2F5%2F5488266.jpg&w=640&q=90
Aveeno Baby Daily Moisture Light Scent Sensitive Wash & Shampoo 236mL,10.0,12.5,https://assets.woolworths.com.au/images/1005/339038.jpg?impolicy=wowsmkqiema&w=260&h=260,https://www.coles.com.au/_next/image?url=https%3A%2F%2Fcdn.productimages.coles.com.au%2Fproductimages%2F1%2F1510840.jpg&w=640&q=90
Bepanthen Antiseptic Soothing Cream 100g,17.5,17.5,https://assets.woolworths.com.au/images/1005/135704.jpg?impolicy=wowsmkqiema&w=260&h=260,https://www.coles.com.au/_next/image?url=https%3A%2F%2Fcdn.productimages.coles.com.au%2Fproductimages%2F9%2F9153780.jpg&w=640&q=90
Huggies Ultra Dry Nappies Girls Size 6 (16kg+) 60 pack,40.0,40.0,https://assets.woolworths.com.au/images/1005/157924.jpg?impolicy=wowsmkqiema&w=260&h=260,https://www.coles.com.au/_next/image?url=https%3A%2F%2Fcdn.productimages.coles.com.au%2Fproductimages%2F4%2F4155406.jpg&w=640&q=90
Karicare 4 Gentle Nutrition Toddler Milk Drink From 2+ Years 900g,19.8,22.0,https://assets.woolworths.com.au/images/1005/743762.jpg?impolicy=wowsmkqiema&w=260&h=260,https://www.coles.com.au/_next/image?url=https%3A%2F%2Fcdn.productimages.coles.com.au%2Fproductimages%2F1%2F1189398.jpg&w=640&q=90
Huggies Ultra Dry Nappy Pants Boys Size 4 (9-14kg) 29 pack,11.0,22.0,https://assets.woolworths.com.au/images/1005/568616.jpg?impolicy=wowsmkqiema&w=260&h=260,https://www.coles.com.au/_next/image?url=https%3A%2F%2Fcdn.productimages.coles.com.au%2Fproductimages%2F2%2F2848230.jpg&w=640&q=90
Tommee Tippee Trainer Straw Infant Cup 6M+ Assorted each,9.0,14.0,https://assets.woolworths.com.au/images/1005/6007791.jpg?impolicy=wowsmkqiema&w=260&h=260,https://www.coles.com.au/_next/image?url=https%3A%2F%2Fcdn.productimages.coles.com.au%2Fproductimages%2F1%2F1144120.jpg&w=640&q=90
a2 Platinum Infant Formula Stage 1 900g,43.0,43.0,https://assets.woolworths.com.au/images/1005/236992.jpg?impolicy=wowsmkqiema&w=260&h=260,https://www.coles.com.au/_next/image?url=https%3A%2F%2Fcdn.productimages.coles.com.au%2Fproductimages%2F5%2F5488244.jpg&w=640&q=90
Karicare Soy Infant Formula From Birth to 12 Months 900g,20.0,20.0,https://assets.woolworths.com.au/images/1005/87983.jpg?impolicy=wowsmkqiema&w=260&h=260,https://www.coles.com.au/_next/image?url=https%3A%2F%2Fcdn.productimages.coles.com.au%2Fproductimages%2F5%2F5578664.jpg&w=640&q=90
Aptamil Gold+ Lactose Intolerance Baby Formula From 0-12 Months 900g,34.0,34.0,https://assets.woolworths.com.au/images/1005/757965.jpg?impolicy=wowsmkqiema&w=260&h=260,https://www.coles.com.au/_next/image?url=https%3A%2F%2Fcdn.productimages.coles.com.au%2Fproductimages%2F1%2F1315878.jpg&w=640&q=90
Milton Antibacterial Concentrated Solution 500mL,12.0,9.6,https://assets.woolworths.com.au/images/1005/864852.jpg?impolicy=wowsmkqiema&w=260&h=260,https://www.coles.com.au/_next/image?url=https%3A%2F%2Fcdn.productimages.coles.com.au%2Fproductimages%2F3%2F3499454.jpg&w=640&q=90
Huggies Ultra Dry Nappy Pants Boys Size 3 (6-12kg) 36 pack,11.0,22.0,https://assets.woolworths.com.au/images/1005/157927.jpg?impolicy=wowsmkqiema&w=260&h=260,https://www.coles.com.au/_next/image?url=https%3A%2F%2Fcdn.productimages.coles.com.au%2Fproductimages%2F4%2F4317778.jpg&w=640&q=90
Huggies Pure & Sensitive Nappies Size 2 (4-8kg) 74 pack,28.0,35.0,https://assets.woolworths.com.au/images/1005/6018652.jpg?impolicy=wowsmkqiema&w=260&h=260,https://www.coles.com.au/_next/image?url=https%3A%2F%2Fcdn.productimages.coles.com.au%2Fproductimages%2F9%2F9263392.jpg&w=640&q=90
B.Box Tritan Drink Bottle Assorted 450mL each,18.0,22.5,https://assets.woolworths.com.au/images/1005/24305.jpg?impolicy=wowsmkqiema&w=260&h=260,https://www.coles.com.au/_next/image?url=https%3A%2F%2Fcdn.productimages.coles.com.au%2Fproductimages%2F4%2F4205901.jpg&w=640&q=90
Alula Gold Junior 2 Years + Milk Drink 900g,23.3,29.15,https://assets.woolworths.com.au/images/1005/654784.jpg?impolicy=wowsmkqiema&w=260&h=260,https://www.coles.com.au/_next/image?url=https%3A%2F%2Fcdn.productimages.coles.com.au%2Fproductimages%2F3%2F3025813.jpg&w=640&q=90
Tommee Tippee Starter Spout Infant Cup 4M+ Assorted each,7.2,12.0,https://assets.woolworths.com.au/images/1005/6007060.jpg?impolicy=wowsmkqiema&w=260&h=260,https://www.coles.com.au/_next/image?url=https%3A%2F%2Fcdn.productimages.coles.com.au%2Fproductimages%2F1%2F1144094.jpg&w=640&q=90
Tommee Tippee Natural Start Fast Flow Teats 2 pack,7.8,13.0,https://assets.woolworths.com.au/images/1005/615459.jpg?impolicy=wowsmkqiema&w=260&h=260,https://www.coles.com.au/_next/image?url=https%3A%2F%2Fcdn.productimages.coles.com.au%2Fproductimages%2F8%2F8166539.jpg&w=640&q=90
Vicks Baby Balsam 100g,12.7,14.9,https://assets.woolworths.com.au/images/1005/91549.jpg?impolicy=wowsmkqiema&w=260&h=260,https://www.coles.com.au/_next/image?url=https%3A%2F%2Fcdn.productimages.coles.com.au%2Fproductimages%2F5%2F5379690.jpg&w=640&q=90
Tommee Tippee On The Go Straw Toddler Bottle 18M+ Assorted each,10.2,17.0,https://assets.woolworths.com.au/images/1005/6007068.jpg?impolicy=wowsmkqiema&w=260&h=260,https://www.coles.com.au/_next/image?url=https%3A%2F%2Fcdn.productimages.coles.com.au%2Fproductimages%2F1%2F1144174.jpg&w=640&q=90
Huggies Ultra Dry Nappy Pants Boys Size 5 (12-17kg) 26 pack,11.0,22.0,https://assets.woolworths.com.au/images/1005/568730.jpg?impolicy=wowsmkqiema&w=260&h=260,https://www.coles.com.au/_next/image?url=https%3A%2F%2Fcdn.productimages.coles.com.au%2Fproductimages%2F2%2F2848252.jpg&w=640&q=90
Bubs Organic Grass Fed Infant Formula Stage 1 800g,35.0,28.0,https://assets.woolworths.com.au/images/1005/87877.jpg?impolicy=wowsmkqiema&w=260&h=260,https://www.coles.com.au/_next/image?url=https%3A%2F%2Fcdn.productimages.coles.com.au%2Fproductimages%2F3%2F3785930.jpg&w=640&q=90
Oli6 Goat Milk Infant Formula Stage 1 0-6 Months 800g,39.5,39.5,https://assets.woolworths.com.au/images/1005/223214.jpg?impolicy=wowsmkqiema&w=260&h=260,https://www.coles.com.au/_next/image?url=https%3A%2F%2Fcdn.productimages.coles.com.au%2Fproductimages%2F3%2F3469340.jpg&w=640&q=90
Huggies Little Swimmers Swim Nappies Small (7-12kg) 12 pack,17.0,17.0,https://assets.woolworths.com.au/images/1005/106661.jpg?impolicy=wowsmkqiema&w=260&h=260,https://www.coles.com.au/_next/image?url=https%3A%2F%2Fcdn.productimages.coles.com.au%2Fproductimages%2F8%2F8383300.jpg&w=640&q=90
Huggies Ultra Dry Nappy Pants Girls Size 3 (6-12kg) 36 pack,11.0,22.0,https://assets.woolworths.com.au/images/1005/157928.jpg?impolicy=wowsmkqiema&w=260&h=260,https://www.coles.com.au/_next/image?url=https%3A%2F%2Fcdn.productimages.coles.com.au%2Fproductimages%2F4%2F4317789.jpg&w=640&q=90
Bubs Organic Grass Fed Follow On Formula Stage 2 800g,35.0,28.0,https://assets.woolworths.com.au/images/1005/88164.jpg?impolicy=wowsmkqiema&w=260&h=260,https://www.coles.com.au/_next/image?url=https%3A%2F%2Fcdn.productimages.coles.com.au%2Fproductimages%2F3%2F3774140.jpg&w=640&q=90
Alula Gold Lactose Intolerance 0-12 Mth Infant Formula 900g,28.8,28.8,https://assets.woolworths.com.au/images/1005/654788.jpg?impolicy=wowsmkqiema&w=260&h=260,https://www.coles.com.au/_next/image?url=https%3A%2F%2Fcdn.productimages.coles.com.au%2Fproductimages%2F3%2F3025846.jpg&w=640&q=90
Tommee Tippee Natural Start Baby Bottle 0+M 260mL x 2 pack,17.4,11.0,https://assets.woolworths.com.au/images/1005/6058777.jpg?impolicy=wowsmkqiema&w=260&h=260,https://www.coles.com.au/_next/image?url=https%3A%2F%2Fcdn.productimages.coles.com.au%2Fproductimages%2F1%2F1144083.jpg&w=640&q=90
Marcalan Nipple Cream 50g,14.95,8.0,https://assets.woolworths.com.au/images/1005/758434.jpg?impolicy=wowsmkqiema&w=260&h=260,https://www.coles.com.au/_next/image?url=https%3A%2F%2Fcdn.productimages.coles.com.au%2Fproductimages%2F2%2F2916669.jpg&w=640&q=90
Infants' Friend Colic & Wind 100mL,14.9,14.9,https://assets.woolworths.com.au/images/1005/219106.jpg?impolicy=wowsmkqiema&w=260&h=260,https://www.coles.com.au/_next/image?url=https%3A%2F%2Fcdn.productimages.coles.com.au%2Fproductimages%2F5%2F5254629.jpg&w=640&q=90
B.Box Insulated Drink Bottle Assorted 350mL each,26.4,33.0,https://assets.woolworths.com.au/images/1005/169381.jpg?impolicy=wowsmkqiema&w=260&h=260,https://www.coles.com.au/_next/image?url=https%3A%2F%2Fcdn.productimages.coles.com.au%2Fproductimages%2F5%2F5245130.jpg&w=640&q=90
Tommee Tippee Natural Start Medium Flow Teats 2 pack,7.8,13.0,https://assets.woolworths.com.au/images/1005/615450.jpg?impolicy=wowsmkqiema&w=260&h=260,https://www.coles.com.au/_next/image?url=https%3A%2F%2Fcdn.productimages.coles.com.au%2Fproductimages%2F8%2F8166492.jpg&w=640&q=90
Tommee Tippee Active Spout Toddler Cup 12M+ Assorted each,8.4,14.0,https://assets.woolworths.com.au/images/1005/6006939.jpg?impolicy=wowsmkqiema&w=260&h=260,https://www.coles.com.au/_next/image?url=https%3A%2F%2Fcdn.productimages.coles.com.au%2Fproductimages%2F1%2F1144152.jpg&w=640&q=90
Bubs Organic Grass Fed Toddler Formula Stage 3 800g,37.4,29.9,https://assets.woolworths.com.au/images/1005/88504.jpg?impolicy=wowsmkqiema&w=260&h=260,https://www.coles.com.au/_next/image?url=https%3A%2F%2Fcdn.productimages.coles.com.au%2Fproductimages%2F3%2F3774151.jpg&w=640&q=90
Nan Supremepro 3 Premium Toddler Milk Drink 1+ Years 800g,33.0,32.45,https://assets.woolworths.com.au/images/1005/6031102.jpg?impolicy=wowsmkqiema&w=260&h=260,https://www.coles.com.au/_next/image?url=https%3A%2F%2Fcdn.productimages.coles.com.au%2Fproductimages%2F1%2F1819860.jpg&w=640&q=90
Tommee Tippee Natural Start Baby Bottles 0+M 260mL 3 pack,21.0,35.0,https://assets.woolworths.com.au/images/1005/615980.jpg?impolicy=wowsmkqiema&w=260&h=260,https://www.coles.com.au/_next/image?url=https%3A%2F%2Fcdn.productimages.coles.com.au%2Fproductimages%2F8%2F8167371.jpg&w=640&q=90
B.Box Soother Clip Assorted 2 pack,10.4,13.0,https://assets.woolworths.com.au/images/1005/6012157.jpg?impolicy=wowsmkqiema&w=260&h=260,https://www.coles.com.au/_next/image?url=https%3A%2F%2Fcdn.productimages.coles.com.au%2Fproductimages%2F1%2F1144640.jpg&w=640&q=90
B.Box Chill & Fill Teether Assorted each,18.4,23.0,https://assets.woolworths.com.au/images/1005/264216.jpg?impolicy=wowsmkqiema&w=260&h=260,https://www.coles.com.au/_next/image?url=https%3A%2F%2Fcdn.productimages.coles.com.au%2Fproductimages%2F6%2F6846973.jpg&w=640&q=90
a2 Gentle Gold Premium Junior Milk Drink Stage 4 800g,29.5,29.5,https://assets.woolworths.com.au/images/1005/907296.jpg?impolicy=wowsmkqiema&w=260&h=260,https://www.coles.com.au/_next/image?url=https%3A%2F%2Fcdn.productimages.coles.com.au%2Fproductimages%2F7%2F7714049.jpg&w=640&q=90
Blackmores Pregnancy & Breastfeeding Gold Vitamin Capsules 120 pack,25.0,50.0,https://assets.woolworths.com.au/images/1005/258736.jpg?impolicy=wowsmkqiema&w=260&h=260,https://www.coles.com.au/_next/image?url=https%3A%2F%2Fcdn.productimages.coles.com.au%2Fproductimages%2F5%2F5678410.jpg&w=640&q=90
Clearblue Digital Pregnancy Test Weeks Indicator each,20.0,20.0,https://assets.woolworths.com.au/images/1005/755312.jpg?impolicy=wowsmkqiema&w=260&h=260,https://www.coles.com.au/_next/image?url=https%3A%2F%2Fcdn.productimages.coles.com.au%2Fproductimages%2F5%2F5047260.jpg&w=640&q=90
Clearblue Digital Pregnancy Test Ultra Early 2 pack,34.0,34.0,https://assets.woolworths.com.au/images/1005/6009022.jpg?impolicy=wowsmkqiema&w=260&h=260,https://www.coles.com.au/_next/image?url=https%3A%2F%2Fcdn.productimages.coles.com.au%2Fproductimages%2F4%2F4994652.jpg&w=640&q=90
CUB Biodegradable Fragrance Free Baby Wipes | 80 Pack,,2.0,,https://www.coles.com.au/_next/image?url=https%3A%2F%2Fcdn.productimages.coles.com.au%2Fproductimages%2F6%2F6579607.jpg&w=640&q=90
Biogaia Protectis Baby Probiotic Drops Vit D | 5mL,,39.0,,https://www.coles.com.au/_next/image?url=https%3A%2F%2Fcdn.productimages.coles.com.au%2Fproductimages%2F1%2F1282382.jpg&w=640&q=90
Biogaia Protectis Probiotic Drops For Infant Colic Relief | 5mL,,36.5,,https://www.coles.com.au/_next/image?url=https%3A%2F%2Fcdn.productimages.coles.com.au%2Fproductimages%2F8%2F8537131.jpg&w=640&q=90
Rafferty's Garden Apple & Raspberry Snack Bars With Real Fruit Baby Foo ... 128g,,4.5,,https://www.coles.com.au/_next/image?url=https%3A%2F%2Fcdn.productimages.coles.com.au%2Fproductimages%2F3%2F3018862.jpg&w=640&q=90
Biogaia Protectis Kids Chewables Orange Vit D | 30 Pack,,41.4,,https://www.coles.com.au/_next/image?url=https%3A%2F%2Fcdn.productimages.coles.com.au%2Fproductimages%2F1%2F1282393.jpg&w=640&q=90
Kiddylicious Pizza Straws Pizza Multipack 12g | 4 Pack,,7.8,,https://www.coles.com.au/_next/image?url=https%3A%2F%2Fcdn.productimages.coles.com.au%2Fproductimages%2F1%2F1854555.jpg&w=640&q=90
Euky Bear Baby Sniffly Nose Room Spray | 125g,,12.0,,https://www.coles.com.au/_next/image?url=https%3A%2F%2Fcdn.productimages.coles.com.au%2Fproductimages%2F5%2F5356957.jpg&w=640&q=90
Rafferty's Garden Nurture Immunity Blueberry Star Puffs 12m+ | 12g,,2.2,,https://www.coles.com.au/_next/image?url=https%3A%2F%2Fcdn.productimages.coles.com.au%2Fproductimages%2F1%2F1115198.jpg&w=640&q=90
Euky Bearub | 50g,,8.1,,https://www.coles.com.au/_next/image?url=https%3A%2F%2Fcdn.productimages.coles.com.au%2Fproductimages%2F5%2F5356979.jpg&w=640&q=90
CUB Biodegradable Fragrance Free Baby Wipes | 480 Pack,,11.0,,https://www.coles.com.au/_next/image?url=https%3A%2F%2Fcdn.productimages.coles.com.au%2Fproductimages%2F6%2F6579630.jpg&w=640&q=90
Rascals 99% Water Premium Wipes | 72 Pack,,5.0,,https://www.coles.com.au/_next/image?url=https%3A%2F%2Fcdn.productimages.coles.com.au%2Fproductimages%2F5%2F5253637.jpg&w=640&q=90
Rascals Premium Sensitive Wipes Plastic Free Cloth | 80 Pack,,5.0,,https://www.coles.com.au/_next/image?url=https%3A%2F%2Fcdn.productimages.coles.com.au%2Fproductimages%2F3%2F3505932.jpg&w=640&q=90
CUB Gentle Care Premium Thick & Soft Fragrance Free Baby Wipes | 80 Pack,,2.75,,https://www.coles.com.au/_next/image?url=https%3A%2F%2Fcdn.productimages.coles.com.au%2Fproductimages%2F3%2F3419105.jpg&w=640&q=90
CUB Biodegradable Lightly Scented Baby Wipes | 80 Pack,,2.0,,https://www.coles.com.au/_next/image?url=https%3A%2F%2Fcdn.productimages.coles.com.au%2Fproductimages%2F6%2F6579550.jpg&w=640&q=90
Baby Mum-mum Rice Rusk Organic Blueberry & Carrot +8 Months | 36g,,3.85,,https://www.coles.com.au/_next/image?url=https%3A%2F%2Fcdn.productimages.coles.com.au%2Fproductimages%2F2%2F2800347.jpg&w=640&q=90
Baby Mum-mum Rice Rusks Banana +8 Months | 36g,,3.85,,https://www.coles.com.au/_next/image?url=https%3A%2F%2Fcdn.productimages.coles.com.au%2Fproductimages%2F8%2F8953850.jpg&w=640&q=90
Curash Fragrance Free Sensitive Skin Baby Wipes | 240 Pack,,14.0,,https://www.coles.com.au/_next/image?url=https%3A%2F%2Fcdn.productimages.coles.com.au%2Fproductimages%2F1%2F1514499.jpg&w=640&q=90
Rafferty's Garden Blueberry Banana & Apple Snack Bars Real Fruit Baby Foo ... 128g,,4.5,,https://www.coles.com.au/_next/image?url=https%3A%2F%2Fcdn.productimages.coles.com.au%2Fproductimages%2F1%2F1204560.jpg&w=640&q=90
CUB Nappy Bags | 200 Pack,,3.5,,https://www.coles.com.au/_next/image?url=https%3A%2F%2Fcdn.productimages.coles.com.au%2Fproductimages%2F3%2F3817980.jpg&w=640&q=90
CUB Apple & Raisin Fruit & Oat Bar 6x15g | 90g,,2.6,,https://www.coles.com.au/_next/image?url=https%3A%2F%2Fcdn.productimages.coles.com.au%2Fproductimages%2F3%2F3757640.jpg&w=640&q=90
Little Bellies Softcorn Berry & Apple | 8g,,2.15,,https://www.coles.com.au/_next/image?url=https%3A%2F%2Fcdn.productimages.coles.com.au%2Fproductimages%2F2%2F2800799.jpg&w=640&q=90
CUB Nappies Unisex Walker Size 5 (16-18kg) | 44 Pack,,11.5,,https://www.coles.com.au/_next/image?url=https%3A%2F%2Fcdn.productimages.coles.com.au%2Fproductimages%2F3%2F3720797.jpg&w=640&q=90
Baby Mum-mum First Rice Rusk Vegetable +6 Months | 36g,,3.85,,https://www.coles.com.au/_next/image?url=https%3A%2F%2Fcdn.productimages.coles.com.au%2Fproductimages%2F8%2F8953861.jpg&w=640&q=90
CUB Biodegradable Water Wipes | 60 Pack,,1.9,,https://www.coles.com.au/_next/image?url=https%3A%2F%2Fcdn.productimages.coles.com.au%2Fproductimages%2F7%2F7269092.jpg&w=640&q=90
Little Bellies Sultanas 6x14g | 84g,,3.0,,https://www.coles.com.au/_next/image?url=https%3A%2F%2Fcdn.productimages.coles.com.au%2Fproductimages%2F3%2F3499670.jpg&w=640&q=90
Rafferty's Garden Blueberries Banana & Apple And Nothing Else Ba ... 120g,,1.9,,https://www.coles.com.au/_next/image?url=https%3A%2F%2Fcdn.productimages.coles.com.au%2Fproductimages%2F6%2F6027167.jpg&w=640&q=90
CUB Fruit & Oat Bar Apricot 6x15g | 90g,,2.6,,https://www.coles.com.au/_next/image?url=https%3A%2F%2Fcdn.productimages.coles.com.au%2Fproductimages%2F3%2F3757651.jpg&w=640&q=90
CUB Nappies Unisex Junior Size 6 (16kg+) | 40 Pack,,11.5,,https://www.coles.com.au/_next/image?url=https%3A%2F%2Fcdn.productimages.coles.com.au%2Fproductimages%2F3%2F3720800.jpg&w=640&q=90
Baby Mum-mum First Rice Rusk Apple & Pumpkin +6 Months | 36g,,3.85,,https://www.coles.com.au/_next/image?url=https%3A%2F%2Fcdn.productimages.coles.com.au%2Fproductimages%2F2%2F2123227.jpg&w=640&q=90
CUB Nappies Unisex Toddler Size 4 (10-15kg) | 50 Pack,,11.5,,https://www.coles.com.au/_next/image?url=https%3A%2F%2Fcdn.productimages.coles.com.au%2Fproductimages%2F3%2F3720786.jpg&w=640&q=90
Koja Minis Oat Bars Chocolate Chip | 120g,,6.5,,https://www.coles.com.au/_next/image?url=https%3A%2F%2Fcdn.productimages.coles.com.au%2Fproductimages%2F1%2F1819769.jpg&w=640&q=90
Rafferty's Garden Pear & Prune Puree And Nothing Else Baby Food Pou ... 120g,,1.9,,https://www.coles.com.au/_next/image?url=https%3A%2F%2Fcdn.productimages.coles.com.au%2Fproductimages%2F3%2F3625082.jpg&w=640&q=90
Rafferty's Garden Pear & Superberries Puree And Nothing Else Baby F ... 120g,,1.9,,https://www.coles.com.au/_next/image?url=https%3A%2F%2Fcdn.productimages.coles.com.au%2Fproductimages%2F8%2F8971896.jpg&w=640&q=90
Rafferty's Garden Strawberry Yoghurt Buttons Baby Food Snacks 10 ... 28g,,6.0,,https://www.coles.com.au/_next/image?url=https%3A%2F%2Fcdn.productimages.coles.com.au%2Fproductimages%2F9%2F9009810.jpg&w=640&q=90
Only Organic Kindy Strawberry & Apple Oat Bars | 120g,,5.5,,https://www.coles.com.au/_next/image?url=https%3A%2F%2Fcdn.productimages.coles.com.au%2Fproductimages%2F6%2F6295450.jpg&w=640&q=90
CUB Nappy Pants Junior Size 6 Jumbo (15-25kg) | 42 Pack,,17.0,,https://www.coles.com.au/_next/image?url=https%3A%2F%2Fcdn.productimages.coles.com.au%2Fproductimages%2F3%2F3720946.jpg&w=640&q=90
Curash Simply Water Sensitive Skin Baby Wipes | 240 Pack,,17.6,,https://www.coles.com.au/_next/image?url=https%3A%2F%2Fcdn.productimages.coles.com.au%2Fproductimages%2F3%2F3779235.jpg&w=640&q=90
Rascals Premium Nappies Size 3 (6-11kg) | 44 Pack,,17.5,,https://www.coles.com.au/_next/image?url=https%3A%2F%2Fcdn.productimages.coles.com.au%2Fproductimages%2F3%2F3301138.jpg&w=640&q=90
Sudocrem Healing Cream | 125g,,15.45,,https://www.coles.com.au/_next/image?url=https%3A%2F%2Fcdn.productimages.coles.com.au%2Fproductimages%2F8%2F8837317.jpg&w=640&q=90
Alula Gold Newborn 0-6 Months Infant Formula | 900g,,30.0,,https://www.coles.com.au/_next/image?url=https%3A%2F%2Fcdn.productimages.coles.com.au%2Fproductimages%2F3%2F3025609.jpg&w=640&q=90
Rascals Premium Nappies Size 1 (3-5kg) | 54 Pack,,17.5,,https://www.coles.com.au/_next/image?url=https%3A%2F%2Fcdn.productimages.coles.com.au%2Fproductimages%2F3%2F3301150.jpg&w=640&q=90
WaterWipes Baby & Newborn Sensitive Wipes | 360 Pack,,40.0,,https://www.coles.com.au/_next/image?url=https%3A%2F%2Fcdn.productimages.coles.com.au%2Fproductimages%2F1%2F1282520.jpg&w=640&q=90
Rafferty's Garden Tummy Puffs Pear & Mango 12 Months | 12g,,2.2,,https://www.coles.com.au/_next/image?url=https%3A%2F%2Fcdn.productimages.coles.com.au%2Fproductimages%2F1%2F1854351.jpg&w=640&q=90
Little Bellies Softcorn Banana | 8g,,2.15,,https://www.coles.com.au/_next/image?url=https%3A%2F%2Fcdn.productimages.coles.com.au%2Fproductimages%2F2%2F2800711.jpg&w=640&q=90
Rafferty's Garden Sweet Potato Carrot & Apple And Nothing Else Baby F ... 120g,,1.9,,https://www.coles.com.au/_next/image?url=https%3A%2F%2Fcdn.productimages.coles.com.au%2Fproductimages%2F6%2F6027112.jpg&w=640&q=90
CUB Apple & Blueberry With Oats Baby Food Pouch 6+ Months | 120g,,1.0,,https://www.coles.com.au/_next/image?url=https%3A%2F%2Fcdn.productimages.coles.com.au%2Fproductimages%2F1%2F1719040.jpg&w=640&q=90
CUB Apple Pear Banana & Blueberry Baby Food Pouch 4+ Months | 120g,,1.0,,https://www.coles.com.au/_next/image?url=https%3A%2F%2Fcdn.productimages.coles.com.au%2Fproductimages%2F1%2F1719006.jpg&w=640&q=90
Rafferty's Garden Apple Banana & Peach and Nothing Else Baby F ... 120g,,1.9,,https://www.coles.com.au/_next/image?url=https%3A%2F%2Fcdn.productimages.coles.com.au%2Fproductimages%2F8%2F8971885.jpg&w=640&q=90
CUB Biodegradable Lightly Scented Baby Wipes | 480 Pack,,11.0,,https://www.coles.com.au/_next/image?url=https%3A%2F%2Fcdn.productimages.coles.com.au%2Fproductimages%2F6%2F6579629.jpg&w=640&q=90
CUB Nappy Pants Walker Size 5 Jumbo (13-18kg) | 46 Pack,,17.0,,https://www.coles.com.au/_next/image?url=https%3A%2F%2Fcdn.productimages.coles.com.au%2Fproductimages%2F3%2F3720935.jpg&w=640&q=90
Huggies Lightly Fragranced Cucumber & Aloe Baby Wipes | 80 Pack,,5.5,,https://www.coles.com.au/_next/image?url=https%3A%2F%2Fcdn.productimages.coles.com.au%2Fproductimages%2F9%2F9240808.jpg&w=640&q=90
CUB Pear Apple & Mango Baby Food Pouch 4+ Months | 120g,,1.0,,https://www.coles.com.au/_next/image?url=https%3A%2F%2Fcdn.productimages.coles.com.au%2Fproductimages%2F1%2F1719017.jpg&w=640&q=90
Rafferty's Garden Apple Snack Bars Made with Real Fruit 8 Pack Baby Fo ... 128g,,4.5,,https://www.coles.com.au/_next/image?url=https%3A%2F%2Fcdn.productimages.coles.com.au%2Fproductimages%2F7%2F7572228.jpg&w=640&q=90
Little Bellies Apple & Cinnamon Baby Puffs | 12g,,2.15,,https://www.coles.com.au/_next/image?url=https%3A%2F%2Fcdn.productimages.coles.com.au%2Fproductimages%2F2%2F2800846.jpg&w=640&q=90
Rafferty's Garden Mixed Berry Yoghurt Buttons Baby Food Snack 10+ Mont ... 28g,,6.0,,https://www.coles.com.au/_next/image?url=https%3A%2F%2Fcdn.productimages.coles.com.au%2Fproductimages%2F9%2F9009795.jpg&w=640&q=90
Little Bellies Baby Puffs Carrot | 12g,,2.15,,https://www.coles.com.au/_next/image?url=https%3A%2F%2Fcdn.productimages.coles.com.au%2Fproductimages%2F3%2F3018374.jpg&w=640&q=90
Rascals Premium Nappy Pants Size 5 (13-18kg) | 26 Pack,,17.5,,https://www.coles.com.au/_next/image?url=https%3A%2F%2Fcdn.productimages.coles.com.au%2Fproductimages%2F3%2F3445932.jpg&w=640&q=90
CUB Apple- Banana & Pear Baby Food Pouch 6+ Months | 120g,,1.0,,https://www.coles.com.au/_next/image?url=https%3A%2F%2Fcdn.productimages.coles.com.au%2Fproductimages%2F1%2F1719050.jpg&w=640&q=90
Only Organic 8 Months+ Banana & Mango Corn Sticks | 15g,,2.0,,https://www.coles.com.au/_next/image?url=https%3A%2F%2Fcdn.productimages.coles.com.au%2Fproductimages%2F8%2F8409164.jpg&w=640&q=90
Rascals Premium Nappies Size 4 (10-15kg) | 36 Pack,,17.5,,https://www.coles.com.au/_next/image?url=https%3A%2F%2Fcdn.productimages.coles.com.au%2Fproductimages%2F3%2F3301127.jpg&w=640&q=90
CUB Apple Pear & Berries Baby Food Pouch 4+ Months | 120g,,1.0,,https://www.coles.com.au/_next/image?url=https%3A%2F%2Fcdn.productimages.coles.com.au%2Fproductimages%2F1%2F1719028.jpg&w=640&q=90
Rafferty's Garden Apple Pear & Cinnamon And Nothing Else Baby F ... 120g,,1.9,,https://www.coles.com.au/_next/image?url=https%3A%2F%2Fcdn.productimages.coles.com.au%2Fproductimages%2F6%2F6027189.jpg&w=640&q=90
Rascals Premium Nappy Pants Size 6 (15-20kg) | 24 Pack,,17.5,,https://www.coles.com.au/_next/image?url=https%3A%2F%2Fcdn.productimages.coles.com.au%2Fproductimages%2F3%2F3445954.jpg&w=640&q=90
OC Naturals Kids 3 In 1 Fruit Blast | 400mL,,4.0,,https://www.coles.com.au/_next/image?url=https%3A%2F%2Fcdn.productimages.coles.com.au%2Fproductimages%2F7%2F7210373.jpg&w=640&q=90
Aptamil Gold+ 2 Baby Follow- On Formula From 6-12 Months | 900g,,30.0,,https://www.coles.com.au/_next/image?url=https%3A%2F%2Fcdn.productimages.coles.com.au%2Fproductimages%2F8%2F8900989.jpg&w=640&q=90
CUB Apple Banana & Mango Porridge Baby Food Pouch 6+ Months | 120g,,1.0,,https://www.coles.com.au/_next/image?url=https%3A%2F%2Fcdn.productimages.coles.com.au%2Fproductimages%2F1%2F1719844.jpg&w=640&q=90
Rafferty's Garden Pear & Apricot Puree And Nothing Else Baby Food Pou ... 120g,,1.9,,https://www.coles.com.au/_next/image?url=https%3A%2F%2Fcdn.productimages.coles.com.au%2Fproductimages%2F7%2F7572126.jpg&w=640&q=90
Koja Minis Oat Bars Mixed Berry | 120g,,6.5,,https://www.coles.com.au/_next/image?url=https%3A%2F%2Fcdn.productimages.coles.com.au%2Fproductimages%2F1%2F1819770.jpg&w=640&q=90
Rafferty's Garden Banana Mini Yoghurt Drops 10m+ | 8g,,2.5,,https://www.coles.com.au/_next/image?url=https%3A%2F%2Fcdn.productimages.coles.com.au%2Fproductimages%2F3%2F3766357.jpg&w=640&q=90
Rafferty's Garden Pumpkin Apple & Sweetcorn and Nothing Else Baby F ... 120g,,1.9,,https://www.coles.com.au/_next/image?url=https%3A%2F%2Fcdn.productimages.coles.com.au%2Fproductimages%2F6%2F6027087.jpg&w=640&q=90
Huggies Ultra Dry Nappies Girls Size 6 (16kg+) | 30 Pack,,12.0,,https://www.coles.com.au/_next/image?url=https%3A%2F%2Fcdn.productimages.coles.com.au%2Fproductimages%2F9%2F9636106.jpg&w=640&q=90
DryNites Night Time Pants For Girls 4-7 Years (17-30kg) | 9 Pack,,12.0,,https://www.coles.com.au/_next/image?url=https%3A%2F%2Fcdn.productimages.coles.com.au%2Fproductimages%2F5%2F5063813.jpg&w=640&q=90
Baby Mum Mum Strawberry & Beet First Rice Rusks | 36g,,3.85,,https://www.coles.com.au/_next/image?url=https%3A%2F%2Fcdn.productimages.coles.com.au%2Fproductimages%2F1%2F1383062.jpg&w=640&q=90
Rascals Premium Nappies Size 5 (13-18kg) | 32 Pack,,17.5,,https://www.coles.com.au/_next/image?url=https%3A%2F%2Fcdn.productimages.coles.com.au%2Fproductimages%2F3%2F3301116.jpg&w=640&q=90
Rascals Premium Nappies Size 2 (4-8kg) | 48 Pack,,17.5,,https://www.coles.com.au/_next/image?url=https%3A%2F%2Fcdn.productimages.coles.com.au%2Fproductimages%2F3%2F3301149.jpg&w=640&q=90
Rascals Premium Nappies Size 4 (10-15kg) | 72 Pack,,31.0,,https://www.coles.com.au/_next/image?url=https%3A%2F%2Fcdn.productimages.coles.com.au%2Fproductimages%2F3%2F3597384.jpg&w=640&q=90
Alula Gentle Newborn 0-6 Months Infant Formula | 900g,,19.0,,https://www.coles.com.au/_next/image?url=https%3A%2F%2Fcdn.productimages.coles.com.au%2Fproductimages%2F3%2F3025824.jpg&w=640&q=90
Ease A Cold Kids Cold And Flu Chewable Tablets | 24 Pack,,15.5,,https://www.coles.com.au/_next/image?url=https%3A%2F%2Fcdn.productimages.coles.com.au%2Fproductimages%2F5%2F5725485.jpg&w=640&q=90
Rascals Premium Nappy Pants Size 6 (15-20kg) | 46 Pack,,31.0,,https://www.coles.com.au/_next/image?url=https%3A%2F%2Fcdn.productimages.coles.com.au%2Fproductimages%2F3%2F3613902.jpg&w=640&q=90
Rascals Premium Nappies Size 3 (6-11kg) | 88 Pack,,31.0,,https://www.coles.com.au/_next/image?url=https%3A%2F%2Fcdn.productimages.coles.com.au%2Fproductimages%2F5%2F5487693.jpg&w=640&q=90
Rascals Premium Nappy Pants Size 5 (13-18kg) | 50 Pack,,31.0,,https://www.coles.com.au/_next/image?url=https%3A%2F%2Fcdn.productimages.coles.com.au%2Fproductimages%2F3%2F3613899.jpg&w=640&q=90
OC Naturals Kids 3 In 1 Berry Bliss | 400mL,,4.0,,https://www.coles.com.au/_next/image?url=https%3A%2F%2Fcdn.productimages.coles.com.au%2Fproductimages%2F7%2F7210351.jpg&w=640&q=90
Only Organic Kindy Banana & Raisin Oat Bars | 120g,,5.5,,https://www.coles.com.au/_next/image?url=https%3A%2F%2Fcdn.productimages.coles.com.au%2Fproductimages%2F6%2F6295440.jpg&w=640&q=90
CUB Apple Pear Banana & Peach Baby Food Pouch 4+ Months | 120g,,1.0,,https://www.coles.com.au/_next/image?url=https%3A%2F%2Fcdn.productimages.coles.com.au%2Fproductimages%2F1%2F1719163.jpg&w=640&q=90
Snacktacular Teething Rusks Original | 100g,,5.0,,https://www.coles.com.au/_next/image?url=https%3A%2F%2Fcdn.productimages.coles.com.au%2Fproductimages%2F1%2F1815076.jpg&w=640&q=90
Only Organic Apple Coconut And Flaxseed Biscuit With Prebiot ... 100g,,4.0,,https://www.coles.com.au/_next/image?url=https%3A%2F%2Fcdn.productimages.coles.com.au%2Fproductimages%2F4%2F4162999.jpg&w=640&q=90
Rascals Premium Nappy Pants Size 7 (17+kg) | 22 Pack,,17.5,,https://www.coles.com.au/_next/image?url=https%3A%2F%2Fcdn.productimages.coles.com.au%2Fproductimages%2F6%2F6398737.jpg&w=640&q=90
Kiddylicious Raspberry Crispie Tiddlers 12+ Months | 12g,,1.75,,https://www.coles.com.au/_next/image?url=https%3A%2F%2Fcdn.productimages.coles.com.au%2Fproductimages%2F2%2F2364948.jpg&w=640&q=90
Mum-mum Organic Strawberry Rice Biscuits | 40g,,2.85,,https://www.coles.com.au/_next/image?url=https%3A%2F%2Fcdn.productimages.coles.com.au%2Fproductimages%2F8%2F8423085.jpg&w=640&q=90
Only Organic Pear & Cinnamon Oat Biscuits 10 Months+ | 100g,,4.0,,https://www.coles.com.au/_next/image?url=https%3A%2F%2Fcdn.productimages.coles.com.au%2Fproductimages%2F8%2F8409131.jpg&w=640&q=90
CUB Nappies Unisex Crawler Size 3 (6-11kg) | 56 Pack,,11.5,,https://www.coles.com.au/_next/image?url=https%3A%2F%2Fcdn.productimages.coles.com.au%2Fproductimages%2F3%2F3720775.jpg&w=640&q=90
CUB Biodegradable Fragrance Free Baby Wipes | 20 Pack,,1.5,,https://www.coles.com.au/_next/image?url=https%3A%2F%2Fcdn.productimages.coles.com.au%2Fproductimages%2F6%2F6579640.jpg&w=640&q=90
Only Organic Banana Raspberry & Vanilla Baby Food Pouch 8+ Mont ... 120g,,1.8,,https://www.coles.com.au/_next/image?url=https%3A%2F%2Fcdn.productimages.coles.com.au%2Fproductimages%2F7%2F7761129.jpg&w=640&q=90
CUB Chicken Veggies & Brown Rice Baby Food Pouch 6+ Months | 120g,,1.0,,https://www.coles.com.au/_next/image?url=https%3A%2F%2Fcdn.productimages.coles.com.au%2Fproductimages%2F1%2F1719039.jpg&w=640&q=90
Only Organic Strawberry Yoghurt Rice Cakes 1 Years+ | 60g,,4.5,,https://www.coles.com.au/_next/image?url=https%3A%2F%2Fcdn.productimages.coles.com.au%2Fproductimages%2F8%2F8410403.jpg&w=640&q=90
Bellamy's Organic Apple Baby Snacks | 20g,,3.4,,https://www.coles.com.au/_next/image?url=https%3A%2F%2Fcdn.productimages.coles.com.au%2Fproductimages%2F6%2F6487735.jpg&w=640&q=90
Rafferty's Garden Banana Snack Bars 12+ Months | 128g,,4.5,,https://www.coles.com.au/_next/image?url=https%3A%2F%2Fcdn.productimages.coles.com.au%2Fproductimages%2F7%2F7572239.jpg&w=640&q=90
CUB Nappy Pants Junior Size 6 (15-25kg) | 21 Pack,,10.0,,https://www.coles.com.au/_next/image?url=https%3A%2F%2Fcdn.productimages.coles.com.au%2Fproductimages%2F3%2F3720899.jpg&w=640&q=90
CUB Pumpkin Sweetcorn & Carrot Baby Food Pouch 6+ Months | 120g,,1.0,,https://www.coles.com.au/_next/image?url=https%3A%2F%2Fcdn.productimages.coles.com.au%2Fproductimages%2F1%2F1719174.jpg&w=640&q=90
Raffertys Garden Mango & Vanilla No Added Sugar Yoghurt Brekkie 8 M ... 120g,,1.9,,https://www.coles.com.au/_next/image?url=https%3A%2F%2Fcdn.productimages.coles.com.au%2Fproductimages%2F8%2F8405651.jpg&w=640&q=90
Only Organic Mango Banana Passion Coconut Flexseed With Prebi ... 100g,,2.5,,https://www.coles.com.au/_next/image?url=https%3A%2F%2Fcdn.productimages.coles.com.au%2Fproductimages%2F4%2F4162922.jpg&w=640&q=90
Heinz Strawberry Vanilla Custard Pouch 8+ Months | 120g,,1.6,,https://www.coles.com.au/_next/image?url=https%3A%2F%2Fcdn.productimages.coles.com.au%2Fproductimages%2F2%2F2011121.jpg&w=640&q=90
Ease A Cold Kids Cough Cold & Flu Liquid | 180mL,,20.0,,https://www.coles.com.au/_next/image?url=https%3A%2F%2Fcdn.productimages.coles.com.au%2Fproductimages%2F6%2F6134804.jpg&w=640&q=90
Subo Food Bottle Duck Egg 210ml | 1 each,,35.0,,https://www.coles.com.au/_next/image?url=https%3A%2F%2Fcdn.productimages.coles.com.au%2Fproductimages%2F7%2F7069956.jpg&w=640&q=90
Rascals Premium Nappy Pants Size 4 (10-15kg) | 56 Pack,,31.0,,https://www.coles.com.au/_next/image?url=https%3A%2F%2Fcdn.productimages.coles.com.au%2Fproductimages%2F3%2F3613877.jpg&w=640&q=90
Infacol Wind Drops | 50mL,,20.0,,https://www.coles.com.au/_next/image?url=https%3A%2F%2Fcdn.productimages.coles.com.au%2Fproductimages%2F3%2F3506902.jpg&w=640&q=90
Tommee Tippee Ultralight Soother 0-6m | 2 Pack,,15.0,,https://www.coles.com.au/_next/image?url=https%3A%2F%2Fcdn.productimages.coles.com.au%2Fproductimages%2F1%2F1143987.jpg&w=640&q=90
Kiddylicious Veggie Straws Cheesy Flavour | 12g,,1.75,,https://www.coles.com.au/_next/image?url=https%3A%2F%2Fcdn.productimages.coles.com.au%2Fproductimages%2F3%2F3018884.jpg&w=640&q=90
Only Organic 8 Months+ Blueberry & Strawberry Corn Sticks | 15g,,2.0,,https://www.coles.com.au/_next/image?url=https%3A%2F%2Fcdn.productimages.coles.com.au%2Fproductimages%2F8%2F8409142.jpg&w=640&q=90
Only Organic Banana Mixed Berry Coconut Chia | 100g,,2.5,,https://www.coles.com.au/_next/image?url=https%3A%2F%2Fcdn.productimages.coles.com.au%2Fproductimages%2F3%2F3772473.jpg&w=640&q=90
CUB Apple Pea Broccoli Pear & Spinach Baby Food Pouch 6+ Months | 120g,,1.0,,https://www.coles.com.au/_next/image?url=https%3A%2F%2Fcdn.productimages.coles.com.au%2Fproductimages%2F1%2F1719072.jpg&w=640&q=90
CUB Banana & Strawberry Custard Baby Food Pouch 6+ Months | 120g,,1.0,,https://www.coles.com.au/_next/image?url=https%3A%2F%2Fcdn.productimages.coles.com.au%2Fproductimages%2F1%2F1719855.jpg&w=640&q=90
CUB Baby Cotton Buds | 60 Pack,,2.7,,https://www.coles.com.au/_next/image?url=https%3A%2F%2Fcdn.productimages.coles.com.au%2Fproductimages%2F3%2F3754187.jpg&w=640&q=90
Rascals Premium Nappies Size 6 (15-20kg) | 30 Pack,,17.5,,https://www.coles.com.au/_next/image?url=https%3A%2F%2Fcdn.productimages.coles.com.au%2Fproductimages%2F3%2F3315019.jpg&w=640&q=90
Rafferty's Garden Chicken Vegetables & Rice Baby Food Protein Pouch  ... 120g,,1.9,,https://www.coles.com.au/_next/image?url=https%3A%2F%2Fcdn.productimages.coles.com.au%2Fproductimages%2F3%2F3620249.jpg&w=640&q=90
Huggies Nappy Pants Size 5 Boy Jumbo | 54 Pack,,32.5,,https://www.coles.com.au/_next/image?url=https%3A%2F%2Fcdn.productimages.coles.com.au%2Fproductimages%2F1%2F1055482.jpg&w=640&q=90
CUB Beef Veggies & Brown Rice Baby Food Pouch 6+ Months | 120g,,1.0,,https://www.coles.com.au/_next/image?url=https%3A%2F%2Fcdn.productimages.coles.com.au%2Fproductimages%2F1%2F1719061.jpg&w=640&q=90
Heinz Vanilla Custard Pouch 6+ Months | 120g,,1.6,,https://www.coles.com.au/_next/image?url=https%3A%2F%2Fcdn.productimages.coles.com.au%2Fproductimages%2F3%2F3025063.jpg&w=640&q=90
Little Bellies Organic Sweet Corn Round-a-bouts | 12g,,2.15,,https://www.coles.com.au/_next/image?url=https%3A%2F%2Fcdn.productimages.coles.com.au%2Fproductimages%2F2%2F2367367.jpg&w=640&q=90
Only Organic Snack Bandits Mango & Banana Snack Bars 6x22g | 132g,,5.5,,https://www.coles.com.au/_next/image?url=https%3A%2F%2Fcdn.productimages.coles.com.au%2Fproductimages%2F1%2F1819747.jpg&w=640&q=90
Heinz Banana Custard Pouch 6+ Months | 120g,,1.6,,https://www.coles.com.au/_next/image?url=https%3A%2F%2Fcdn.productimages.coles.com.au%2Fproductimages%2F7%2F7916098.jpg&w=640&q=90
Only Organic Bolognese Pasta 8 + Months | 170g,,2.25,,https://www.coles.com.au/_next/image?url=https%3A%2F%2Fcdn.productimages.coles.com.au%2Fproductimages%2F6%2F6438172.jpg&w=640&q=90
Rafferty's Garden Beef Bolognese & Macaroni Mini Meal Baby Food Pou ... 170g,,2.8,,https://www.coles.com.au/_next/image?url=https%3A%2F%2Fcdn.productimages.coles.com.au%2Fproductimages%2F6%2F6026856.jpg&w=640&q=90
Only Organic Coconut Strawberry & Goji | 100g,,2.5,,https://www.coles.com.au/_next/image?url=https%3A%2F%2Fcdn.productimages.coles.com.au%2Fproductimages%2F3%2F3018556.jpg&w=640&q=90
Only Organic Free Range Chicken Mango & Coconut Rice 10+ Months | 170g,,2.25,,https://www.coles.com.au/_next/image?url=https%3A%2F%2Fcdn.productimages.coles.com.au%2Fproductimages%2F3%2F3288834.jpg&w=640&q=90
Rafferty's Garden Beef & Hearty Vegetable Lasagne Mini Meal Baby Foo ... 170g,,2.8,,https://www.coles.com.au/_next/image?url=https%3A%2F%2Fcdn.productimages.coles.com.au%2Fproductimages%2F7%2F7730624.jpg&w=640&q=90
Kiddylicious Coconut Rolls 8x6.8g | 54.4g,,6.3,,https://www.coles.com.au/_next/image?url=https%3A%2F%2Fcdn.productimages.coles.com.au%2Fproductimages%2F3%2F3018910.jpg&w=640&q=90
CUB Nappy Pants Size 4 Jumbo (10-15kg) | 50 Pack,,17.0,,https://www.coles.com.au/_next/image?url=https%3A%2F%2Fcdn.productimages.coles.com.au%2Fproductimages%2F3%2F3720913.jpg&w=640&q=90
Huggies Nappy Pants Size 6 Boy Jumbo | 48 Pack,,32.5,,https://www.coles.com.au/_next/image?url=https%3A%2F%2Fcdn.productimages.coles.com.au%2Fproductimages%2F1%2F1055507.jpg&w=640&q=90
Little Bellies Organic Blueberry Puffs 7+ Months | 12g,,2.15,,https://www.coles.com.au/_next/image?url=https%3A%2F%2Fcdn.productimages.coles.com.au%2Fproductimages%2F3%2F3501691.jpg&w=640&q=90
Huggies Extra Large Wipes | 70 Pack,,5.5,,https://www.coles.com.au/_next/image?url=https%3A%2F%2Fcdn.productimages.coles.com.au%2Fproductimages%2F8%2F8017970.jpg&w=640&q=90
Rascals Premium Nappy Pants Size 4 (10-15kg) | 29 Pack,,17.5,,https://www.coles.com.au/_next/image?url=https%3A%2F%2Fcdn.productimages.coles.com.au%2Fproductimages%2F3%2F3445943.jpg&w=640&q=90
Huggies Jumbo Nappy Pants Size 5 Girl | 54 Pack,,32.5,,https://www.coles.com.au/_next/image?url=https%3A%2F%2Fcdn.productimages.coles.com.au%2Fproductimages%2F1%2F1055493.jpg&w=640&q=90
CUB Banana & Blueberry Custard Baby Food Pouch 6+ Months | 120g,,1.0,,https://www.coles.com.au/_next/image?url=https%3A%2F%2Fcdn.productimages.coles.com.au%2Fproductimages%2F1%2F1719866.jpg&w=640&q=90
Rafferty's Garden Banana & Mango No Added Sugar Custard 6+ Months | 120g,,1.9,,https://www.coles.com.au/_next/image?url=https%3A%2F%2Fcdn.productimages.coles.com.au%2Fproductimages%2F4%2F4159145.jpg&w=640&q=90
Heinz Beef Bolognese & Vegetables Baby Food Pouch 6+ Months | 120g,,1.6,,https://www.coles.com.au/_next/image?url=https%3A%2F%2Fcdn.productimages.coles.com.au%2Fproductimages%2F6%2F6295574.jpg&w=640&q=90
Huggies Little Sleepers Overnight Nappies Size 4 | 26 Pack,,13.0,,https://www.coles.com.au/_next/image?url=https%3A%2F%2Fcdn.productimages.coles.com.au%2Fproductimages%2F9%2F9263494.jpg&w=640&q=90
Huggies Little Sleepers Overnight Nappy Pants Size 5 | 24 Pack,,13.0,,https://www.coles.com.au/_next/image?url=https%3A%2F%2Fcdn.productimages.coles.com.au%2Fproductimages%2F9%2F9263508.jpg&w=640&q=90
Rascals Premium Nappies Size 2 (4-8kg) | 96 Pack,,31.0,,https://www.coles.com.au/_next/image?url=https%3A%2F%2Fcdn.productimages.coles.com.au%2Fproductimages%2F3%2F3597362.jpg&w=640&q=90
Rascals Premium Nappies Size 5 (13-18kg) | 64 Pack,,31.0,,https://www.coles.com.au/_next/image?url=https%3A%2F%2Fcdn.productimages.coles.com.au%2Fproductimages%2F3%2F3597395.jpg&w=640&q=90
Alula Gold Follow-on Formula 6-12 Months | 900g,,30.0,,https://www.coles.com.au/_next/image?url=https%3A%2F%2Fcdn.productimages.coles.com.au%2Fproductimages%2F3%2F3025722.jpg&w=640&q=90
Alula Original Follow-on Formula 6-12 Months | 900g,,19.0,,https://www.coles.com.au/_next/image?url=https%3A%2F%2Fcdn.productimages.coles.com.au%2Fproductimages%2F3%2F3025835.jpg&w=640&q=90
Tommee Tippee Soother Comfort Clip 0m+ | 1 Pack,,16.0,,https://www.coles.com.au/_next/image?url=https%3A%2F%2Fcdn.productimages.coles.com.au%2Fproductimages%2F1%2F1329952.jpg&w=640&q=90
Gaia Natural Baby Sleeptime Bath | 500mL,,17.0,,https://www.coles.com.au/_next/image?url=https%3A%2F%2Fcdn.productimages.coles.com.au%2Fproductimages%2F1%2F1516188.jpg&w=640&q=90
Kiddylicious Gluten Free Strawberry & Banana Smoothie Melts | 6g,,1.75,,https://www.coles.com.au/_next/image?url=https%3A%2F%2Fcdn.productimages.coles.com.au%2Fproductimages%2F3%2F3292718.jpg&w=640&q=90
Rafferty's Garden Blueberry & Banana No Added Sugar Custard 6+ Months | 120g,,1.9,,https://www.coles.com.au/_next/image?url=https%3A%2F%2Fcdn.productimages.coles.com.au%2Fproductimages%2F5%2F5046632.jpg&w=640&q=90
Only Organic Sweet Potato Lamb & Couscous Baby Food Pouch 10+ Mo ... 170g,,2.25,,https://www.coles.com.au/_next/image?url=https%3A%2F%2Fcdn.productimages.coles.com.au%2Fproductimages%2F3%2F3499771.jpg&w=640&q=90
Bellamy's Organic Farm Animal Pasta Shapes | 150g,,4.9,,https://www.coles.com.au/_next/image?url=https%3A%2F%2Fcdn.productimages.coles.com.au%2Fproductimages%2F8%2F8423019.jpg&w=640&q=90
Only Organic Sweet Potato & Pumpkin Pouch | 120g,,1.8,,https://www.coles.com.au/_next/image?url=https%3A%2F%2Fcdn.productimages.coles.com.au%2Fproductimages%2F8%2F8423369.jpg&w=640&q=90
Palmolive Bluey Kids 3in1 Shampoo- Conditioner & Bodywash | 350mL,,7.0,,https://www.coles.com.au/_next/image?url=https%3A%2F%2Fcdn.productimages.coles.com.au%2Fproductimages%2F6%2F6320558.jpg&w=640&q=90
Heinz Pumpkin Potato & Beef Baby Food Pouch 6+ Months | 120g,,1.6,,https://www.coles.com.au/_next/image?url=https%3A%2F%2Fcdn.productimages.coles.com.au%2Fproductimages%2F6%2F6295520.jpg&w=640&q=90
Huggies Little Sleepers Nappy Pants Size 6 | 20 Pack,,13.0,,https://www.coles.com.au/_next/image?url=https%3A%2F%2Fcdn.productimages.coles.com.au%2Fproductimages%2F9%2F9263519.jpg&w=640&q=90
Little Bellies Organic Pumpkin And Carrot Soft Corn 10+ Months | 8g,,2.15,,https://www.coles.com.au/_next/image?url=https%3A%2F%2Fcdn.productimages.coles.com.au%2Fproductimages%2F4%2F4163390.jpg&w=640&q=90
Only Organic Free Range Chicken Bolognese 10+ Months | 170g,,2.25,,https://www.coles.com.au/_next/image?url=https%3A%2F%2Fcdn.productimages.coles.com.au%2Fproductimages%2F3%2F3288812.jpg&w=640&q=90
DryNites Night Time Pants For Girls 8-15 Years (27-57kg) | 8 Pack,,12.0,,https://www.coles.com.au/_next/image?url=https%3A%2F%2Fcdn.productimages.coles.com.au%2Fproductimages%2F5%2F5064146.jpg&w=640&q=90
CUB Baby Oil | 500mL,,3.3,,https://www.coles.com.au/_next/image?url=https%3A%2F%2Fcdn.productimages.coles.com.au%2Fproductimages%2F3%2F3506833.jpg&w=640&q=90
Rascals Premium Nappies Size 7 (17+kg) | 26 Pack,,17.5,,https://www.coles.com.au/_next/image?url=https%3A%2F%2Fcdn.productimages.coles.com.au%2Fproductimages%2F6%2F6399707.jpg&w=640&q=90
CUB Banana Choc Custard Baby Food Pouch 6+ Months | 120g,,1.0,,https://www.coles.com.au/_next/image?url=https%3A%2F%2Fcdn.productimages.coles.com.au%2Fproductimages%2F1%2F1719877.jpg&w=640&q=90
Huggies Jumbo Nappy Pants Size 6 Girl | 48 Pack,,32.5,,https://www.coles.com.au/_next/image?url=https%3A%2F%2Fcdn.productimages.coles.com.au%2Fproductimages%2F1%2F1055518.jpg&w=640&q=90
Little Bellies Organic Pear & Vanilla Paws 10 Months+ | 12g,,2.15,,https://www.coles.com.au/_next/image?url=https%3A%2F%2Fcdn.productimages.coles.com.au%2Fproductimages%2F5%2F5025552.jpg&w=640&q=90
Bellamy's Organic Porridge Baby Cereal | 125g,,3.95,,https://www.coles.com.au/_next/image?url=https%3A%2F%2Fcdn.productimages.coles.com.au%2Fproductimages%2F6%2F6038006.jpg&w=640&q=90
Curash Fragrance Free Senstive Skin Baby Wipes | 80 Pack,,3.85,,https://www.coles.com.au/_next/image?url=https%3A%2F%2Fcdn.productimages.coles.com.au%2Fproductimages%2F5%2F5243145.jpg&w=640&q=90
Tooshies Water Baby Wipes | 70 Pack,,5.5,,https://www.coles.com.au/_next/image?url=https%3A%2F%2Fcdn.productimages.coles.com.au%2Fproductimages%2F5%2F5239680.jpg&w=640&q=90
Huggies Skin Protect Nappy Pants Size 5 | 48 Pack,,35.0,,https://www.coles.com.au/_next/image?url=https%3A%2F%2Fcdn.productimages.coles.com.au%2Fproductimages%2F9%2F9263315.jpg&w=640&q=90
Heinz Apple & Oatmeal Puree Baby Food Jar 6+ Months | 170g,,1.6,,https://www.coles.com.au/_next/image?url=https%3A%2F%2Fcdn.productimages.coles.com.au%2Fproductimages%2F8%2F8771988.jpg&w=640&q=90
Only Organic Kindy 1-5 Years Vegetable Macaroni & Cheese Pasta Express | 220g,,3.45,,https://www.coles.com.au/_next/image?url=https%3A%2F%2Fcdn.productimages.coles.com.au%2Fproductimages%2F2%2F2134347.jpg&w=640&q=90
Only Organic Vegetable & Chicken Risotto | 220g,,3.45,,https://www.coles.com.au/_next/image?url=https%3A%2F%2Fcdn.productimages.coles.com.au%2Fproductimages%2F2%2F2134369.jpg&w=640&q=90
Baby Mum-Mum Baby Melts | 80g,,2.85,,https://www.coles.com.au/_next/image?url=https%3A%2F%2Fcdn.productimages.coles.com.au%2Fproductimages%2F6%2F6252469.jpg&w=640&q=90
Bellamy's Organic Apple & Cinnamon Baby Porridge Cereal Pouch 6+ Mo ... 125g,,3.95,,https://www.coles.com.au/_next/image?url=https%3A%2F%2Fcdn.productimages.coles.com.au%2Fproductimages%2F6%2F6448799.jpg&w=640&q=90
CUB Super Soft Nursing Pads | 40 Pack,,6.0,,https://www.coles.com.au/_next/image?url=https%3A%2F%2Fcdn.productimages.coles.com.au%2Fproductimages%2F6%2F6336296.jpg&w=640&q=90
Tommee Tippee Baby Healthcare Kit | 1 each,,31.0,,https://www.coles.com.au/_next/image?url=https%3A%2F%2Fcdn.productimages.coles.com.au%2Fproductimages%2F7%2F7105404.jpg&w=640&q=90
Tommee Tippee Ultralight Night Soother 6-18m | 2 Pack,,15.0,,https://www.coles.com.au/_next/image?url=https%3A%2F%2Fcdn.productimages.coles.com.au%2Fproductimages%2F1%2F1144028.jpg&w=640&q=90
Little Eyes Cleansing Wipes | 30 Pack,,19.15,,https://www.coles.com.au/_next/image?url=https%3A%2F%2Fcdn.productimages.coles.com.au%2Fproductimages%2F7%2F7105506.jpg&w=640&q=90
Heinz Pear Apple & Kiwifruit Baby Food Pouch 6+ Months | 120g,,1.6,,https://www.coles.com.au/_next/image?url=https%3A%2F%2Fcdn.productimages.coles.com.au%2Fproductimages%2F6%2F6295563.jpg&w=640&q=90
Heinz Lamb Vegetables & Polenta Baby Food Pouch 6+ Months | 120g,,1.6,,https://www.coles.com.au/_next/image?url=https%3A%2F%2Fcdn.productimages.coles.com.au%2Fproductimages%2F6%2F6295585.jpg&w=640&q=90
Heinz Little Kids Banana Mango Muesli With Greek Style Yoghurt | 150g,,1.6,,https://www.coles.com.au/_next/image?url=https%3A%2F%2Fcdn.productimages.coles.com.au%2Fproductimages%2F1%2F1848155.jpg&w=640&q=90
Jack N' Jill Toothpaste Apple & Watermelon | 50g,,6.0,,https://www.coles.com.au/_next/image?url=https%3A%2F%2Fcdn.productimages.coles.com.au%2Fproductimages%2F1%2F1608468.jpg&w=640&q=90
Johnson's Baby Powder Soothing Aloe & Vitamin E | 200g,,6.0,,https://www.coles.com.au/_next/image?url=https%3A%2F%2Fcdn.productimages.coles.com.au%2Fproductimages%2F7%2F7436514.jpg&w=640&q=90
CUB Nappy Pants Walker Size 5 (13-18kg) | 23 Pack,,10.0,,https://www.coles.com.au/_next/image?url=https%3A%2F%2Fcdn.productimages.coles.com.au%2Fproductimages%2F3%2F3720877.jpg&w=640&q=90
Rafferty's Garden Coconut Berry Little Smoothie Pouch 1-3 Years | 120g,,2.0,,https://www.coles.com.au/_next/image?url=https%3A%2F%2Fcdn.productimages.coles.com.au%2Fproductimages%2F6%2F6295687.jpg&w=640&q=90
Ecostore Baby Body Wash & Shampoo | 535 mL,,17.0,,https://www.coles.com.au/_next/image?url=https%3A%2F%2Fcdn.productimages.coles.com.au%2Fproductimages%2F1%2F1282429.jpg&w=640&q=90
Little Bellies Organic Berry Yoghurt Pick Up Sticks 10+ Months | 16g,,3.5,,https://www.coles.com.au/_next/image?url=https%3A%2F%2Fcdn.productimages.coles.com.au%2Fproductimages%2F6%2F6293659.jpg&w=640&q=90
Koja Minis Super Bickies Lamington | 120g,,6.5,,https://www.coles.com.au/_next/image?url=https%3A%2F%2Fcdn.productimages.coles.com.au%2Fproductimages%2F1%2F1819780.jpg&w=640&q=90
Huggies Skin Protect Nappy Pants Size 6 | 42 Pack,,35.0,,https://www.coles.com.au/_next/image?url=https%3A%2F%2Fcdn.productimages.coles.com.au%2Fproductimages%2F9%2F9263326.jpg&w=640&q=90
Tena Plus Night Pants Size L | 12 Pack,,25.0,,https://www.coles.com.au/_next/image?url=https%3A%2F%2Fcdn.productimages.coles.com.au%2Fproductimages%2F3%2F3035930.jpg&w=640&q=90
Huggies Jumbo Nappy Pants Size 4 Girl | 62 Pack,,32.5,,https://www.coles.com.au/_next/image?url=https%3A%2F%2Fcdn.productimages.coles.com.au%2Fproductimages%2F1%2F1055471.jpg&w=640&q=90
Farex Apple & Oatmeal Baby Food Pouch 6+ Months | 120g,,1.6,,https://www.coles.com.au/_next/image?url=https%3A%2F%2Fcdn.productimages.coles.com.au%2Fproductimages%2F8%2F8996875.jpg&w=640&q=90
Rascals Nappy Training Pants Size 8 | 20 Pack,,17.5,,https://www.coles.com.au/_next/image?url=https%3A%2F%2Fcdn.productimages.coles.com.au%2Fproductimages%2F1%2F1750899.jpg&w=640&q=90
Only Organic Apple- Banana & Mango 6+ Months Pouch | 120g,,1.8,,https://www.coles.com.au/_next/image?url=https%3A%2F%2Fcdn.productimages.coles.com.au%2Fproductimages%2F6%2F6295290.jpg&w=640&q=90
Koja Minis Super Bickies Apple Cinnamon | 120g,,6.5,,https://www.coles.com.au/_next/image?url=https%3A%2F%2Fcdn.productimages.coles.com.au%2Fproductimages%2F1%2F1819791.jpg&w=640&q=90
Huggies Nappy Pants Size 4 Boy Jumbo 62 Pack | 62 Pack,,32.5,,https://www.coles.com.au/_next/image?url=https%3A%2F%2Fcdn.productimages.coles.com.au%2Fproductimages%2F1%2F1055460.jpg&w=640&q=90
Little Bellies Organic Mango Yoghurt Pick Up Sticks 10+ Months | 16g,,3.5,,https://www.coles.com.au/_next/image?url=https%3A%2F%2Fcdn.productimages.coles.com.au%2Fproductimages%2F6%2F6293648.jpg&w=640&q=90
Rascals Premium Nappies Size 6 (15-20kg) | 60 Pack,,31.0,,https://www.coles.com.au/_next/image?url=https%3A%2F%2Fcdn.productimages.coles.com.au%2Fproductimages%2F8%2F8017620.jpg&w=640&q=90
Nestle Nan Supremepro 1 Premium Infant Formula For Newborns Suita ... 800g,,38.0,,https://www.coles.com.au/_next/image?url=https%3A%2F%2Fcdn.productimages.coles.com.au%2Fproductimages%2F1%2F1819838.jpg&w=640&q=90
Kiddylicious Wafers Blueberry 4x4g | 16g,,3.2,,https://www.coles.com.au/_next/image?url=https%3A%2F%2Fcdn.productimages.coles.com.au%2Fproductimages%2F3%2F3998013.jpg&w=640&q=90
CUB Nappies Unisex Newborn Size 1 (up To 5kg) | 30 Pack,,5.35,,https://www.coles.com.au/_next/image?url=https%3A%2F%2Fcdn.productimages.coles.com.au%2Fproductimages%2F3%2F3720753.jpg&w=640&q=90
Huggies Skin Protect Nappy Pants Size 4 | 58 Pack,,35.0,,https://www.coles.com.au/_next/image?url=https%3A%2F%2Fcdn.productimages.coles.com.au%2Fproductimages%2F9%2F9263304.jpg&w=640&q=90
Only Organic Pear & Mango Baby Food Pouch 4+ Months | 120g,,1.8,,https://www.coles.com.au/_next/image?url=https%3A%2F%2Fcdn.productimages.coles.com.au%2Fproductimages%2F5%2F5033663.jpg&w=640&q=90
Heinz Golden Sweetcorn & Chicken Baby Food Pouch 6+ Months | 120g,,1.6,,https://www.coles.com.au/_next/image?url=https%3A%2F%2Fcdn.productimages.coles.com.au%2Fproductimages%2F6%2F6295541.jpg&w=640&q=90
ICD Nappy Sacks | 400 Pack,,7.5,,https://www.coles.com.au/_next/image?url=https%3A%2F%2Fcdn.productimages.coles.com.au%2Fproductimages%2F8%2F8578671.jpg&w=640&q=90
Nestle Nan Supremepro 2 Premium Follow-on Infant Formula 6-12 Months | 800g,,38.0,,https://www.coles.com.au/_next/image?url=https%3A%2F%2Fcdn.productimages.coles.com.au%2Fproductimages%2F1%2F1819849.jpg&w=640&q=90
Johnson's Bedtime Gentle Calming Jasmine & Lily Scented Tear-free  ... 500mL,,6.6,,https://www.coles.com.au/_next/image?url=https%3A%2F%2Fcdn.productimages.coles.com.au%2Fproductimages%2F9%2F9152595.jpg&w=640&q=90
Rascals Premium Sensitive Wipes Plastic Free Cloth | 400 Pack,,16.0,,https://www.coles.com.au/_next/image?url=https%3A%2F%2Fcdn.productimages.coles.com.au%2Fproductimages%2F7%2F7060769.jpg&w=640&q=90
Kiddylicious Banana Fruity Puffs 7+ Months | 10g,,1.75,,https://www.coles.com.au/_next/image?url=https%3A%2F%2Fcdn.productimages.coles.com.au%2Fproductimages%2F2%2F2365146.jpg&w=640&q=90
Cub Night Time Bubble Bath | 500mL,,5.5,,https://www.coles.com.au/_next/image?url=https%3A%2F%2Fcdn.productimages.coles.com.au%2Fproductimages%2F8%2F8391433.jpg&w=640&q=90
DryNites Disposable Bed Mats | 7 Pack,,11.0,,https://www.coles.com.au/_next/image?url=https%3A%2F%2Fcdn.productimages.coles.com.au%2Fproductimages%2F9%2F9859814.jpg&w=640&q=90
Depend Real Fit Incontinence Underwear Regular Women M ... 8 Pack,,12.2,,https://www.coles.com.au/_next/image?url=https%3A%2F%2Fcdn.productimages.coles.com.au%2Fproductimages%2F2%2F2065878.jpg&w=640&q=90
Curash Simply Water Sensitive Skin Baby Wipes | 80 Pack,,4.2,,https://www.coles.com.au/_next/image?url=https%3A%2F%2Fcdn.productimages.coles.com.au%2Fproductimages%2F3%2F3779224.jpg&w=640&q=90
Little Bellies Blueberry & Apple Yoghurt Melts 8 Pack | 20g,,6.5,,https://www.coles.com.au/_next/image?url=https%3A%2F%2Fcdn.productimages.coles.com.au%2Fproductimages%2F1%2F1707743.jpg&w=640&q=90
Sudocrem Healing Cream | 30g,,9.0,,https://www.coles.com.au/_next/image?url=https%3A%2F%2Fcdn.productimages.coles.com.au%2Fproductimages%2F1%2F1223419.jpg&w=640&q=90
Rascals Premium Nappies Size 7 (17+kg) | 54 Pack,,31.0,,https://www.coles.com.au/_next/image?url=https%3A%2F%2Fcdn.productimages.coles.com.au%2Fproductimages%2F8%2F8017506.jpg&w=640&q=90
Farex Creamy Baby Porridge With Apple Juice Baby Food Pouch 6+  ... 120g,,1.6,,https://www.coles.com.au/_next/image?url=https%3A%2F%2Fcdn.productimages.coles.com.au%2Fproductimages%2F8%2F8997018.jpg&w=640&q=90
Rafferty's Garden Coconut Cacao Little Smoothie Pouch 1-3 Years | 120g,,2.0,,https://www.coles.com.au/_next/image?url=https%3A%2F%2Fcdn.productimages.coles.com.au%2Fproductimages%2F6%2F6295698.jpg&w=640&q=90
Kiddylicious Strawberry Frutiy Puffs | 4 Pack,,7.8,,https://www.coles.com.au/_next/image?url=https%3A%2F%2Fcdn.productimages.coles.com.au%2Fproductimages%2F5%2F5045979.jpg&w=640&q=90
Bunjie Travel Baby Wipes | 20 Pack,,3.0,,https://www.coles.com.au/_next/image?url=https%3A%2F%2Fcdn.productimages.coles.com.au%2Fproductimages%2F1%2F1848950.jpg&w=640&q=90
Mimi Kids Hair Wash | 400mL,,15.0,,https://www.coles.com.au/_next/image?url=https%3A%2F%2Fcdn.productimages.coles.com.au%2Fproductimages%2F1%2F1710034.jpg&w=640&q=90
Huggies Thick Baby Wipes Fragrance Free | 640 Pack,,22.9,,https://www.coles.com.au/_next/image?url=https%3A%2F%2Fcdn.productimages.coles.com.au%2Fproductimages%2F6%2F6383150.jpg&w=640&q=90
CUB Nappies Unisex Infant Size 2 (4-8kg) | 56 Pack,,11.5,,https://www.coles.com.au/_next/image?url=https%3A%2F%2Fcdn.productimages.coles.com.au%2Fproductimages%2F3%2F3720764.jpg&w=640&q=90
DryNites Night Time Pants For Girls 2-4 Years (13-20kg) | 10 Pack,,12.0,,https://www.coles.com.au/_next/image?url=https%3A%2F%2Fcdn.productimages.coles.com.au%2Fproductimages%2F5%2F5062934.jpg&w=640&q=90
Rascals Premium Sensitive Wipes Plastic Free Cloth 3x80 Multi-pack | 240 Pack,,12.0,,https://www.coles.com.au/_next/image?url=https%3A%2F%2Fcdn.productimages.coles.com.au%2Fproductimages%2F7%2F7060725.jpg&w=640&q=90
Rascals Premium Sensitive Wipes Plastic Free Cloth | 640 Pack,,23.5,,https://www.coles.com.au/_next/image?url=https%3A%2F%2Fcdn.productimages.coles.com.au%2Fproductimages%2F8%2F8017812.jpg&w=640&q=90
Rafferty's Garden Little Smoothie Coconut Mango & Passionfruit Nas 1-5y | 120g,,2.0,,https://www.coles.com.au/_next/image?url=https%3A%2F%2Fcdn.productimages.coles.com.au%2Fproductimages%2F1%2F1115358.jpg&w=640&q=90
Bellamy's Organic Cereal Vanilla Rice Custard | 125g,,3.95,,https://www.coles.com.au/_next/image?url=https%3A%2F%2Fcdn.productimages.coles.com.au%2Fproductimages%2F2%2F2131553.jpg&w=640&q=90
Marquise Baby Dry Wipes | 70 Pack,,5.5,,https://www.coles.com.au/_next/image?url=https%3A%2F%2Fcdn.productimages.coles.com.au%2Fproductimages%2F1%2F1838865.jpg&w=640&q=90
Huggies Little Sleepers Nappies Size 3: 36 Pack | 36 Pack,,13.0,,https://www.coles.com.au/_next/image?url=https%3A%2F%2Fcdn.productimages.coles.com.au%2Fproductimages%2F9%2F9263483.jpg&w=640&q=90
Bellamy's Organic Infant Formula Step 1 | 800g,,33.0,,https://www.coles.com.au/_next/image?url=https%3A%2F%2Fcdn.productimages.coles.com.au%2Fproductimages%2F9%2F9960410.jpg&w=640&q=90
Tooshies Biodegrable Nappy Bags | 40 Pack,,6.0,,https://www.coles.com.au/_next/image?url=https%3A%2F%2Fcdn.productimages.coles.com.au%2Fproductimages%2F5%2F5239669.jpg&w=640&q=90
Rascals Premium Swim Pants Large (13-18kg) | 12 Pack,,15.0,,https://www.coles.com.au/_next/image?url=https%3A%2F%2Fcdn.productimages.coles.com.au%2Fproductimages%2F8%2F8017787.jpg&w=640&q=90
Huggies Little Swimmers Swim Nappies Large (14+kg) | 10 Pack,,17.0,,https://www.coles.com.au/_next/image?url=https%3A%2F%2Fcdn.productimages.coles.com.au%2Fproductimages%2F8%2F8383413.jpg&w=640&q=90
Babylove Cosifit Nappies Size 3 (6-11kg) | 72 Pack,,30.0,,https://www.coles.com.au/_next/image?url=https%3A%2F%2Fcdn.productimages.coles.com.au%2Fproductimages%2F4%2F4165137.jpg&w=640&q=90
Heinz Pumpkin & Corn Baby Food Pouch 4+ Months | 120g,,1.6,,https://www.coles.com.au/_next/image?url=https%3A%2F%2Fcdn.productimages.coles.com.au%2Fproductimages%2F6%2F6295552.jpg&w=640&q=90
Rafferty's Garden Smart Start Banana Blueberry & Spinach 12m+ | 120g,,2.0,,https://www.coles.com.au/_next/image?url=https%3A%2F%2Fcdn.productimages.coles.com.au%2Fproductimages%2F1%2F1115325.jpg&w=640&q=90
Coles Assure Pants For Women Large | 8 Pack,,9.3,,https://www.coles.com.au/_next/image?url=https%3A%2F%2Fcdn.productimages.coles.com.au%2Fproductimages%2F3%2F3534216.jpg&w=640&q=90
Rascals 99% Water Premium Wipes | 216 Pack,,12.0,,https://www.coles.com.au/_next/image?url=https%3A%2F%2Fcdn.productimages.coles.com.au%2Fproductimages%2F8%2F8017823.jpg&w=640&q=90
Depend Real Fit Incontinence Underwear Regular Women Ex ... 8 Pack,,12.2,,https://www.coles.com.au/_next/image?url=https%3A%2F%2Fcdn.productimages.coles.com.au%2Fproductimages%2F1%2F1721471.jpg&w=640&q=90
Bellamy's Organic Toddler Milk Drink Step 3 | 800g,,36.3,,https://www.coles.com.au/_next/image?url=https%3A%2F%2Fcdn.productimages.coles.com.au%2Fproductimages%2F9%2F9960487.jpg&w=640&q=90
Aptamil Profutura Stage 1 | 800g,,40.0,,https://www.coles.com.au/_next/image?url=https%3A%2F%2Fcdn.productimages.coles.com.au%2Fproductimages%2F1%2F1828941.jpg&w=640&q=90
Sudocrem Healing Cream Tub | 400g,,38.6,,https://www.coles.com.au/_next/image?url=https%3A%2F%2Fcdn.productimages.coles.com.au%2Fproductimages%2F3%2F3594160.jpg&w=640&q=90
Little Bellies Organic Sweet Cinnamon Softcorn | 32g,,6.0,,https://www.coles.com.au/_next/image?url=https%3A%2F%2Fcdn.productimages.coles.com.au%2Fproductimages%2F8%2F8420509.jpg&w=640&q=90
Aptamil Profutura Stage 2 | 800g,,40.0,,https://www.coles.com.au/_next/image?url=https%3A%2F%2Fcdn.productimages.coles.com.au%2Fproductimages%2F1%2F1828974.jpg&w=640&q=90
Little Bellies Organic Carrot & Cinnamon Paws 10+ Months | 12g,,2.15,,https://www.coles.com.au/_next/image?url=https%3A%2F%2Fcdn.productimages.coles.com.au%2Fproductimages%2F6%2F6293660.jpg&w=640&q=90
Coles Assure Pants For Women Medium | 8 Pack,,9.3,,https://www.coles.com.au/_next/image?url=https%3A%2F%2Fcdn.productimages.coles.com.au%2Fproductimages%2F3%2F3534180.jpg&w=640&q=90
Fess Little Noses Spray | 15mL,,12.85,,https://www.coles.com.au/_next/image?url=https%3A%2F%2Fcdn.productimages.coles.com.au%2Fproductimages%2F7%2F7105459.jpg&w=640&q=90
Tena Discreet Super Creme Incontinence Pants Large | 8 Pack,,19.8,,https://www.coles.com.au/_next/image?url=https%3A%2F%2Fcdn.productimages.coles.com.au%2Fproductimages%2F3%2F3512155.jpg&w=640&q=90
Rascals Premium Nappy Pants Size 7 (17kg+) | 42 Pack,,31.0,,https://www.coles.com.au/_next/image?url=https%3A%2F%2Fcdn.productimages.coles.com.au%2Fproductimages%2F8%2F8017798.jpg&w=640&q=90
Aptamil Allerpro Syneo Baby Formula Stage 2 | 900g,,44.0,,https://www.coles.com.au/_next/image?url=https%3A%2F%2Fcdn.productimages.coles.com.au%2Fproductimages%2F6%2F6187301.jpg&w=640&q=90
Only Organic Banana & Apple Pouch 4+ Months | 120g,,1.8,,https://www.coles.com.au/_next/image?url=https%3A%2F%2Fcdn.productimages.coles.com.au%2Fproductimages%2F6%2F6295304.jpg&w=640&q=90
B.Box Sippy Cup Replacement Straw Set | 1 Each,,10.0,,https://www.coles.com.au/_next/image?url=https%3A%2F%2Fcdn.productimages.coles.com.au%2Fproductimages%2F3%2F3841565.jpg&w=640&q=90
Aptamil Gold+ 1 Infant Formula Powder Sachet From Birth To 6 M ... 5 Pack,,4.0,,https://www.coles.com.au/_next/image?url=https%3A%2F%2Fcdn.productimages.coles.com.au%2Fproductimages%2F7%2F7684684.jpg&w=640&q=90
Little Bellies Organic Raspberry & Apple Nibblers | 20g,,5.0,,https://www.coles.com.au/_next/image?url=https%3A%2F%2Fcdn.productimages.coles.com.au%2Fproductimages%2F1%2F1819328.jpg&w=640&q=90
Tena Discreet Creme Super Incontinence Pants Medium | 9 Pack,,19.8,,https://www.coles.com.au/_next/image?url=https%3A%2F%2Fcdn.productimages.coles.com.au%2Fproductimages%2F3%2F3512100.jpg&w=640&q=90
Nestle Nan Supremepro 3 Toddler Milk Drink From 1 Year | 800g,,23.1,,https://www.coles.com.au/_next/image?url=https%3A%2F%2Fcdn.productimages.coles.com.au%2Fproductimages%2F4%2F4161840.jpg&w=640&q=90
Jordan Baby Toothbrush 0-2 Years | 1 each,,2.75,,https://www.coles.com.au/_next/image?url=https%3A%2F%2Fcdn.productimages.coles.com.au%2Fproductimages%2F6%2F6607600.jpg&w=640&q=90
CUB Baby Wash Head To Toe | 500mL,,5.0,,https://www.coles.com.au/_next/image?url=https%3A%2F%2Fcdn.productimages.coles.com.au%2Fproductimages%2F3%2F3506855.jpg&w=640&q=90
Tooshies Disposable Change Mats | 10 Pack,,8.5,,https://www.coles.com.au/_next/image?url=https%3A%2F%2Fcdn.productimages.coles.com.au%2Fproductimages%2F1%2F1282509.jpg&w=640&q=90
Tommee Tippee Night Time Baby Dummy 2 Pack 18-36m | 2 Pack,,12.0,,https://www.coles.com.au/_next/image?url=https%3A%2F%2Fcdn.productimages.coles.com.au%2Fproductimages%2F3%2F3478942.jpg&w=640&q=90
Depend Real Fit Night Defence Incontinence Underwear Wome ... 8 Pack,,12.4,,https://www.coles.com.au/_next/image?url=https%3A%2F%2Fcdn.productimages.coles.com.au%2Fproductimages%2F4%2F4186104.jpg&w=640&q=90
a2 Platinum Premium Follow-on Formula Stage 2 | 900g,,43.0,,https://www.coles.com.au/_next/image?url=https%3A%2F%2Fcdn.productimages.coles.com.au%2Fproductimages%2F5%2F5488186.jpg&w=640&q=90
Little Bellies Organic Cheddar Cheese Softcorn | 30g,,5.0,,https://www.coles.com.au/_next/image?url=https%3A%2F%2Fcdn.productimages.coles.com.au%2Fproductimages%2F1%2F1819394.jpg&w=640&q=90
Rascals Premium Sensitive Wipes Plastic Free Cloth Refillable Tub | 80 Pack,,5.0,,https://www.coles.com.au/_next/image?url=https%3A%2F%2Fcdn.productimages.coles.com.au%2Fproductimages%2F7%2F7085362.jpg&w=640&q=90
CUB 2 In 1 Bottle & Teat Brush With Silicone Base | 1 each,,8.0,,https://www.coles.com.au/_next/image?url=https%3A%2F%2Fcdn.productimages.coles.com.au%2Fproductimages%2F4%2F4145934.jpg&w=640&q=90
Huggies Ultra Dry Nappy Pants Boy Size 7 17kg | 22 Pack,,22.0,,https://www.coles.com.au/_next/image?url=https%3A%2F%2Fcdn.productimages.coles.com.au%2Fproductimages%2F1%2F1747384.jpg&w=640&q=90
Coles Assure Incontinence Pads Regular | 14 Pack,,2.85,,https://www.coles.com.au/_next/image?url=https%3A%2F%2Fcdn.productimages.coles.com.au%2Fproductimages%2F6%2F6199606.jpg&w=640&q=90
Kiddylicious Straws Salt & Vinegar 4x12g | 48g,,7.8,,https://www.coles.com.au/_next/image?url=https%3A%2F%2Fcdn.productimages.coles.com.au%2Fproductimages%2F1%2F1854533.jpg&w=640&q=90
Coles Pregnancy Midstream Test | 3 Pack,,10.0,,https://www.coles.com.au/_next/image?url=https%3A%2F%2Fcdn.productimages.coles.com.au%2Fproductimages%2F3%2F3111427.jpg&w=640&q=90
Huggies Ultra Dry Nappy Pants Girl Size 7 17kg | 22 Pack,,22.0,,https://www.coles.com.au/_next/image?url=https%3A%2F%2Fcdn.productimages.coles.com.au%2Fproductimages%2F1%2F1747409.jpg&w=640&q=90
Tooshies Eco Nappies Size 3 Crawler | 44 Pack,,26.0,,https://www.coles.com.au/_next/image?url=https%3A%2F%2Fcdn.productimages.coles.com.au%2Fproductimages%2F3%2F3746983.jpg&w=640&q=90
Only Organic Snack Bandits Banana Vanilla & Yoghurt Smoothie 3+ Years | 120g,,2.85,,https://www.coles.com.au/_next/image?url=https%3A%2F%2Fcdn.productimages.coles.com.au%2Fproductimages%2F1%2F1819725.jpg&w=640&q=90
Johnson's 3-in-1 Hypoallergenic Gentle Tear-free Conditioning  ... 500mL,,7.5,,https://www.coles.com.au/_next/image?url=https%3A%2F%2Fcdn.productimages.coles.com.au%2Fproductimages%2F8%2F8593176.jpg&w=640&q=90
Aptamil Gold+ Reflux Baby Infant Formula Regurgitation Or Mil ... 900g,,34.0,,https://www.coles.com.au/_next/image?url=https%3A%2F%2Fcdn.productimages.coles.com.au%2Fproductimages%2F3%2F3773498.jpg&w=640&q=90
Aptamil Profutura Toddler Formula From 1 Year | 900g,,47.3,,https://www.coles.com.au/_next/image?url=https%3A%2F%2Fcdn.productimages.coles.com.au%2Fproductimages%2F4%2F4150093.jpg&w=640&q=90
Rafferty's Garden Puffs Plus Strawberry Smiley Puffs 10m+ | 30g,,4.0,,https://www.coles.com.au/_next/image?url=https%3A%2F%2Fcdn.productimages.coles.com.au%2Fproductimages%2F1%2F1115369.jpg&w=640&q=90
QV 2 In 1 Shampoo And Conditioner | 250g,,16.5,,https://www.coles.com.au/_next/image?url=https%3A%2F%2Fcdn.productimages.coles.com.au%2Fproductimages%2F1%2F1077532.jpg&w=640&q=90
Only Organic Snack Bandits Blackberry Pear & Coconut Smoothie | 120g,,2.85,,https://www.coles.com.au/_next/image?url=https%3A%2F%2Fcdn.productimages.coles.com.au%2Fproductimages%2F1%2F1114923.jpg&w=640&q=90
Kiddylicious Banana Fruty Puffs 4 Pack | 40g,,7.8,,https://www.coles.com.au/_next/image?url=https%3A%2F%2Fcdn.productimages.coles.com.au%2Fproductimages%2F5%2F5045924.jpg&w=640&q=90
Tommee Tippee Baby Cherry Latex Dummy 2 Pack 18-36m | 2 Pack,,9.0,,https://www.coles.com.au/_next/image?url=https%3A%2F%2Fcdn.productimages.coles.com.au%2Fproductimages%2F5%2F5331082.jpg&w=640&q=90
Depend Real Fit Incontinence Underwear Regular Women La ... 8 Pack,,12.2,,https://www.coles.com.au/_next/image?url=https%3A%2F%2Fcdn.productimages.coles.com.au%2Fproductimages%2F2%2F2065867.jpg&w=640&q=90
QV Baby Barrier Cream | 125g,,14.5,,https://www.coles.com.au/_next/image?url=https%3A%2F%2Fcdn.productimages.coles.com.au%2Fproductimages%2F7%2F7062946.jpg&w=640&q=90
Tooshies Eco Nappies Size 2 Infant | 48 Pack,,26.0,,https://www.coles.com.au/_next/image?url=https%3A%2F%2Fcdn.productimages.coles.com.au%2Fproductimages%2F3%2F3746961.jpg&w=640&q=90
Tooshies Eco Nappies Size 4 Toddler | 36 Pack,,26.0,,https://www.coles.com.au/_next/image?url=https%3A%2F%2Fcdn.productimages.coles.com.au%2Fproductimages%2F3%2F3747013.jpg&w=640&q=90
Only Organic Stage 1 Carrot & Sweetcorn | 120g,,1.8,,https://www.coles.com.au/_next/image?url=https%3A%2F%2Fcdn.productimages.coles.com.au%2Fproductimages%2F1%2F1854442.jpg&w=640&q=90
Aptamil Gold+ 2 Baby Formula Powder Sachets From 6 To 12 Mont ... 4 Pack,,4.0,,https://www.coles.com.au/_next/image?url=https%3A%2F%2Fcdn.productimages.coles.com.au%2Fproductimages%2F7%2F7684662.jpg&w=640&q=90
CUB 100% Pure Cotton Ripple | 100g,,2.2,,https://www.coles.com.au/_next/image?url=https%3A%2F%2Fcdn.productimages.coles.com.au%2Fproductimages%2F3%2F3754198.jpg&w=640&q=90
Huggies Clean And GO Mini Wipes 8 Pack | 1 Each,,2.28,,https://www.coles.com.au/_next/image?url=https%3A%2F%2Fcdn.productimages.coles.com.au%2Fproductimages%2F1%2F1838774.jpg&w=640&q=90
Nan Expertpro Formula Lactose Intolerence | 400g,,16.4,,https://www.coles.com.au/_next/image?url=https%3A%2F%2Fcdn.productimages.coles.com.au%2Fproductimages%2F6%2F6179551.jpg&w=640&q=90
Only Organic Snack Bandits Mango Goji & Yoghurt Smoothie 3+ Years | 120g,,2.85,,https://www.coles.com.au/_next/image?url=https%3A%2F%2Fcdn.productimages.coles.com.au%2Fproductimages%2F1%2F1819703.jpg&w=640&q=90
Little Bellies Organic Blueberry & Banana Nibblers | 20g,,5.0,,https://www.coles.com.au/_next/image?url=https%3A%2F%2Fcdn.productimages.coles.com.au%2Fproductimages%2F1%2F1846706.jpg&w=640&q=90
Palmolive Kids 3 in 1 Merry Strawberry Shampoo Conditioner & Bo ... 700mL,,6.6,,https://www.coles.com.au/_next/image?url=https%3A%2F%2Fcdn.productimages.coles.com.au%2Fproductimages%2F9%2F9936187.jpg&w=640&q=90
CUB Nappy Pants Toddler Size 4 (10-15kg) | 25 Pack,,10.0,,https://www.coles.com.au/_next/image?url=https%3A%2F%2Fcdn.productimages.coles.com.au%2Fproductimages%2F3%2F3720866.jpg&w=640&q=90
Milton Antibacterial Sterilizer Tablets | 30 Pack,,11.0,,https://www.coles.com.au/_next/image?url=https%3A%2F%2Fcdn.productimages.coles.com.au%2Fproductimages%2F3%2F395973.jpg&w=640&q=90
Huggies Drynites Girl 13+ | 8 Pack,,12.0,,https://www.coles.com.au/_next/image?url=https%3A%2F%2Fcdn.productimages.coles.com.au%2Fproductimages%2F8%2F8017878.jpg&w=640&q=90
Rascals Premium Swim Pants Small (6-11kg) | 16 Pack,,15.0,,https://www.coles.com.au/_next/image?url=https%3A%2F%2Fcdn.productimages.coles.com.au%2Fproductimages%2F8%2F8017732.jpg&w=640&q=90
First Response Instream Pregnancy Test Early Results | 3 Pack,,17.0,,https://www.coles.com.au/_next/image?url=https%3A%2F%2Fcdn.productimages.coles.com.au%2Fproductimages%2F3%2F3733744.jpg&w=640&q=90
Tooshies Eco Nappy Pants Size 6 Junior | 26 Pack,,26.0,,https://www.coles.com.au/_next/image?url=https%3A%2F%2Fcdn.productimages.coles.com.au%2Fproductimages%2F1%2F1408877.jpg&w=640&q=90
Oli6 Stage 3 Goat Milk Toddler Drink 1-3 Years | 800g,,43.45,,https://www.coles.com.au/_next/image?url=https%3A%2F%2Fcdn.productimages.coles.com.au%2Fproductimages%2F3%2F3469384.jpg&w=640&q=90
Sambucol Kids Soothing Throat Pops | 8 Pack,,10.0,,https://www.coles.com.au/_next/image?url=https%3A%2F%2Fcdn.productimages.coles.com.au%2Fproductimages%2F3%2F3734452.jpg&w=640&q=90
Sprout Kids Bar Banana Bread Bar 4 Pack | 100g,,10.95,,https://www.coles.com.au/_next/image?url=https%3A%2F%2Fcdn.productimages.coles.com.au%2Fproductimages%2F1%2F1363644.jpg&w=640&q=90
Huggies Gentle Cleanse Baby Wipes Coconut Oil | 400 Pack,,19.0,,https://www.coles.com.au/_next/image?url=https%3A%2F%2Fcdn.productimages.coles.com.au%2Fproductimages%2F3%2F3506899.jpg&w=640&q=90
Babylove Cosifit Infant Nappies Size 2 (3-8kg) | 76 Pack,,30.0,,https://www.coles.com.au/_next/image?url=https%3A%2F%2Fcdn.productimages.coles.com.au%2Fproductimages%2F4%2F4165160.jpg&w=640&q=90
Rascals Premium Nappies Size 1 (3-5kg) | 108 Pack,,31.0,,https://www.coles.com.au/_next/image?url=https%3A%2F%2Fcdn.productimages.coles.com.au%2Fproductimages%2F8%2F8017641.jpg&w=640&q=90
Biostime Sn-2 Bio Plus Hpo Infant Formula 0-6 Months | 800g,,40.0,,https://www.coles.com.au/_next/image?url=https%3A%2F%2Fcdn.productimages.coles.com.au%2Fproductimages%2F5%2F5112373.jpg&w=640&q=90
Bubs Goat Milk Follow On Formula Stage 2 | 800g,,42.0,,https://www.coles.com.au/_next/image?url=https%3A%2F%2Fcdn.productimages.coles.com.au%2Fproductimages%2F2%2F2738516.jpg&w=640&q=90
CUB Feeding Bottles With Medium Flow Silicone Teats 0+ Months | 3 Pack,,8.8,,https://www.coles.com.au/_next/image?url=https%3A%2F%2Fcdn.productimages.coles.com.au%2Fproductimages%2F3%2F3752159.jpg&w=640&q=90
Sprout Kids Bar Choc Brownie Bar 4 Pack | 100g,,10.95,,https://www.coles.com.au/_next/image?url=https%3A%2F%2Fcdn.productimages.coles.com.au%2Fproductimages%2F1%2F1363677.jpg&w=640&q=90
Desitin Nappy Rash Ointment | 100g,,15.0,,https://www.coles.com.au/_next/image?url=https%3A%2F%2Fcdn.productimages.coles.com.au%2Fproductimages%2F1%2F1282440.jpg&w=640&q=90
Marquise Hypoallergenic Walker Nappies Size 5 (13-18kg) | 16 Pack,,15.0,,https://www.coles.com.au/_next/image?url=https%3A%2F%2Fcdn.productimages.coles.com.au%2Fproductimages%2F1%2F1601833.jpg&w=640&q=90
Tena Discreet Pants Lw Noir Size M | 12 Pack,,18.6,,https://www.coles.com.au/_next/image?url=https%3A%2F%2Fcdn.productimages.coles.com.au%2Fproductimages%2F9%2F9223445.jpg&w=640&q=90
Clearblue Visual Early Detection Pregnancy Test Kit | 3 Pack,,20.0,,https://www.coles.com.au/_next/image?url=https%3A%2F%2Fcdn.productimages.coles.com.au%2Fproductimages%2F3%2F3428037.jpg&w=640&q=90
Bubs Goat Milk Formula Toddler Stage 3 | 800g,,46.2,,https://www.coles.com.au/_next/image?url=https%3A%2F%2Fcdn.productimages.coles.com.au%2Fproductimages%2F2%2F2738527.jpg&w=640&q=90
Only Organic Snack Bandits Peach Passion & Yoghurt Smoothie | 120g,,2.85,,https://www.coles.com.au/_next/image?url=https%3A%2F%2Fcdn.productimages.coles.com.au%2Fproductimages%2F1%2F1114934.jpg&w=640&q=90
CUB Weaning Spoon Set | 3 Pack,,5.5,,https://www.coles.com.au/_next/image?url=https%3A%2F%2Fcdn.productimages.coles.com.au%2Fproductimages%2F4%2F4151992.jpg&w=640&q=90
Tommee Tippee Baby Cherry Latex Dummy 2 Pack 6-18m | 2 Pack,,10.0,,https://www.coles.com.au/_next/image?url=https%3A%2F%2Fcdn.productimages.coles.com.au%2Fproductimages%2F4%2F4289640.jpg&w=640&q=90
Blackmores Folate 500mg Folic Acid Vitamin Tablets | 90 Pack,,12.0,,https://www.coles.com.au/_next/image?url=https%3A%2F%2Fcdn.productimages.coles.com.au%2Fproductimages%2F8%2F8297322.jpg&w=640&q=90
B.box Cleaning Brush Set | 1 Pack,,13.5,,https://www.coles.com.au/_next/image?url=https%3A%2F%2Fcdn.productimages.coles.com.au%2Fproductimages%2F4%2F4205424.jpg&w=640&q=90
Bunjie Nappy & Barrier Cream | 250g,,17.5,,https://www.coles.com.au/_next/image?url=https%3A%2F%2Fcdn.productimages.coles.com.au%2Fproductimages%2F1%2F1282575.jpg&w=640&q=90
Nestle Nan Supremepro Stage 4 Milk Drink | 800g,,23.1,,https://www.coles.com.au/_next/image?url=https%3A%2F%2Fcdn.productimages.coles.com.au%2Fproductimages%2F1%2F1402688.jpg&w=640&q=90
B.box Large Bento Lunch Box | 1 Each,,33.0,,https://www.coles.com.au/_next/image?url=https%3A%2F%2Fcdn.productimages.coles.com.au%2Fproductimages%2F5%2F5118008.jpg&w=640&q=90
Huggies Ultimate Wipes Nourish & Care Wipes | 64 Pack,,4.2,,https://www.coles.com.au/_next/image?url=https%3A%2F%2Fcdn.productimages.coles.com.au%2Fproductimages%2F1%2F1092274.jpg&w=640&q=90
Palmolive Kids 3 In 1 Funny Honey Shampoo Conditioner & Bo ... 700mL,,6.6,,https://www.coles.com.au/_next/image?url=https%3A%2F%2Fcdn.productimages.coles.com.au%2Fproductimages%2F3%2F3769479.jpg&w=640&q=90
Johnson's Top-to-toe Gentle Newborn Cleansing Tear-free Mild Bab ... 500mL,,6.6,,https://www.coles.com.au/_next/image?url=https%3A%2F%2Fcdn.productimages.coles.com.au%2Fproductimages%2F8%2F8913346.jpg&w=640&q=90
Tooshies Eco Nappies Size 1 Newborn | 52 Pack,,26.0,,https://www.coles.com.au/_next/image?url=https%3A%2F%2Fcdn.productimages.coles.com.au%2Fproductimages%2F3%2F3746917.jpg&w=640&q=90
QV Baby Gentle Wash | 1Kg,,30.5,,https://www.coles.com.au/_next/image?url=https%3A%2F%2Fcdn.productimages.coles.com.au%2Fproductimages%2F1%2F1838832.jpg&w=640&q=90
Aptamil Sensitive Toddler From 1 Year | 900g,,34.1,,https://www.coles.com.au/_next/image?url=https%3A%2F%2Fcdn.productimages.coles.com.au%2Fproductimages%2F6%2F6248053.jpg&w=640&q=90
Huggies Pure & Sensitive Newborn Nappies Size 1 | 86 Pack,,35.0,,https://www.coles.com.au/_next/image?url=https%3A%2F%2Fcdn.productimages.coles.com.au%2Fproductimages%2F9%2F9263348.jpg&w=640&q=90
First Response Instream Pregnancy Test Early Results | 1 Pack,,10.0,,https://www.coles.com.au/_next/image?url=https%3A%2F%2Fcdn.productimages.coles.com.au%2Fproductimages%2F3%2F3733733.jpg&w=640&q=90
Sprout Kids Bar Super Berry Bar 4 Pack | 100g,,10.95,,https://www.coles.com.au/_next/image?url=https%3A%2F%2Fcdn.productimages.coles.com.au%2Fproductimages%2F1%2F1363688.jpg&w=640&q=90
Tommee Tippee Night Time Baby Dummy 2 Pack 6-18m | 2 Pack,,12.0,,https://www.coles.com.au/_next/image?url=https%3A%2F%2Fcdn.productimages.coles.com.au%2Fproductimages%2F1%2F1734225.jpg&w=640&q=90
Depend Real Fit Incontinence Underwear Super Women Lar ... 8 Pack,,14.4,,https://www.coles.com.au/_next/image?url=https%3A%2F%2Fcdn.productimages.coles.com.au%2Fproductimages%2F2%2F2622464.jpg&w=640&q=90
Depend Real Fit Incontinence Underwear Super Women Extr ... 8 Pack,,14.4,,https://www.coles.com.au/_next/image?url=https%3A%2F%2Fcdn.productimages.coles.com.au%2Fproductimages%2F2%2F2622497.jpg&w=640&q=90
B.box Junior Drink Bottle Straw Top 380ml 12+ Months | 1 Each,,17.0,,https://www.coles.com.au/_next/image?url=https%3A%2F%2Fcdn.productimages.coles.com.au%2Fproductimages%2F1%2F1144458.jpg&w=640&q=90
Tena Discreet Pants Low Waist Blanc Size L | 10 Pack,,18.6,,https://www.coles.com.au/_next/image?url=https%3A%2F%2Fcdn.productimages.coles.com.au%2Fproductimages%2F9%2F9223434.jpg&w=640&q=90
Huggies Baby Wipes Refills Cucumber & Aloe | 400 Pack,,19.0,,https://www.coles.com.au/_next/image?url=https%3A%2F%2Fcdn.productimages.coles.com.au%2Fproductimages%2F7%2F7060940.jpg&w=640&q=90
Tooshies Eco Nappy Pants Size 5 Walker | 28 Pack,,26.0,,https://www.coles.com.au/_next/image?url=https%3A%2F%2Fcdn.productimages.coles.com.au%2Fproductimages%2F1%2F1408866.jpg&w=640&q=90
Huggies Ultimate Skin Protect Wipes | 64 Pack,,4.2,,https://www.coles.com.au/_next/image?url=https%3A%2F%2Fcdn.productimages.coles.com.au%2Fproductimages%2F1%2F1092296.jpg&w=640&q=90
Aptamil Gold+ Pronutra Tod Sachet | 4 Pack,,4.4,,https://www.coles.com.au/_next/image?url=https%3A%2F%2Fcdn.productimages.coles.com.au%2Fproductimages%2F7%2F7684640.jpg&w=640&q=90
Little Bellies Puffcorn BBQ | 30g,,5.0,,https://www.coles.com.au/_next/image?url=https%3A%2F%2Fcdn.productimages.coles.com.au%2Fproductimages%2F5%2F5055940.jpg&w=640&q=90
Nuby Nana Nubs Massaging Toothbrush | 1 each,,6.0,,https://www.coles.com.au/_next/image?url=https%3A%2F%2Fcdn.productimages.coles.com.au%2Fproductimages%2F5%2F5242685.jpg&w=640&q=90
Bonds Stretchies Bib | 2 Pack,,7.5,,https://www.coles.com.au/_next/image?url=https%3A%2F%2Fcdn.productimages.coles.com.au%2Fproductimages%2F8%2F8842248.jpg&w=640&q=90
Tommee Tippee Grown Up 1st Cutlery Set | 1 Pack,,10.2,,https://www.coles.com.au/_next/image?url=https%3A%2F%2Fcdn.productimages.coles.com.au%2Fproductimages%2F4%2F4279963.jpg&w=640&q=90
Aveeno Baby Daily Lotion | 227g,,12.5,,https://www.coles.com.au/_next/image?url=https%3A%2F%2Fcdn.productimages.coles.com.au%2Fproductimages%2F1%2F1282462.jpg&w=640&q=90
Coles Early Detection Pregnancy Test | 3 Pack,,14.0,,https://www.coles.com.au/_next/image?url=https%3A%2F%2Fcdn.productimages.coles.com.au%2Fproductimages%2F7%2F7117946.jpg&w=640&q=90
Marquise Hypoallergenic Toddler Nappies Size 4 (10-15kg) | 18 Pack,,15.0,,https://www.coles.com.au/_next/image?url=https%3A%2F%2Fcdn.productimages.coles.com.au%2Fproductimages%2F1%2F1601822.jpg&w=640&q=90
B.box Snackbox | 1 Each,,16.0,,https://www.coles.com.au/_next/image?url=https%3A%2F%2Fcdn.productimages.coles.com.au%2Fproductimages%2F5%2F5420535.jpg&w=640&q=90
B.box Disney Sippy Cup 240ml 6+ Months | 1 Each,,18.0,,https://www.coles.com.au/_next/image?url=https%3A%2F%2Fcdn.productimages.coles.com.au%2Fproductimages%2F5%2F5245151.jpg&w=640&q=90
Tena Discreet Pants Low Noir Size L | 10 Pack,,18.6,,https://www.coles.com.au/_next/image?url=https%3A%2F%2Fcdn.productimages.coles.com.au%2Fproductimages%2F9%2F9226680.jpg&w=640&q=90
Medela Breast Milk Storage Bags | 25 Pack,,22.5,,https://www.coles.com.au/_next/image?url=https%3A%2F%2Fcdn.productimages.coles.com.au%2Fproductimages%2F3%2F3176604.jpg&w=640&q=90
Aveeno Baby Dermexa Fragrance Free Eczema Prone Sensitive Moi ... 206g,,24.5,,https://www.coles.com.au/_next/image?url=https%3A%2F%2Fcdn.productimages.coles.com.au%2Fproductimages%2F2%2F2918846.jpg&w=640&q=90
Subo Food Bottle Musk 210ml | 1 each,,35.0,,https://www.coles.com.au/_next/image?url=https%3A%2F%2Fcdn.productimages.coles.com.au%2Fproductimages%2F7%2F7127156.jpg&w=640&q=90
Rafferty's Garden Happy Tummies Prebiotic Fibre Mixed Berry Poridge  ... 200g,,6.0,,https://www.coles.com.au/_next/image?url=https%3A%2F%2Fcdn.productimages.coles.com.au%2Fproductimages%2F1%2F1819204.jpg&w=640&q=90
Rafferty's Garden Banana & Vanilla Porridge 12 Months | 200g,,6.0,,https://www.coles.com.au/_next/image?url=https%3A%2F%2Fcdn.productimages.coles.com.au%2Fproductimages%2F1%2F1854409.jpg&w=640&q=90
Medela Purelan Lanolin Cream | 7g,,11.0,,https://www.coles.com.au/_next/image?url=https%3A%2F%2Fcdn.productimages.coles.com.au%2Fproductimages%2F5%2F5331402.jpg&w=640&q=90
Subo Straw Spout Twin Pack | 2 Pack,,11.0,,https://www.coles.com.au/_next/image?url=https%3A%2F%2Fcdn.productimages.coles.com.au%2Fproductimages%2F7%2F7069990.jpg&w=640&q=90
B.Box Snack Tubs | 3 Pack,,13.0,,https://www.coles.com.au/_next/image?url=https%3A%2F%2Fcdn.productimages.coles.com.au%2Fproductimages%2F1%2F1144560.jpg&w=640&q=90
Corams Baby Gripe Water | 200mL,,13.0,,https://www.coles.com.au/_next/image?url=https%3A%2F%2Fcdn.productimages.coles.com.au%2Fproductimages%2F6%2F6060130.jpg&w=640&q=90
Bunjie Baby Tear-free Gentle Shampoo | 500mL,,14.0,,https://www.coles.com.au/_next/image?url=https%3A%2F%2Fcdn.productimages.coles.com.au%2Fproductimages%2F1%2F1282586.jpg&w=640&q=90
Philips Avent Soother Air Nighttime Mix Bpa Free 0-6 Months | 2 Pack,,14.95,,https://www.coles.com.au/_next/image?url=https%3A%2F%2Fcdn.productimages.coles.com.au%2Fproductimages%2F3%2F3840562.jpg&w=640&q=90
Jack N' Jill Natural Baby Teething Gel | 15g,,15.0,,https://www.coles.com.au/_next/image?url=https%3A%2F%2Fcdn.productimages.coles.com.au%2Fproductimages%2F1%2F1838617.jpg&w=640&q=90
Tena Discreet Pants Low Waist Blanc Size M | 12 Pack,,18.6,,https://www.coles.com.au/_next/image?url=https%3A%2F%2Fcdn.productimages.coles.com.au%2Fproductimages%2F9%2F9223638.jpg&w=640&q=90
Tooshies Eco Nappy Pants Size 4 Toddler | 32 Pack,,26.0,,https://www.coles.com.au/_next/image?url=https%3A%2F%2Fcdn.productimages.coles.com.au%2Fproductimages%2F1%2F1408855.jpg&w=640&q=90
Babylove Cosifit Newborn Nappies Size 1 (up To 5kg) | 84 Pack,,30.0,,https://www.coles.com.au/_next/image?url=https%3A%2F%2Fcdn.productimages.coles.com.au%2Fproductimages%2F4%2F4165170.jpg&w=640&q=90
Clearblue Visual Early Detection Pregnancy Test Kit | 7 Pack,,36.0,,https://www.coles.com.au/_next/image?url=https%3A%2F%2Fcdn.productimages.coles.com.au%2Fproductimages%2F7%2F7084916.jpg&w=640&q=90
Alula Gold Allergy 0-12 Months Infant Formula | 800g,,46.5,,https://www.coles.com.au/_next/image?url=https%3A%2F%2Fcdn.productimages.coles.com.au%2Fproductimages%2F6%2F6184391.jpg&w=640&q=90
Karicare 2 Goat Milk Baby Formula From 6 To 12 Months | 900g,,50.0,,https://www.coles.com.au/_next/image?url=https%3A%2F%2Fcdn.productimages.coles.com.au%2Fproductimages%2F4%2F4992078.jpg&w=640&q=90
Johnson's Bedtime Baby Lotion | 200mL,,6.5,,https://www.coles.com.au/_next/image?url=https%3A%2F%2Fcdn.productimages.coles.com.au%2Fproductimages%2F1%2F1282451.jpg&w=640&q=90
CUB Soft Spout Cup 6+ Months | 1 each,,6.5,,https://www.coles.com.au/_next/image?url=https%3A%2F%2Fcdn.productimages.coles.com.au%2Fproductimages%2F3%2F3752170.jpg&w=640&q=90
Fisher-Price Digital Thermometer | 1 each,,7.2,,https://www.coles.com.au/_next/image?url=https%3A%2F%2Fcdn.productimages.coles.com.au%2Fproductimages%2F3%2F3505772.jpg&w=640&q=90
Tommee Tippee Baby Cherry Latex Dummy 2 Pack 0-6m | 2 Pack,,10.0,,https://www.coles.com.au/_next/image?url=https%3A%2F%2Fcdn.productimages.coles.com.au%2Fproductimages%2F4%2F4289628.jpg&w=640&q=90
B.box Training Cups 240ml 12+ Months | 1 Each,,11.0,,https://www.coles.com.au/_next/image?url=https%3A%2F%2Fcdn.productimages.coles.com.au%2Fproductimages%2F3%2F3784224.jpg&w=640&q=90
Philips Avent Soother Air Nighttime Mix Bpa Free 6-18 Months | 2 Pack,,14.95,,https://www.coles.com.au/_next/image?url=https%3A%2F%2Fcdn.productimages.coles.com.au%2Fproductimages%2F3%2F3840573.jpg&w=640&q=90
Marquise Hypoallergenic Crawler Nappies Size 3 (6-11kg) | 20 Pack,,15.0,,https://www.coles.com.au/_next/image?url=https%3A%2F%2Fcdn.productimages.coles.com.au%2Fproductimages%2F1%2F1601811.jpg&w=640&q=90
Aveeno Baby Dermexa Wash | 236mL,,17.0,,https://www.coles.com.au/_next/image?url=https%3A%2F%2Fcdn.productimages.coles.com.au%2Fproductimages%2F1%2F1282473.jpg&w=640&q=90
Tommee Tippee Narrow Neck Bottles 0m+ 250ml | 3 Pack,,20.0,,https://www.coles.com.au/_next/image?url=https%3A%2F%2Fcdn.productimages.coles.com.au%2Fproductimages%2F1%2F1144040.jpg&w=640&q=90
First Response Instream Pregnancy Test Early Results | 7 Pack,,34.0,,https://www.coles.com.au/_next/image?url=https%3A%2F%2Fcdn.productimages.coles.com.au%2Fproductimages%2F3%2F3733722.jpg&w=640&q=90
B.Box Insulated Drink Bottle Straw Top 500ml | 1 Each,,36.0,,https://www.coles.com.au/_next/image?url=https%3A%2F%2Fcdn.productimages.coles.com.au%2Fproductimages%2F5%2F5118074.jpg&w=640&q=90
Marquise Pure Water Wipes Travel Pack | 24 Pack,,3.5,,https://www.coles.com.au/_next/image?url=https%3A%2F%2Fcdn.productimages.coles.com.au%2Fproductimages%2F1%2F1601731.jpg&w=640&q=90
CUB Standard Neck Silicone Teats 6+ Months | 2 Pack,,3.8,,https://www.coles.com.au/_next/image?url=https%3A%2F%2Fcdn.productimages.coles.com.au%2Fproductimages%2F3%2F3752239.jpg&w=640&q=90
Marquise Pure Water Wipes | 64 Pack,,6.0,,https://www.coles.com.au/_next/image?url=https%3A%2F%2Fcdn.productimages.coles.com.au%2Fproductimages%2F1%2F1601254.jpg&w=640&q=90
B.box Spout Cup 240ml 4+ Months | 1 Each,,13.5,,https://www.coles.com.au/_next/image?url=https%3A%2F%2Fcdn.productimages.coles.com.au%2Fproductimages%2F3%2F3849239.jpg&w=640&q=90
Philips Avent Ultra Air Soother Nighttime Glow 18+ Months | 2 Pack,,14.95,,https://www.coles.com.au/_next/image?url=https%3A%2F%2Fcdn.productimages.coles.com.au%2Fproductimages%2F1%2F1144345.jpg&w=640&q=90
Tommee Tippee Breast Like Soother 0-6m | 2 Pack,,15.0,,https://www.coles.com.au/_next/image?url=https%3A%2F%2Fcdn.productimages.coles.com.au%2Fproductimages%2F1%2F1143965.jpg&w=640&q=90
Tommee Tippee Ultralight Soother 18-36m | 2 Pack,,15.0,,https://www.coles.com.au/_next/image?url=https%3A%2F%2Fcdn.productimages.coles.com.au%2Fproductimages%2F1%2F1144006.jpg&w=640&q=90
Marquise Hypoallergenic Infant Nappies Size 2 (4-8kg) | 24 Pack,,15.0,,https://www.coles.com.au/_next/image?url=https%3A%2F%2Fcdn.productimages.coles.com.au%2Fproductimages%2F1%2F1601800.jpg&w=640&q=90
Gaia 2 In1 Shampoo & Conditioner | 500mL,,17.0,,https://www.coles.com.au/_next/image?url=https%3A%2F%2Fcdn.productimages.coles.com.au%2Fproductimages%2F6%2F6928499.jpg&w=640&q=90
Itchy Baby Co Natural Baby Bath Soak | 200g,,17.0,,https://www.coles.com.au/_next/image?url=https%3A%2F%2Fcdn.productimages.coles.com.au%2Fproductimages%2F8%2F8160612.jpg&w=640&q=90
Cetaphil Baby Soothing Moisturising Cream | 566g,,21.0,,https://www.coles.com.au/_next/image?url=https%3A%2F%2Fcdn.productimages.coles.com.au%2Fproductimages%2F1%2F1282430.jpg&w=640&q=90
Clearblue Digital With Weeks Indicator Pregnancy Test | 2 Pack,,29.0,,https://www.coles.com.au/_next/image?url=https%3A%2F%2Fcdn.productimages.coles.com.au%2Fproductimages%2F2%2F2862480.jpg&w=640&q=90
Tommee Tippee Baby Bottles Natural Start Anti-colic Bottle 340ml  ... 2 Pack,,29.5,,https://www.coles.com.au/_next/image?url=https%3A%2F%2Fcdn.productimages.coles.com.au%2Fproductimages%2F8%2F8167123.jpg&w=640&q=90
Bunjie Blue Pouch + Wipes | 80 Pack,,30.0,,https://www.coles.com.au/_next/image?url=https%3A%2F%2Fcdn.productimages.coles.com.au%2Fproductimages%2F1%2F1848971.jpg&w=640&q=90
Biostime Sn-2 Bio Plus Hpo Follow-on Formula 6-12 Months | 800g,,40.0,,https://www.coles.com.au/_next/image?url=https%3A%2F%2Fcdn.productimages.coles.com.au%2Fproductimages%2F5%2F5112395.jpg&w=640&q=90
CUB Milk Powder Container | 1 each,,5.5,,https://www.coles.com.au/_next/image?url=https%3A%2F%2Fcdn.productimages.coles.com.au%2Fproductimages%2F3%2F3752206.jpg&w=640&q=90
Marquise Eco Nappy Bags | 40 Pack,,6.0,,https://www.coles.com.au/_next/image?url=https%3A%2F%2Fcdn.productimages.coles.com.au%2Fproductimages%2F1%2F1601742.jpg&w=640&q=90
Huggies Bio Baby Wipes | 64 Pack,,6.0,,https://www.coles.com.au/_next/image?url=https%3A%2F%2Fcdn.productimages.coles.com.au%2Fproductimages%2F4%2F4209516.jpg&w=640&q=90
Johnson's Baby Moisturising Cream | 100g,,7.0,,https://www.coles.com.au/_next/image?url=https%3A%2F%2Fcdn.productimages.coles.com.au%2Fproductimages%2F8%2F8148945.jpg&w=640&q=90
New Beginnings Aqua Gel Discs | 8 Pack,,8.8,,https://www.coles.com.au/_next/image?url=https%3A%2F%2Fcdn.productimages.coles.com.au%2Fproductimages%2F4%2F4277630.jpg&w=640&q=90
Pigeon Flexible Peristaltic Teat | 2 Pack,,12.0,,https://www.coles.com.au/_next/image?url=https%3A%2F%2Fcdn.productimages.coles.com.au%2Fproductimages%2F8%2F8161615.jpg&w=640&q=90
Marquise Hypoallergenic Newborn Nappies Size 1 (up To 5kg) | 26 Pack,,15.0,,https://www.coles.com.au/_next/image?url=https%3A%2F%2Fcdn.productimages.coles.com.au%2Fproductimages%2F1%2F1601775.jpg&w=640&q=90
B.box Silicone Feeding Baby Bib | 1 Each,,15.0,,https://www.coles.com.au/_next/image?url=https%3A%2F%2Fcdn.productimages.coles.com.au%2Fproductimages%2F6%2F6861070.jpg&w=640&q=90
Bunjie Baby Daily Sensitive Moisturising Lotion | 500mL,,17.5,,https://www.coles.com.au/_next/image?url=https%3A%2F%2Fcdn.productimages.coles.com.au%2Fproductimages%2F1%2F1282564.jpg&w=640&q=90
Philips Avent Ultra Soft Soother 0-6 Months Plain Mixed | 2 Pack,,17.95,,https://www.coles.com.au/_next/image?url=https%3A%2F%2Fcdn.productimages.coles.com.au%2Fproductimages%2F1%2F1144356.jpg&w=640&q=90
The Maternity Market Fundies - Disposable Underwear L/xl | 5 Pack,,20.0,,https://www.coles.com.au/_next/image?url=https%3A%2F%2Fcdn.productimages.coles.com.au%2Fproductimages%2F8%2F8408820.jpg&w=640&q=90
B.Box Tritan Drink Bottle Straw Top 600ml | 1 Each,,26.0,,https://www.coles.com.au/_next/image?url=https%3A%2F%2Fcdn.productimages.coles.com.au%2Fproductimages%2F5%2F5118030.jpg&w=640&q=90
B.Box Mini Bento Lunch Box | 1 Each,,26.0,,https://www.coles.com.au/_next/image?url=https%3A%2F%2Fcdn.productimages.coles.com.au%2Fproductimages%2F5%2F5420524.jpg&w=640&q=90
Alula Gold Reflux 0-12 Months Infant Formula | 900g,,28.8,,https://www.coles.com.au/_next/image?url=https%3A%2F%2Fcdn.productimages.coles.com.au%2Fproductimages%2F8%2F8760904.jpg&w=640&q=90
Clearblue Triple Check Pregnancy Combo Test Kit | 3 Pack,,30.0,,https://www.coles.com.au/_next/image?url=https%3A%2F%2Fcdn.productimages.coles.com.au%2Fproductimages%2F3%2F3453362.jpg&w=640&q=90
Nestle Nan Sensitive Premium Infant Formula For Newborns Suita ... 800g,,35.0,,https://www.coles.com.au/_next/image?url=https%3A%2F%2Fcdn.productimages.coles.com.au%2Fproductimages%2F1%2F1819850.jpg&w=640&q=90
Alula Advance+ Newborn Stage 1 Formula | 800g,,36.0,,https://www.coles.com.au/_next/image?url=https%3A%2F%2Fcdn.productimages.coles.com.au%2Fproductimages%2F4%2F4992307.jpg&w=640&q=90
Clearblue Ovulation & Pregnancy Combo Test Kit 10+1 | 11 Pack,,40.0,,https://www.coles.com.au/_next/image?url=https%3A%2F%2Fcdn.productimages.coles.com.au%2Fproductimages%2F8%2F8924954.jpg&w=640&q=90
Karicare 1 Goat Milk Infant Formula From Birth To 6 Months | 900g,,50.0,,https://www.coles.com.au/_next/image?url=https%3A%2F%2Fcdn.productimages.coles.com.au%2Fproductimages%2F4%2F4991905.jpg&w=640&q=90
Tommee Tippee Easigrip Weaning Spoons 5 Pack 6m+ | 5 Pack,,9.2,,https://www.coles.com.au/_next/image?url=https%3A%2F%2Fcdn.productimages.coles.com.au%2Fproductimages%2F4%2F4281310.jpg&w=640&q=90
Subo Food Bottle Handles Grey | 1 Each,,9.95,,https://www.coles.com.au/_next/image?url=https%3A%2F%2Fcdn.productimages.coles.com.au%2Fproductimages%2F1%2F1301862.jpg&w=640&q=90
Pigeon Slim Neck Pp Bottle With Flexible Teat 120ml | 1 Pack,,10.5,,https://www.coles.com.au/_next/image?url=https%3A%2F%2Fcdn.productimages.coles.com.au%2Fproductimages%2F8%2F8161524.jpg&w=640&q=90
B.box Lunch Tub 400ml | 1 Each,,11.0,,https://www.coles.com.au/_next/image?url=https%3A%2F%2Fcdn.productimages.coles.com.au%2Fproductimages%2F1%2F1144618.jpg&w=640&q=90
CUB Silicone Bowl + Spoon | 1 Set,,11.0,,https://www.coles.com.au/_next/image?url=https%3A%2F%2Fcdn.productimages.coles.com.au%2Fproductimages%2F6%2F6066023.jpg&w=640&q=90
B.box Wrist Baby Teether 3+ Months | 1 Each,,13.0,,https://www.coles.com.au/_next/image?url=https%3A%2F%2Fcdn.productimages.coles.com.au%2Fproductimages%2F5%2F5245016.jpg&w=640&q=90
Tommee Tippee Silicone Plate | 1 each,,13.0,,https://www.coles.com.au/_next/image?url=https%3A%2F%2Fcdn.productimages.coles.com.au%2Fproductimages%2F7%2F7061116.jpg&w=640&q=90
Bunjie Travel Pouch + Wipes | 20 Pack,,14.0,,https://www.coles.com.au/_next/image?url=https%3A%2F%2Fcdn.productimages.coles.com.au%2Fproductimages%2F1%2F1849001.jpg&w=640&q=90
B.box Silicon Mesh Feeder 6+ Months | 1 Each,,14.0,,https://www.coles.com.au/_next/image?url=https%3A%2F%2Fcdn.productimages.coles.com.au%2Fproductimages%2F5%2F5245107.jpg&w=640&q=90
Tommee Tippee Ultralight Night Soother 18-36m | 2 Pack,,15.0,,https://www.coles.com.au/_next/image?url=https%3A%2F%2Fcdn.productimages.coles.com.au%2Fproductimages%2F1%2F1144039.jpg&w=640&q=90
Gaia Baby Starter Kit | 5 Pack,,15.0,,https://www.coles.com.au/_next/image?url=https%3A%2F%2Fcdn.productimages.coles.com.au%2Fproductimages%2F6%2F6928659.jpg&w=640&q=90
Marquise Pure Water Wipes (3x64) | 192 Pack,,17.5,,https://www.coles.com.au/_next/image?url=https%3A%2F%2Fcdn.productimages.coles.com.au%2Fproductimages%2F1%2F1601276.jpg&w=640&q=90
Bunjie Mini Starter Travel Pack Blue | 1 Each,,17.5,,https://www.coles.com.au/_next/image?url=https%3A%2F%2Fcdn.productimages.coles.com.au%2Fproductimages%2F1%2F1848938.jpg&w=640&q=90
Clearblue Visual Rapid Detection Pregnancy Test Kit | 3 Pack,,18.0,,https://www.coles.com.au/_next/image?url=https%3A%2F%2Fcdn.productimages.coles.com.au%2Fproductimages%2F2%2F2862479.jpg&w=640&q=90
Philips Avent Bottle Feeding Twin Pack Regular | 260mL,,23.95,,https://www.coles.com.au/_next/image?url=https%3A%2F%2Fcdn.productimages.coles.com.au%2Fproductimages%2F4%2F4586011.jpg&w=640&q=90
Huggies Little Swimmers Reusable Swim Nappies Medium | 1 Pack,,30.0,,https://www.coles.com.au/_next/image?url=https%3A%2F%2Fcdn.productimages.coles.com.au%2Fproductimages%2F6%2F6396866.jpg&w=640&q=90
123 Nourish Me Sleepy Head Balm | 50g,,35.0,,https://www.coles.com.au/_next/image?url=https%3A%2F%2Fcdn.productimages.coles.com.au%2Fproductimages%2F8%2F8407067.jpg&w=640&q=90
QV Baby Moisturising Cream | 1Kg,,39.5,,https://www.coles.com.au/_next/image?url=https%3A%2F%2Fcdn.productimages.coles.com.au%2Fproductimages%2F1%2F1838854.jpg&w=640&q=90
Biostime Sn-2 Bio Plus Hpo Toddler Milk Drink 12+months | 800g,,44.0,,https://www.coles.com.au/_next/image?url=https%3A%2F%2Fcdn.productimages.coles.com.au%2Fproductimages%2F5%2F5112409.jpg&w=640&q=90
Huggies Ultra Dry Nappies Boy Size 5 (13-18kg) | 96 Pack,,56.0,,https://www.coles.com.au/_next/image?url=https%3A%2F%2Fcdn.productimages.coles.com.au%2Fproductimages%2F8%2F8017845.jpg&w=640&q=90
Huggies Ultra Dry Nappies Girls Size 6 (16kg+) | 88 Pack,,56.0,,https://www.coles.com.au/_next/image?url=https%3A%2F%2Fcdn.productimages.coles.com.au%2Fproductimages%2F8%2F8017890.jpg&w=640&q=90
Clearblue Advanced Digital (dual Hormone) Ovulation Test | 10 Pack,,59.0,,https://www.coles.com.au/_next/image?url=https%3A%2F%2Fcdn.productimages.coles.com.au%2Fproductimages%2F3%2F3880320.jpg&w=640&q=90
Tommee Tippee Narrow Neck Medium Flow Teat 3m+ | 2 Pack,,10.0,,https://www.coles.com.au/_next/image?url=https%3A%2F%2Fcdn.productimages.coles.com.au%2Fproductimages%2F1%2F1144061.jpg&w=640&q=90
Clearblue Visual Early Detection Pregnancy Test Kit | 1 Pack,,11.0,,https://www.coles.com.au/_next/image?url=https%3A%2F%2Fcdn.productimages.coles.com.au%2Fproductimages%2F2%2F2862468.jpg&w=640&q=90
Pigeon Slim Neck Bottle With Flexible Teat 240ml | 1 Pack,,11.5,,https://www.coles.com.au/_next/image?url=https%3A%2F%2Fcdn.productimages.coles.com.au%2Fproductimages%2F8%2F8161590.jpg&w=640&q=90
Avent Medium Flow Teat 3+ Months | 2 Pack,,11.95,,https://www.coles.com.au/_next/image?url=https%3A%2F%2Fcdn.productimages.coles.com.au%2Fproductimages%2F4%2F4590697.jpg&w=640&q=90
Philips Avent Teat Fast Flow | 2 Pack,,11.95,,https://www.coles.com.au/_next/image?url=https%3A%2F%2Fcdn.productimages.coles.com.au%2Fproductimages%2F4%2F4590733.jpg&w=640&q=90
B.box Divider Suction Plate | 1 Each,,13.0,,https://www.coles.com.au/_next/image?url=https%3A%2F%2Fcdn.productimages.coles.com.au%2Fproductimages%2F1%2F1144470.jpg&w=640&q=90
B.box 360 Drinking Cup 250ml 6+ Months | 1 Each,,13.0,,https://www.coles.com.au/_next/image?url=https%3A%2F%2Fcdn.productimages.coles.com.au%2Fproductimages%2F5%2F5245049.jpg&w=640&q=90
Love All Ways Braided Silicone Teether Oatmeal | 1 Pack,,13.0,,https://www.coles.com.au/_next/image?url=https%3A%2F%2Fcdn.productimages.coles.com.au%2Fproductimages%2F8%2F8481605.jpg&w=640&q=90
Love All Ways Braided Silicone Teether Musk | 1 Pack,,13.0,,https://www.coles.com.au/_next/image?url=https%3A%2F%2Fcdn.productimages.coles.com.au%2Fproductimages%2F8%2F8481627.jpg&w=640&q=90
Love All Ways Braided Silicone Teether Caramel | 1 Pack,,13.0,,https://www.coles.com.au/_next/image?url=https%3A%2F%2Fcdn.productimages.coles.com.au%2Fproductimages%2F8%2F8481660.jpg&w=640&q=90
Tommee Tippee Active Straw Cup 12m+ 390ml | 1 Pack,,14.0,,https://www.coles.com.au/_next/image?url=https%3A%2F%2Fcdn.productimages.coles.com.au%2Fproductimages%2F1%2F1144130.jpg&w=640&q=90
Philips Avent Soother Bpa Free 18 Months | 2 Pack,,14.95,,https://www.coles.com.au/_next/image?url=https%3A%2F%2Fcdn.productimages.coles.com.au%2Fproductimages%2F2%2F2930932.jpg&w=640&q=90
Tommee Tippee Ultralight Soother 6-18m | 2 Pack,,15.0,,https://www.coles.com.au/_next/image?url=https%3A%2F%2Fcdn.productimages.coles.com.au%2Fproductimages%2F1%2F1143998.jpg&w=640&q=90
Marquise Hypoallergenic Junior Nappy Pants Size 6 (16kg +) | 12 Pack,,15.0,,https://www.coles.com.au/_next/image?url=https%3A%2F%2Fcdn.productimages.coles.com.au%2Fproductimages%2F1%2F1601855.jpg&w=640&q=90
Malarkey Munch Mitt Teething Mitten | 1 Pack,,15.0,,https://www.coles.com.au/_next/image?url=https%3A%2F%2Fcdn.productimages.coles.com.au%2Fproductimages%2F3%2F3839745.jpg&w=640&q=90
123 Nourish Me Hello Sunshine Facestick Original | 16mL,,15.0,,https://www.coles.com.au/_next/image?url=https%3A%2F%2Fcdn.productimages.coles.com.au%2Fproductimages%2F8%2F8407588.jpg&w=640&q=90
Philips Avent Ultra Soft Soother 6-18 Months Plain Mixed | 2 Pack,,17.95,,https://www.coles.com.au/_next/image?url=https%3A%2F%2Fcdn.productimages.coles.com.au%2Fproductimages%2F1%2F1144390.jpg&w=640&q=90
Gaia Natural Baby Hello Baby Gift Set 3x250ml | 3 Pack,,21.0,,https://www.coles.com.au/_next/image?url=https%3A%2F%2Fcdn.productimages.coles.com.au%2Fproductimages%2F1%2F1408946.jpg&w=640&q=90
Itchy Baby Co Natural Baby Scalp Oil | 100mL,,23.0,,https://www.coles.com.au/_next/image?url=https%3A%2F%2Fcdn.productimages.coles.com.au%2Fproductimages%2F8%2F8160714.jpg&w=640&q=90
Itchy Baby Co Natural Baby Shampoo & Body Wash | 250mL,,23.0,,https://www.coles.com.au/_next/image?url=https%3A%2F%2Fcdn.productimages.coles.com.au%2Fproductimages%2F8%2F8160805.jpg&w=640&q=90
Philips Avent Anti Colic Baby Bottles 330ml | 2 Pack,,26.95,,https://www.coles.com.au/_next/image?url=https%3A%2F%2Fcdn.productimages.coles.com.au%2Fproductimages%2F1%2F1144312.jpg&w=640&q=90
Itchy Baby Co Natural Baby Eczema Moisturiser | 150g,,27.0,,https://www.coles.com.au/_next/image?url=https%3A%2F%2Fcdn.productimages.coles.com.au%2Fproductimages%2F8%2F8160645.jpg&w=640&q=90
Alula Gold Delicateeze Infant Formula 0-12 Months | 850g,,28.8,,https://www.coles.com.au/_next/image?url=https%3A%2F%2Fcdn.productimages.coles.com.au%2Fproductimages%2F3%2F3773272.jpg&w=640&q=90
Huggies Little Swimmers Reusable Swim Nappies Small | 1 Pack,,30.0,,https://www.coles.com.au/_next/image?url=https%3A%2F%2Fcdn.productimages.coles.com.au%2Fproductimages%2F6%2F6396844.jpg&w=640&q=90
Huggies Little Swimmers Reusable Swim Nappies L | 1 Pack,,30.0,,https://www.coles.com.au/_next/image?url=https%3A%2F%2Fcdn.productimages.coles.com.au%2Fproductimages%2F6%2F6396980.jpg&w=640&q=90
Love All Ways Short Sleeve Ribbed Lounge Set - Cloud Grey - 0-3 Months | 1 Pack,,30.0,,https://www.coles.com.au/_next/image?url=https%3A%2F%2Fcdn.productimages.coles.com.au%2Fproductimages%2F8%2F8481490.jpg&w=640&q=90
Alula Advance+ Toddler Stage 3 Formula | 800g,,33.0,,https://www.coles.com.au/_next/image?url=https%3A%2F%2Fcdn.productimages.coles.com.au%2Fproductimages%2F4%2F4992511.jpg&w=640&q=90
Tiny Twinkle Long Sleeve Bib Toddler Sand Cinnamon | 2 Pack,,35.0,,https://www.coles.com.au/_next/image?url=https%3A%2F%2Fcdn.productimages.coles.com.au%2Fproductimages%2F8%2F8402427.jpg&w=640&q=90
Alula Advance+ Follow On Stage 2 Formula | 800g,,36.0,,https://www.coles.com.au/_next/image?url=https%3A%2F%2Fcdn.productimages.coles.com.au%2Fproductimages%2F4%2F4992330.jpg&w=640&q=90
Blackmores Pregnancy & Breast-feeding Gold Capsules | 60 Pack,,38.0,,https://www.coles.com.au/_next/image?url=https%3A%2F%2Fcdn.productimages.coles.com.au%2Fproductimages%2F8%2F8297184.jpg&w=640&q=90
Aptamil Profutura Junior Formula From 3 Years | 900g,,47.3,,https://www.coles.com.au/_next/image?url=https%3A%2F%2Fcdn.productimages.coles.com.au%2Fproductimages%2F4%2F4150129.jpg&w=640&q=90
Huggies Ultra Dry Nappies Boys Size 6 (16kg+) | 88 Pack,,56.0,,https://www.coles.com.au/_next/image?url=https%3A%2F%2Fcdn.productimages.coles.com.au%2Fproductimages%2F8%2F8017903.jpg&w=640&q=90
Tommee Tippee Narrow Neck Bottles 0m+ 250ml | 1 Pack,,10.0,,https://www.coles.com.au/_next/image?url=https%3A%2F%2Fcdn.productimages.coles.com.au%2Fproductimages%2F1%2F1144050.jpg&w=640&q=90
Salistick Saliva Pregnancy Test | 1 Pack,,11.0,,https://www.coles.com.au/_next/image?url=https%3A%2F%2Fcdn.productimages.coles.com.au%2Fproductimages%2F1%2F1387085.jpg&w=640&q=90
CUB Silicone Plate | 1 each,,11.0,,https://www.coles.com.au/_next/image?url=https%3A%2F%2Fcdn.productimages.coles.com.au%2Fproductimages%2F6%2F6065950.jpg&w=640&q=90
Love All Ways Braided Teether Silicone Cloud Grey | 1 Pack,,13.0,,https://www.coles.com.au/_next/image?url=https%3A%2F%2Fcdn.productimages.coles.com.au%2Fproductimages%2F8%2F8481638.jpg&w=640&q=90
Tommee Tippee Breast Like Soother 6-18m | 2 Pack,,15.0,,https://www.coles.com.au/_next/image?url=https%3A%2F%2Fcdn.productimages.coles.com.au%2Fproductimages%2F1%2F1143976.jpg&w=640&q=90
Bubba Bump Mesh Underwear XXL | 5 Pack,,15.0,,https://www.coles.com.au/_next/image?url=https%3A%2F%2Fcdn.productimages.coles.com.au%2Fproductimages%2F8%2F8174286.jpg&w=640&q=90
Tommee Tippee Baby Bottles Natural Start Anti-colic Bottle 260ml  ... 1 each,,16.0,,https://www.coles.com.au/_next/image?url=https%3A%2F%2Fcdn.productimages.coles.com.au%2Fproductimages%2F8%2F8167327.jpg&w=640&q=90
Itti Bamboo Baby Cino Cup Butterfly | 1 Each,,16.95,,https://www.coles.com.au/_next/image?url=https%3A%2F%2Fcdn.productimages.coles.com.au%2Fproductimages%2F1%2F1301873.jpg&w=640&q=90
Itti Bamboo Baby Cino Cup Crush | 1 Each,,16.95,,https://www.coles.com.au/_next/image?url=https%3A%2F%2Fcdn.productimages.coles.com.au%2Fproductimages%2F1%2F1301884.jpg&w=640&q=90
Itti Bamboo Baby Cino Cup Dozer | 1 Each,,16.95,,https://www.coles.com.au/_next/image?url=https%3A%2F%2Fcdn.productimages.coles.com.au%2Fproductimages%2F1%2F1301895.jpg&w=640&q=90
Itti Bamboo Baby Cino Cup Womble | 1 Each,,16.95,,https://www.coles.com.au/_next/image?url=https%3A%2F%2Fcdn.productimages.coles.com.au%2Fproductimages%2F1%2F1301909.jpg&w=640&q=90
Huggies Premmie Nappies | 30 Pack,,17.0,,https://www.coles.com.au/_next/image?url=https%3A%2F%2Fcdn.productimages.coles.com.au%2Fproductimages%2F1%2F1108909.jpg&w=640&q=90
Love All Ways Organic Beechwood Teether Dark Pink | 1 Pack,,17.0,,https://www.coles.com.au/_next/image?url=https%3A%2F%2Fcdn.productimages.coles.com.au%2Fproductimages%2F8%2F8481616.jpg&w=640&q=90
Love All Ways Organic Beechwood Teether Grey | 1 Pack,,17.0,,https://www.coles.com.au/_next/image?url=https%3A%2F%2Fcdn.productimages.coles.com.au%2Fproductimages%2F8%2F8505124.jpg&w=640&q=90
Love All Ways Organic Beechwood Teether Bronze | 1 Pack,,17.0,,https://www.coles.com.au/_next/image?url=https%3A%2F%2Fcdn.productimages.coles.com.au%2Fproductimages%2F8%2F8505135.jpg&w=640&q=90
Gaia Natural Baby Sleeptime Gift Set | 1 Each,,20.0,,https://www.coles.com.au/_next/image?url=https%3A%2F%2Fcdn.productimages.coles.com.au%2Fproductimages%2F1%2F1408957.jpg&w=640&q=90
Clearblue Digital Ultra Early Pregnancy Test | 1 Pack,,20.0,,https://www.coles.com.au/_next/image?url=https%3A%2F%2Fcdn.productimages.coles.com.au%2Fproductimages%2F4%2F4994630.jpg&w=640&q=90
The Maternity Market Fundies - Disposable Underwear S/m | 5 Pack,,20.0,,https://www.coles.com.au/_next/image?url=https%3A%2F%2Fcdn.productimages.coles.com.au%2Fproductimages%2F8%2F8407657.jpg&w=640&q=90
The Maternity Market Fundies - Disposable Underwear Xl+ | 5 Pack,,20.0,,https://www.coles.com.au/_next/image?url=https%3A%2F%2Fcdn.productimages.coles.com.au%2Fproductimages%2F8%2F8409120.jpg&w=640&q=90
Love All Ways 3 Piece Silicone & Beechwood Teether - Musk | 1 Pack,,20.0,,https://www.coles.com.au/_next/image?url=https%3A%2F%2Fcdn.productimages.coles.com.au%2Fproductimages%2F8%2F8481730.jpg&w=640&q=90
Love All Ways 3 Piece Silicone & Beechwood Teether Dove Grey | 1 Pack,,20.0,,https://www.coles.com.au/_next/image?url=https%3A%2F%2Fcdn.productimages.coles.com.au%2Fproductimages%2F8%2F8505146.jpg&w=640&q=90
Love All Ways 3 Piece Silicone & Beechwood Teether - Sage | 1 Pack,,20.0,,https://www.coles.com.au/_next/image?url=https%3A%2F%2Fcdn.productimages.coles.com.au%2Fproductimages%2F8%2F8505157.jpg&w=640&q=90
Love All Ways 3 Piece Silicone & Beechwood Teether Caramel | 1 Pack,,20.0,,https://www.coles.com.au/_next/image?url=https%3A%2F%2Fcdn.productimages.coles.com.au%2Fproductimages%2F8%2F8505179.jpg&w=640&q=90
Contigo Aubrey Kids Leak Proof Drink Bottle Assorted 414ml | 1 Each,,24.0,,https://www.coles.com.au/_next/image?url=https%3A%2F%2Fcdn.productimages.coles.com.au%2Fproductimages%2F1%2F1145166.jpg&w=640&q=90
Tiny Twinkle Silicone Training Utensils Mint | 1 Pack,,25.0,,https://www.coles.com.au/_next/image?url=https%3A%2F%2Fcdn.productimages.coles.com.au%2Fproductimages%2F8%2F8387742.jpg&w=640&q=90
Tiny Twinkle Silicone Training Utensils Rose | 1 Pack,,25.0,,https://www.coles.com.au/_next/image?url=https%3A%2F%2Fcdn.productimages.coles.com.au%2Fproductimages%2F8%2F8389850.jpg&w=640&q=90
Tiny Twinkle Silicone Training Utensils Grey | 1 Pack,,25.0,,https://www.coles.com.au/_next/image?url=https%3A%2F%2Fcdn.productimages.coles.com.au%2Fproductimages%2F8%2F8389872.jpg&w=640&q=90
Bubba Bump Perineum Ice/heat Gel Pack | 2 Pack,,28.0,,https://www.coles.com.au/_next/image?url=https%3A%2F%2Fcdn.productimages.coles.com.au%2Fproductimages%2F8%2F8387720.jpg&w=640&q=90
First Response Test & Reassure Pregnancy Kit | 3 Pack,,28.5,,https://www.coles.com.au/_next/image?url=https%3A%2F%2Fcdn.productimages.coles.com.au%2Fproductimages%2F6%2F6137835.jpg&w=640&q=90
Tiny Twinkle Silicone Suction Bowl Pink | 1 Pack,,29.0,,https://www.coles.com.au/_next/image?url=https%3A%2F%2Fcdn.productimages.coles.com.au%2Fproductimages%2F8%2F8390623.jpg&w=640&q=90
Tiny Twinkle Silicone Suction Bowl Burgundy | 1 Pack,,29.0,,https://www.coles.com.au/_next/image?url=https%3A%2F%2Fcdn.productimages.coles.com.au%2Fproductimages%2F8%2F8390634.jpg&w=640&q=90
Tiny Twinkle Silicone Suction Bowl Blue | 1 Pack,,29.0,,https://www.coles.com.au/_next/image?url=https%3A%2F%2Fcdn.productimages.coles.com.au%2Fproductimages%2F8%2F8390725.jpg&w=640&q=90
Itti Bitti Swim Nappy Rock Pool Small | 1 each,,30.0,,https://www.coles.com.au/_next/image?url=https%3A%2F%2Fcdn.productimages.coles.com.au%2Fproductimages%2F8%2F8146189.jpg&w=640&q=90
Tiny Twinkle Silicone Suction Plate And Lid Set Pink | 1 each,,30.0,,https://www.coles.com.au/_next/image?url=https%3A%2F%2Fcdn.productimages.coles.com.au%2Fproductimages%2F8%2F8403689.jpg&w=640&q=90
Tiny Twinkle Silicone Suction Plate And Lid Set Burgundy | 1 each,,30.0,,https://www.coles.com.au/_next/image?url=https%3A%2F%2Fcdn.productimages.coles.com.au%2Fproductimages%2F8%2F8404921.jpg&w=640&q=90
Tiny Twinkle Silicone Suction Plate And Lid Set Grey | 1 each,,30.0,,https://www.coles.com.au/_next/image?url=https%3A%2F%2Fcdn.productimages.coles.com.au%2Fproductimages%2F8%2F8405640.jpg&w=640&q=90
Love All Ways Sleeveless Ribbed Onesie - Soft Sage - 0-3 Months | 1 Pack,,30.0,,https://www.coles.com.au/_next/image?url=https%3A%2F%2Fcdn.productimages.coles.com.au%2Fproductimages%2F8%2F8477710.jpg&w=640&q=90
Love All Ways Sleeveless Ribbed Onesie - Soft Sage - 3-6 Months | 1 Pack,,30.0,,https://www.coles.com.au/_next/image?url=https%3A%2F%2Fcdn.productimages.coles.com.au%2Fproductimages%2F8%2F8478010.jpg&w=640&q=90
Love All Ways Sleeveless Ribbed Onesie - Iced Latte - 0-3 Months | 1 Pack,,30.0,,https://www.coles.com.au/_next/image?url=https%3A%2F%2Fcdn.productimages.coles.com.au%2Fproductimages%2F8%2F8481321.jpg&w=640&q=90
Love All Ways Sleeveless Ribbed Onesie - Iced Latte - 3-6 Months | 1 Pack,,30.0,,https://www.coles.com.au/_next/image?url=https%3A%2F%2Fcdn.productimages.coles.com.au%2Fproductimages%2F8%2F8481387.jpg&w=640&q=90
Love All Ways Short Sleeve Ribbed Lounge Set - Iced Latte - 0-3 Months | 1 Pack,,30.0,,https://www.coles.com.au/_next/image?url=https%3A%2F%2Fcdn.productimages.coles.com.au%2Fproductimages%2F8%2F8481398.jpg&w=640&q=90
Love All Ways Short Sleeve Ribbed Lounge Set - Iced Latte - 3-6 Months | 1 Pack,,30.0,,https://www.coles.com.au/_next/image?url=https%3A%2F%2Fcdn.productimages.coles.com.au%2Fproductimages%2F8%2F8481467.jpg&w=640&q=90
Love All Ways Short Sleeve Ribbed Lounge Set - Cloud Grey - 3-6 Months | 1 Pack,,30.0,,https://www.coles.com.au/_next/image?url=https%3A%2F%2Fcdn.productimages.coles.com.au%2Fproductimages%2F8%2F8481514.jpg&w=640&q=90
Love All Ways Organic Bunny Comforter Sea Foam Green | 1 Pack,,30.0,,https://www.coles.com.au/_next/image?url=https%3A%2F%2Fcdn.productimages.coles.com.au%2Fproductimages%2F8%2F8481525.jpg&w=640&q=90
Love All Ways Organic Bunny Comforter Soft Beige | 1 Pack,,30.0,,https://www.coles.com.au/_next/image?url=https%3A%2F%2Fcdn.productimages.coles.com.au%2Fproductimages%2F8%2F8481547.jpg&w=640&q=90
Love All Ways Organic Koala Comforter Sea Foam Green | 1 Pack,,30.0,,https://www.coles.com.au/_next/image?url=https%3A%2F%2Fcdn.productimages.coles.com.au%2Fproductimages%2F8%2F8481570.jpg&w=640&q=90
Love All Ways Organic Koala Comforter Beige | 1 Pack,,30.0,,https://www.coles.com.au/_next/image?url=https%3A%2F%2Fcdn.productimages.coles.com.au%2Fproductimages%2F8%2F8481580.jpg&w=640&q=90
123 Nourish Me Hello Sunshine - Sunscreen | 100g,,33.0,,https://www.coles.com.au/_next/image?url=https%3A%2F%2Fcdn.productimages.coles.com.au%2Fproductimages%2F8%2F8407577.jpg&w=640&q=90
Love All Ways Cozy Button Up Bodysuit - Latte - 0-3 Months | 1 Pack,,33.0,,https://www.coles.com.au/_next/image?url=https%3A%2F%2Fcdn.productimages.coles.com.au%2Fproductimages%2F8%2F8476445.jpg&w=640&q=90
Love All Ways Cozy Button Up Bodysuit - Latte - 3-6 Months | 1 Pack,,33.0,,https://www.coles.com.au/_next/image?url=https%3A%2F%2Fcdn.productimages.coles.com.au%2Fproductimages%2F8%2F8476467.jpg&w=640&q=90
Love All Ways Cozy Button Up Bodysuit - Sea Foam Green - 0-3 Months | 1 Pack,,33.0,,https://www.coles.com.au/_next/image?url=https%3A%2F%2Fcdn.productimages.coles.com.au%2Fproductimages%2F8%2F8476503.jpg&w=640&q=90
Love All Ways Cozy Button Up Bodysuit - Sea Foam Green - 3-6 Months | 1 Pack,,33.0,,https://www.coles.com.au/_next/image?url=https%3A%2F%2Fcdn.productimages.coles.com.au%2Fproductimages%2F8%2F8476536.jpg&w=640&q=90
Tiny Twinkle Apron Bib Infant Sand Cinnamon | 2 Pack,,35.0,,https://www.coles.com.au/_next/image?url=https%3A%2F%2Fcdn.productimages.coles.com.au%2Fproductimages%2F8%2F8390770.jpg&w=640&q=90
Tiny Twinkle Apron Bib Infant Slate Olive | 2 Pack,,35.0,,https://www.coles.com.au/_next/image?url=https%3A%2F%2Fcdn.productimages.coles.com.au%2Fproductimages%2F8%2F8390827.jpg&w=640&q=90
Tiny Twinkle Apron Bib Infant Grey Indigo | 2 Pack,,35.0,,https://www.coles.com.au/_next/image?url=https%3A%2F%2Fcdn.productimages.coles.com.au%2Fproductimages%2F8%2F8390860.jpg&w=640&q=90
Tiny Twinkle Apron Bib Infant Rose Burgundy | 2 Pack,,35.0,,https://www.coles.com.au/_next/image?url=https%3A%2F%2Fcdn.productimages.coles.com.au%2Fproductimages%2F8%2F8401344.jpg&w=640&q=90
Tiny Twinkle Long Sleeve Bib Toddler Rose Burgundy | 2 Pack,,35.0,,https://www.coles.com.au/_next/image?url=https%3A%2F%2Fcdn.productimages.coles.com.au%2Fproductimages%2F8%2F8402405.jpg&w=640&q=90
Tiny Twinkle Long Sleeve Bib Toddler Slate Olive | 2 Pack,,35.0,,https://www.coles.com.au/_next/image?url=https%3A%2F%2Fcdn.productimages.coles.com.au%2Fproductimages%2F8%2F8402438.jpg&w=640&q=90
Tiny Twinkle Long Sleeve Bib Toddler Grey Indigo | 2 Pack,,35.0,,https://www.coles.com.au/_next/image?url=https%3A%2F%2Fcdn.productimages.coles.com.au%2Fproductimages%2F8%2F8402595.jpg&w=640&q=90
123 Nourish Me Chesty Rub Balm | 50g,,35.0,,https://www.coles.com.au/_next/image?url=https%3A%2F%2Fcdn.productimages.coles.com.au%2Fproductimages%2F8%2F8407544.jpg&w=640&q=90
Bubba Bump Postpartum Herbal Sitz Soak | 700g,,36.0,,https://www.coles.com.au/_next/image?url=https%3A%2F%2Fcdn.productimages.coles.com.au%2Fproductimages%2F8%2F8359485.jpg&w=640&q=90
Bubba Bump Pregnancy Bath Soak | 700g,,36.0,,https://www.coles.com.au/_next/image?url=https%3A%2F%2Fcdn.productimages.coles.com.au%2Fproductimages%2F8%2F8387753.jpg&w=640&q=90
Tiny Twinkle Apron Bib Toddler Sand Cinnamon | 2 Pack,,37.0,,https://www.coles.com.au/_next/image?url=https%3A%2F%2Fcdn.productimages.coles.com.au%2Fproductimages%2F8%2F8402697.jpg&w=640&q=90
Tiny Twinkle Apron Bib Toddler Slate & Olive | 2 Pack,,37.0,,https://www.coles.com.au/_next/image?url=https%3A%2F%2Fcdn.productimages.coles.com.au%2Fproductimages%2F8%2F8402824.jpg&w=640&q=90
Tiny Twinkle Apron Bib Toddler Grey Indigo | 2 Pack,,37.0,,https://www.coles.com.au/_next/image?url=https%3A%2F%2Fcdn.productimages.coles.com.au%2Fproductimages%2F8%2F8403441.jpg&w=640&q=90
Tiny Twinkle Apron Bib Toddler Rose & Burgundy | 2 Pack,,37.0,,https://www.coles.com.au/_next/image?url=https%3A%2F%2Fcdn.productimages.coles.com.au%2Fproductimages%2F8%2F8403656.jpg&w=640&q=90
Bubba Bump Breast Ice/Heat Gel Pack | 2 Pack,,40.0,,https://www.coles.com.au/_next/image?url=https%3A%2F%2Fcdn.productimages.coles.com.au%2Fproductimages%2F8%2F8175212.jpg&w=640&q=90
Mother Natal Complete Support Prenatal Vitamin | 60 Pack,,49.95,,https://www.coles.com.au/_next/image?url=https%3A%2F%2Fcdn.productimages.coles.com.au%2Fproductimages%2F8%2F8702260.jpg&w=640&q=90
Gaia Natural Baby Newborn Baby Set | 1 Each,,50.0,,https://www.coles.com.au/_next/image?url=https%3A%2F%2Fcdn.productimages.coles.com.au%2Fproductimages%2F1%2F1408935.jpg&w=640&q=90
Itti Bitti Premium Double Pocket Wetbag And Medium Reusable Swim Na ... 1 each,,55.0,,https://www.coles.com.au/_next/image?url=https%3A%2F%2Fcdn.productimages.coles.com.au%2Fproductimages%2F8%2F8146699.jpg&w=640&q=90
Bonds Baby Zippy Wondersuit Size 00 Assorted each,13.0,,https://assets.woolworths.com.au/images/1005/6067116.jpg?impolicy=wowsmkqiema&w=260&h=260,
Bubs Goat Stage 2 Formula 800g,37.8,,https://assets.woolworths.com.au/images/1005/23524.jpg?impolicy=wowsmkqiema&w=260&h=260,
Snacktacular Fruit Melts Banana & Strawberry 8g,1.7,,https://assets.woolworths.com.au/images/1005/304350.jpg?impolicy=wowsmkqiema&w=260&h=260,
Huggies Glentle Cleanse Baby Wipes Cucumber & Aloe 80 pack,2.75,,https://assets.woolworths.com.au/images/1005/368693.jpg?impolicy=wowsmkqiema&w=260&h=260,
a2 Platinum Follow On Formula Stage 2 900g,43.0,,https://assets.woolworths.com.au/images/1005/237072.jpg?impolicy=wowsmkqiema&w=260&h=260,
Alula Colic & Constipation 0-12M 850g,28.8,,https://assets.woolworths.com.au/images/1005/654787.jpg?impolicy=wowsmkqiema&w=260&h=260,
Alula Gentle Stage 1 Newborn Infant Formula 0-6 Months 900g,19.0,,https://assets.woolworths.com.au/images/1005/654785.jpg?impolicy=wowsmkqiema&w=260&h=260,
Alula Gentle Stage 3 Toddler Milk Drink from 1Year+ 900g,22.0,,https://assets.woolworths.com.au/images/1005/859308.jpg?impolicy=wowsmkqiema&w=260&h=260,
Alula Gold Follow On Formula 6-12M 900g,28.5,,https://assets.woolworths.com.au/images/1005/654783.jpg?impolicy=wowsmkqiema&w=260&h=260,
Alula Gold Newborn Infant Formula 0-6M 900g,28.5,,https://assets.woolworths.com.au/images/1005/654782.jpg?impolicy=wowsmkqiema&w=260&h=260,
Alula Gold Reflux Infant Formula 0-12M 900g,28.8,,https://assets.woolworths.com.au/images/1005/655077.jpg?impolicy=wowsmkqiema&w=260&h=260,
Aptamil Allerpro Syneo 2 Follow-On Formula Allergy 6-12 Months 900g,44.0,,https://assets.woolworths.com.au/images/1005/122313.jpg?impolicy=wowsmkqiema&w=260&h=260,
Aptamil Gold Stage 2 Follow On Baby Formula 6-12M 900g,30.0,,https://assets.woolworths.com.au/images/1005/378532.jpg?impolicy=wowsmkqiema&w=260&h=260,
Aptamil Gold+ Reflux Baby Infant Formula From 0-12 Months 900g,34.0,,https://assets.woolworths.com.au/images/1005/91791.jpg?impolicy=wowsmkqiema&w=260&h=260,
Aptamil PROfutura 3 Premium Toddler Nutrition Supplement + 1 Year 900g,47.3,,https://assets.woolworths.com.au/images/1005/151745.jpg?impolicy=wowsmkqiema&w=260&h=260,
Aptamil Profutura Follow On Formula Stage 2 6-12 Months 800g,40.0,,https://assets.woolworths.com.au/images/1005/6067333.jpg?impolicy=wowsmkqiema&w=260&h=260,
Aptamil Profutura Infant Formula Stage 1 0-6 Months 800g,40.0,,https://assets.woolworths.com.au/images/1005/6067097.jpg?impolicy=wowsmkqiema&w=260&h=260,
Aptamil Sensitive Premium Toddler Formula From 12+ Months 900g,34.1,,https://assets.woolworths.com.au/images/1005/296167.jpg?impolicy=wowsmkqiema&w=260&h=260,
Aveeno Baby Dermexa Eczema Fragrance Free Moisturising Cream 206g,19.6,,https://assets.woolworths.com.au/images/1005/429223.jpg?impolicy=wowsmkqiema&w=260&h=260,
Avent Anti Colic Teats 6+M 2 pack,11.95,,https://assets.woolworths.com.au/images/1005/309434.jpg?impolicy=wowsmkqiema&w=260&h=260,
Avent Anti-Colic Baby Feeding Bottles BPA Free 260mL x 2 pack,19.2,,https://assets.woolworths.com.au/images/1005/309431.jpg?impolicy=wowsmkqiema&w=260&h=260,
Avent Night Time Soother 0-6M 2 pack,11.95,,https://assets.woolworths.com.au/images/1005/378419.jpg?impolicy=wowsmkqiema&w=260&h=260,
Avent Night Time Soother 6-18M 2 pack,12.0,,https://assets.woolworths.com.au/images/1005/378420.jpg?impolicy=wowsmkqiema&w=260&h=260,
B.Box 2-In-1 Suction Plate Assorted each,10.4,,https://assets.woolworths.com.au/images/1005/578365.jpg?impolicy=wowsmkqiema&w=260&h=260,
B.Box Bath Time Brush & Sponge each,10.4,,https://assets.woolworths.com.au/images/1005/262850.jpg?impolicy=wowsmkqiema&w=260&h=260,
B.Box Disney Baby Sippy Cups Assorted each,14.4,,https://assets.woolworths.com.au/images/1005/159934.jpg?impolicy=wowsmkqiema&w=260&h=260,
B.Box Drink Bottle Straw & Cleaner Pack each,8.0,,https://assets.woolworths.com.au/images/1005/24311.jpg?impolicy=wowsmkqiema&w=260&h=260,
B.Box Gelato Sippy Cup Assorted each,13.2,,https://assets.woolworths.com.au/images/1005/578372.jpg?impolicy=wowsmkqiema&w=260&h=260,
B.Box Junior Drink Bottle Assorted 380mL each,13.6,,https://assets.woolworths.com.au/images/1005/6011824.jpg?impolicy=wowsmkqiema&w=260&h=260,
B.Box Silicone Bib Assorted each,12.0,,https://assets.woolworths.com.au/images/1005/385977.jpg?impolicy=wowsmkqiema&w=260&h=260,
B.Box Silicone Fresh Food Feeder Assorted each,11.2,,https://assets.woolworths.com.au/images/1005/115796.jpg?impolicy=wowsmkqiema&w=260&h=260,
B.Box Sippy Cup Glow In The Dark each,12.8,,https://assets.woolworths.com.au/images/1005/215877.jpg?impolicy=wowsmkqiema&w=260&h=260,
B.Box Training Cup Assorted each,8.8,,https://assets.woolworths.com.au/images/1005/115761.jpg?impolicy=wowsmkqiema&w=260&h=260,
Baby Mum-Mum First Rice Rusks Apple & Pumpkin 18 pack,3.85,,https://assets.woolworths.com.au/images/1005/499630.jpg?impolicy=wowsmkqiema&w=260&h=260,
Baby Mum-Mum Organic Rice Rusk Sweet Potato & Carrot 36g x 18 pack,3.85,,https://assets.woolworths.com.au/images/1005/634313.jpg?impolicy=wowsmkqiema&w=260&h=260,
Baby Mum-Mum Organiic Rice Rusks Blueberry & Carrot 18 pack,3.85,,https://assets.woolworths.com.au/images/1005/634312.jpg?impolicy=wowsmkqiema&w=260&h=260,
Baby Mum-Mum Snack Banana Rice Rusk 18 pack,3.85,,https://assets.woolworths.com.au/images/1005/379237.jpg?impolicy=wowsmkqiema&w=260&h=260,
Baby Mum-Mum Snack Vegetable Rice Rusk 36g,3.85,,https://assets.woolworths.com.au/images/1005/323375.jpg?impolicy=wowsmkqiema&w=260&h=260,
Baby Mum-Mum Strawberry & Beetroot Rusks 18 pack,3.85,,https://assets.woolworths.com.au/images/1005/113624.jpg?impolicy=wowsmkqiema&w=260&h=260,
BabyLove Nappy Pants Size 3 (7-11kg) 34 pack,20.0,,https://assets.woolworths.com.au/images/1005/906358.jpg?impolicy=wowsmkqiema&w=260&h=260,
Bellamy's Organic Apple Snacks 12+ Months 20g,3.4,,https://assets.woolworths.com.au/images/1005/331707.jpg?impolicy=wowsmkqiema&w=260&h=260,
Bellamy's Organic Baby Porridge 5+ Months 125g,3.95,,https://assets.woolworths.com.au/images/1005/260241.jpg?impolicy=wowsmkqiema&w=260&h=260,
Bellamy's Organic Baby Rice With Prebiotic 4+ Months 125g,3.95,,https://assets.woolworths.com.au/images/1005/791640.jpg?impolicy=wowsmkqiema&w=260&h=260,
Bellamy's Organic Infant Formula Stage 1 (0-6m) 800g,33.0,,https://assets.woolworths.com.au/images/1005/6021415.jpg?impolicy=wowsmkqiema&w=260&h=260,
Bellamy's Organic Milk & Vanilla Baby Rice 6+ Months 125g,3.95,,https://assets.woolworths.com.au/images/1005/839018.jpg?impolicy=wowsmkqiema&w=260&h=260,
Bellamy's Organic Step 3 Toddler Milk Drink 12+ Months 800g,36.3,,https://assets.woolworths.com.au/images/1005/6021417.jpg?impolicy=wowsmkqiema&w=260&h=260,
Bibs Colour Pacifier Glow In The Dark Size 2 Assorted 2 pack,20.0,,https://assets.woolworths.com.au/images/1005/260237.jpg?impolicy=wowsmkqiema&w=260&h=260,
Bibs Glow In The Dark Pacifier Size 3 2 pack,20.0,,https://assets.woolworths.com.au/images/1005/597375.jpg?impolicy=wowsmkqiema&w=260&h=260,
Bibs Pacifer Night Glow Latex Size 1 Dummy Assorted 2 pack,20.0,,https://assets.woolworths.com.au/images/1005/262798.jpg?impolicy=wowsmkqiema&w=260&h=260,
Blackmores Conceive Well Gold Preconception Vitamin 56 pack,22.5,,https://assets.woolworths.com.au/images/1005/294622.jpg?impolicy=wowsmkqiema&w=260&h=260,
Bluey Melamine Bamboo Bowl Each,5.5,,https://assets.woolworths.com.au/images/1005/212002.jpg?impolicy=wowsmkqiema&w=260&h=260,
Bluey Plush Toy Assorted each,16.0,,https://assets.woolworths.com.au/images/1005/62685.jpg?impolicy=wowsmkqiema&w=260&h=260,
Bluey Tumbler 443mL,12.0,,https://assets.woolworths.com.au/images/1005/210488.jpg?impolicy=wowsmkqiema&w=260&h=260,
Bonds 100 Crew Socks Size 6-12M & 1-2Y Assorted each,4.5,,https://assets.woolworths.com.au/images/1005/603301.jpg?impolicy=wowsmkqiema&w=260&h=260,
Bonds Baby Bucket Hat One Size Assorted each,7.0,,https://assets.woolworths.com.au/images/1005/693928.jpg?impolicy=wowsmkqiema&w=260&h=260,
Bonds Baby License Zippy Wondersuit Size 0-1 Assorted each,16.5,,https://assets.woolworths.com.au/images/1005/6058771.jpg?impolicy=wowsmkqiema&w=260&h=260,
Bonds Baby License Zippy Wondersuit Size 000-00 Assorted each,16.5,,https://assets.woolworths.com.au/images/1005/6058417.jpg?impolicy=wowsmkqiema&w=260&h=260,
Bonds Baby License Zippy Wondersuit Size 2-3 Assorted each,16.5,,https://assets.woolworths.com.au/images/1005/6058742.jpg?impolicy=wowsmkqiema&w=260&h=260,
Bonds Baby Logo Light Low Cut Size 6-12M & 1-2Y 3 pack,5.5,,https://assets.woolworths.com.au/images/1005/565223.jpg?impolicy=wowsmkqiema&w=260&h=260,
Bonds Baby Long Sleeve Bodysuit Size 0000-1 2 pack,9.5,,https://assets.woolworths.com.au/images/1005/6067049.jpg?impolicy=wowsmkqiema&w=260&h=260,
Bonds Baby Singletsuit Size 0000-1 Assorted 2 pack,7.5,,https://assets.woolworths.com.au/images/1005/6067872.jpg?impolicy=wowsmkqiema&w=260&h=260,
Bonds Baby Socks Sport Active Size 6-12M & 1-2Y Assorted 3 pack,5.5,,https://assets.woolworths.com.au/images/1005/352943.jpg?impolicy=wowsmkqiema&w=260&h=260,
Bonds Baby Sportlet Socks Size 6-12M & 1-2Y Assorted 3 pack,5.5,,https://assets.woolworths.com.au/images/1005/859028.jpg?impolicy=wowsmkqiema&w=260&h=260,
Bonds Baby Stretchies Leggings Size 000-2 Assorted each,7.0,,https://assets.woolworths.com.au/images/1005/6066347.jpg?impolicy=wowsmkqiema&w=260&h=260,
Bonds Baby Vest Size 0000-2 3 pack,8.0,,https://assets.woolworths.com.au/images/1005/6067048.jpg?impolicy=wowsmkqiema&w=260&h=260,
Bonds Baby Wondersocks Size 0-6M Assorted 3 pack,4.5,,https://assets.woolworths.com.au/images/1005/250469.jpg?impolicy=wowsmkqiema&w=260&h=260,
Bonds Baby Zippy Romper Size 000-2 each,12.0,,https://assets.woolworths.com.au/images/1005/6067338.jpg?impolicy=wowsmkqiema&w=260&h=260,
Bonds Baby Zippy Wondersuit Poodlette Size 000-1 each,13.0,,https://assets.woolworths.com.au/images/1005/6067975.jpg?impolicy=wowsmkqiema&w=260&h=260,
Bonds Baby Zippy Wondersuit Size 0 Assorted each,13.0,,https://assets.woolworths.com.au/images/1005/6067686.jpg?impolicy=wowsmkqiema&w=260&h=260,
Bonds Baby Zippy Wondersuit Size 000 Assorted each,13.0,,https://assets.woolworths.com.au/images/1005/6067337.jpg?impolicy=wowsmkqiema&w=260&h=260,
Bonds Baby Zippy Wondersuit Size 0000 Assorted each,13.0,,https://assets.woolworths.com.au/images/1005/6067106.jpg?impolicy=wowsmkqiema&w=260&h=260,
Bonds Baby Zippy Wondersuit Size 1 Assorted each,13.0,,https://assets.woolworths.com.au/images/1005/6067714.jpg?impolicy=wowsmkqiema&w=260&h=260,
Bonds Baby Zippy Wondersuit Size 2 Assorted each,13.0,,https://assets.woolworths.com.au/images/1005/6067759.jpg?impolicy=wowsmkqiema&w=260&h=260,
Bonds Baby Zippy Wondersuit Size 3 Assorted each,13.0,,https://assets.woolworths.com.au/images/1005/6067873.jpg?impolicy=wowsmkqiema&w=260&h=260,
Bonds Logo 1/4 Crew Size 6-12M & 1-2Y 3 pack,6.0,,https://assets.woolworths.com.au/images/1005/565216.jpg?impolicy=wowsmkqiema&w=260&h=260,
Bonds Stretchies Bib One Size Assorted each,7.5,,https://assets.woolworths.com.au/images/1005/603306.jpg?impolicy=wowsmkqiema&w=260&h=260,
Brauer Teething Gel 20g,16.0,,https://assets.woolworths.com.au/images/1005/390806.jpg?impolicy=wowsmkqiema&w=260&h=260,
Bubs Goat Formula Stage 3 800g,41.5,,https://assets.woolworths.com.au/images/1005/23525.jpg?impolicy=wowsmkqiema&w=260&h=260,
Bunjie Baby Nappy Barrier Cream Sensitive & Fragrance Free 250g,25.0,,https://assets.woolworths.com.au/images/1005/6024268.jpg?impolicy=wowsmkqiema&w=260&h=260,
Bunjie Probiotic Baby Wipes Fragrance & Toxin-Free 240 pack,19.0,,https://assets.woolworths.com.au/images/1005/219245.jpg?impolicy=wowsmkqiema&w=260&h=260,
Bunjie Probiotic Baby Wipes Fragrance & Toxin-Free 480 pack,37.0,,https://assets.woolworths.com.au/images/1005/6024146.jpg?impolicy=wowsmkqiema&w=260&h=260,
Cetaphil Baby Calendula Wash & Shampoo 400mL,19.5,,https://assets.woolworths.com.au/images/1005/302577.jpg?impolicy=wowsmkqiema&w=260&h=260,
Cherub Baby Food Pouch Minis Assorted 10 pack,16.0,,https://assets.woolworths.com.au/images/1005/265609.jpg?impolicy=wowsmkqiema&w=260&h=260,
Clearblue Pregnancy Test Combo 3 pack,30.0,,https://assets.woolworths.com.au/images/1005/310931.jpg?impolicy=wowsmkqiema&w=260&h=260,
Clearblue Pregnancy Test Rapid Detection 3 pack,18.0,,https://assets.woolworths.com.au/images/1005/444306.jpg?impolicy=wowsmkqiema&w=260&h=260,
Clearblue Pregnancy Test Ultra Early 3 pack,18.0,,https://assets.woolworths.com.au/images/1005/803377.jpg?impolicy=wowsmkqiema&w=260&h=260,
Clearblue Rapid Detection Pregnancy Test each,9.5,,https://assets.woolworths.com.au/images/1005/940556.jpg?impolicy=wowsmkqiema&w=260&h=260,
Clearblue Trying To Get Pregnant Kit 10 Ovulation & 1 Pregnancy Test each,40.0,,https://assets.woolworths.com.au/images/1005/482440.jpg?impolicy=wowsmkqiema&w=260&h=260,
Clearblue Visual Early Detect Pregnancy Tests 7 pack,32.0,,https://assets.woolworths.com.au/images/1005/275790.jpg?impolicy=wowsmkqiema&w=260&h=260,
Cocomelon Flip Top Trainer Baby Bottle each,12.0,,https://assets.woolworths.com.au/images/1005/592328.jpg?impolicy=wowsmkqiema&w=260&h=260,
Cocomelon Sculpted Flatware Set 3 pack,7.9,,https://assets.woolworths.com.au/images/1005/592723.jpg?impolicy=wowsmkqiema&w=260&h=260,
Cotton Candykins Reveal Your Sweet Freind each,20.0,,https://assets.woolworths.com.au/images/1005/6039157.jpg?impolicy=wowsmkqiema&w=260&h=260,
Curash Baby Wipes Fragrance Free 240 pack,14.0,,https://assets.woolworths.com.au/images/1005/380154.jpg?impolicy=wowsmkqiema&w=260&h=260,
Curash Baby Wipes Fragrance Free 80 pack,5.5,,https://assets.woolworths.com.au/images/1005/239760.jpg?impolicy=wowsmkqiema&w=260&h=260,
Curash Baby Wipes Simply Water 80 pack,6.0,,https://assets.woolworths.com.au/images/1005/784649.jpg?impolicy=wowsmkqiema&w=260&h=260,
Curash Gentle Baby Head to Toe Wash 400mL,6.3,,https://assets.woolworths.com.au/images/1005/215454.jpg?impolicy=wowsmkqiema&w=260&h=260,
Curash Gentle Baby Shampoo & Conditioner 400mL,6.3,,https://assets.woolworths.com.au/images/1005/215453.jpg?impolicy=wowsmkqiema&w=260&h=260,
Curash Simply Water Wipes 80 x 3 pack,17.6,,https://assets.woolworths.com.au/images/1005/579156.jpg?impolicy=wowsmkqiema&w=260&h=260,
Curash Simply Water Wipes Travel 5 x 20 pack,12.0,,https://assets.woolworths.com.au/images/1005/155360.jpg?impolicy=wowsmkqiema&w=260&h=260,
DermaVeen Baby Calmexa Extra Rich Moisturising Cream 150mL,9.6,,https://assets.woolworths.com.au/images/1005/296352.jpg?impolicy=wowsmkqiema&w=260&h=260,
DermaVeen Baby Calmexa Soap-Free Wash & Shampoo 250mL,10.8,,https://assets.woolworths.com.au/images/1005/296323.jpg?impolicy=wowsmkqiema&w=260&h=260,
Disney Pixar Cars Mini Vehicles Assorted 3 pack,12.6,,https://assets.woolworths.com.au/images/1005/82811.jpg?impolicy=wowsmkqiema&w=260&h=260,
Ecostore Baby Bubble Bath Fragrance Free 535mL,8.5,,https://assets.woolworths.com.au/images/1005/6020130.jpg?impolicy=wowsmkqiema&w=260&h=260,
Euky Bear Eucalyptus Chest Rub 50g,8.1,,https://assets.woolworths.com.au/images/1005/894061.jpg?impolicy=wowsmkqiema&w=260&h=260,
Farex Breakfast On The Go Creamy Baby Food Porridge 6+ Months 120g,1.6,,https://assets.woolworths.com.au/images/1005/721255.jpg?impolicy=wowsmkqiema&w=260&h=260,
First Response Pregnancy Test Instream 3 pack,17.0,,https://assets.woolworths.com.au/images/1005/232256.jpg?impolicy=wowsmkqiema&w=260&h=260,
First Response Pregnancy Test Instream 7 pack,34.0,,https://assets.woolworths.com.au/images/1005/829122.jpg?impolicy=wowsmkqiema&w=260&h=260,
First Response Pregnancy Test Stream each,10.0,,https://assets.woolworths.com.au/images/1005/158270.jpg?impolicy=wowsmkqiema&w=260&h=260,
Flexi Handle Sippy Cup each,12.0,,https://assets.woolworths.com.au/images/1005/562247.jpg?impolicy=wowsmkqiema&w=260&h=260,
Footy Feud Card Game each,10.0,,https://assets.woolworths.com.au/images/1005/858035.jpg?impolicy=wowsmkqiema&w=260&h=260,
Gaia Natural Baby Bath Wash Sleeptime 500mL,11.9,,https://assets.woolworths.com.au/images/1005/829346.jpg?impolicy=wowsmkqiema&w=260&h=260,
Gaia Natural Baby Biodegradable Nappy Bags 50 pack,7.0,,https://assets.woolworths.com.au/images/1005/156009.jpg?impolicy=wowsmkqiema&w=260&h=260,
Gaia Natural Baby Moisturiser 500mL,11.0,,https://assets.woolworths.com.au/images/1005/215573.jpg?impolicy=wowsmkqiema&w=260&h=260,
Gaia Natural Baby Sleeptime Bubble Bath 250mL,7.0,,https://assets.woolworths.com.au/images/1005/156007.jpg?impolicy=wowsmkqiema&w=260&h=260,
Gaia Nipple Balm 40mL,10.0,,https://assets.woolworths.com.au/images/1005/291109.jpg?impolicy=wowsmkqiema&w=260&h=260,
Gaia Talc Free Natural Baby Powder 100g,6.0,,https://assets.woolworths.com.au/images/1005/333107.jpg?impolicy=wowsmkqiema&w=260&h=260,
Heinz Baby Food 6+ Months Vanilla Custard 120g,1.6,,https://assets.woolworths.com.au/images/1005/362689.jpg?impolicy=wowsmkqiema&w=260&h=260,
Heinz Baby Food 8+ Months Strawberry Vanilla Custard 120g,1.6,,https://assets.woolworths.com.au/images/1005/790517.jpg?impolicy=wowsmkqiema&w=260&h=260,
Heinz Baby Food Apple & Oatmeal 6+ Months 170g,1.6,,https://assets.woolworths.com.au/images/1005/708698.jpg?impolicy=wowsmkqiema&w=260&h=260,
Heinz Baby Food Banana Custard 8+ Months 120g,1.6,,https://assets.woolworths.com.au/images/1005/362691.jpg?impolicy=wowsmkqiema&w=260&h=260,
Heinz Baby Food Chicken Sweetcorn & Mango 6+ Months 120g,1.6,,https://assets.woolworths.com.au/images/1005/790523.jpg?impolicy=wowsmkqiema&w=260&h=260,
Heinz Beef & Vegetable Casserole Baby Food Jar 8+ Months 170g,1.6,,https://assets.woolworths.com.au/images/1005/720985.jpg?impolicy=wowsmkqiema&w=260&h=260,
Heinz Little Kids Vanilla Custard Toddler Food Pouch 1-3 Years 120g,1.6,,https://assets.woolworths.com.au/images/1005/407231.jpg?impolicy=wowsmkqiema&w=260&h=260,
Heinz Little Treats Vanilla Custard Baby Food Jar 6+ Months 110g,1.2,,https://assets.woolworths.com.au/images/1005/26261.jpg?impolicy=wowsmkqiema&w=260&h=260,
Huggies DryNites Night Pants Girl 2-4 Years (13-20kg) 10 pack,12.0,,https://assets.woolworths.com.au/images/1005/213888.jpg?impolicy=wowsmkqiema&w=260&h=260,
Huggies DryNites Night Pants Girl 4-7 Years (17-30kg) 9 pack,12.0,,https://assets.woolworths.com.au/images/1005/213891.jpg?impolicy=wowsmkqiema&w=260&h=260,
Huggies DryNites Night Pants Girl 8-15 Years (27-57kg) 8 pack,12.0,,https://assets.woolworths.com.au/images/1005/214267.jpg?impolicy=wowsmkqiema&w=260&h=260,
Huggies Pure & Sensitive Nappies Size 1 (Up to 5kg) 86 pack,28.0,,https://assets.woolworths.com.au/images/1005/6018664.jpg?impolicy=wowsmkqiema&w=260&h=260,
Huggies Pure & Sensitive Nappies Size 3 (6-12kg) 68 pack,28.0,,https://assets.woolworths.com.au/images/1005/6021234.jpg?impolicy=wowsmkqiema&w=260&h=260,
Huggies Ultra Dry Nappy Pants Boys Size 4 (9-14kg) 62 pack,32.5,,https://assets.woolworths.com.au/images/1005/151677.jpg?impolicy=wowsmkqiema&w=260&h=260,
Huggies Ultra Dry Nappy Pants Boys Size 5 (12-17kg) 54 pack,32.5,,https://assets.woolworths.com.au/images/1005/151679.jpg?impolicy=wowsmkqiema&w=260&h=260,
Huggies Ultra Dry Nappy Pants Boys Size 6 (15-20kg) 48 pack,32.5,,https://assets.woolworths.com.au/images/1005/151681.jpg?impolicy=wowsmkqiema&w=260&h=260,
Huggies Ultra Dry Nappy Pants Girls Size 4 (9-14kg) 62 pack,32.5,,https://assets.woolworths.com.au/images/1005/151678.jpg?impolicy=wowsmkqiema&w=260&h=260,
Huggies Ultra Dry Nappy Pants Girls Size 5 (12-17kg) 54 pack,32.5,,https://assets.woolworths.com.au/images/1005/151680.jpg?impolicy=wowsmkqiema&w=260&h=260,
Huggies Ultra Dry Nappy Pants Girls Size 6 (15-20kg) 48 pack,32.5,,https://assets.woolworths.com.au/images/1005/151842.jpg?impolicy=wowsmkqiema&w=260&h=260,
Infacol Effective Colic Relief 50mL,20.0,,https://assets.woolworths.com.au/images/1005/91412.jpg?impolicy=wowsmkqiema&w=260&h=260,
Johnson's Aloe Vera & Vitamin E Gentle Soothing Moisturising Baby Oil 500mL,12.5,,https://assets.woolworths.com.au/images/1005/118616.jpg?impolicy=wowsmkqiema&w=260&h=260,
Johnson's Baby Smoothing Powder Aloe Vera & Vitamin E 200g,6.0,,https://assets.woolworths.com.au/images/1005/309383.jpg?impolicy=wowsmkqiema&w=260&h=260,
Johnson's Bedtime Gentle Calming Scented Tear Free Baby Bath 500mL,11.0,,https://assets.woolworths.com.au/images/1005/169285.jpg?impolicy=wowsmkqiema&w=260&h=260,
Johnson's Gentle Moisturising Baby Soap Bar 95g x 2 pack,4.5,,https://assets.woolworths.com.au/images/1005/136074.jpg?impolicy=wowsmkqiema&w=260&h=260,
Johnson's Gentle Tear-Free Conditioning Baby Shampoo & Cleansing Wash 500mL,12.5,,https://assets.woolworths.com.au/images/1005/114111.jpg?impolicy=wowsmkqiema&w=260&h=260,
Johnson's Milk + Rice Tear Free Gentle Nourish Moisturising Baby Bath 500mL,12.5,,https://assets.woolworths.com.au/images/1005/935587.jpg?impolicy=wowsmkqiema&w=260&h=260,
Johnson's Top-To-Toe Baby Bath 500mL,11.0,,https://assets.woolworths.com.au/images/1005/145539.jpg?impolicy=wowsmkqiema&w=260&h=260,
Jordans Cleaning Baby Toothbrush Assorted each,5.5,,https://assets.woolworths.com.au/images/1005/352834.jpg?impolicy=wowsmkqiema&w=260&h=260,
Kiddylicious Blueberry Wafers 4 pack,2.45,,https://assets.woolworths.com.au/images/1005/203799.jpg?impolicy=wowsmkqiema&w=260&h=260,
Kiddylicious Cheesy Straws 12g,2.2,,https://assets.woolworths.com.au/images/1005/56230.jpg?impolicy=wowsmkqiema&w=260&h=260,
Kiddylicious Crispy Tiddlers Raspberry 12g,2.2,,https://assets.woolworths.com.au/images/1005/507944.jpg?impolicy=wowsmkqiema&w=260&h=260,
Kiddylicious Fruity Puffs Banana 10g,2.2,,https://assets.woolworths.com.au/images/1005/507933.jpg?impolicy=wowsmkqiema&w=260&h=260,
Kiddylicious Smoothie Melts Strawberry & Banana 12+ Months 6g,2.2,,https://assets.woolworths.com.au/images/1005/220968.jpg?impolicy=wowsmkqiema&w=260&h=260,
Libra Maternity Pads Aloe Vera With Wings 10 pack,6.0,,https://assets.woolworths.com.au/images/1005/312064.jpg?impolicy=wowsmkqiema&w=260&h=260,
Little Bellies Berry Yoghurt Pickup Sticks 16g,3.5,,https://assets.woolworths.com.au/images/1005/274921.jpg?impolicy=wowsmkqiema&w=260&h=260,
Little Bellies Jammies Strawberry & Apple 12m+ 70g,5.5,,https://assets.woolworths.com.au/images/1005/6082405.jpg?impolicy=wowsmkqiema&w=260&h=260,
Little Bellies Mango Yoghurt Pickup Sticks 16g,3.5,,https://assets.woolworths.com.au/images/1005/276000.jpg?impolicy=wowsmkqiema&w=260&h=260,
Little Bellies Nibblers Blueberry & Banana 12m+ 20g,3.5,,https://assets.woolworths.com.au/images/1005/6083218.jpg?impolicy=wowsmkqiema&w=260&h=260,
Little Bellies Nibblers Raspberry & Apple 12m+ 20g,3.5,,https://assets.woolworths.com.au/images/1005/6082356.jpg?impolicy=wowsmkqiema&w=260&h=260,
Little Bellies Organic Banana Softcorn 8g,2.15,,https://assets.woolworths.com.au/images/1005/627754.jpg?impolicy=wowsmkqiema&w=260&h=260,
Little Bellies Organic Berry & Apple Softcorn 30g,5.0,,https://assets.woolworths.com.au/images/1005/175720.jpg?impolicy=wowsmkqiema&w=260&h=260,
Little Bellies Organic Berry & Apple Softcorn 8g,2.15,,https://assets.woolworths.com.au/images/1005/627742.jpg?impolicy=wowsmkqiema&w=260&h=260,
Little Bellies Organic Carrot Puffs 12g,2.15,,https://assets.woolworths.com.au/images/1005/790107.jpg?impolicy=wowsmkqiema&w=260&h=260,
Little Bellies Organic Puffs Apple & Cinnamon 12g,2.15,,https://assets.woolworths.com.au/images/1005/414360.jpg?impolicy=wowsmkqiema&w=260&h=260,
Little Bellies Organic Pumpkin & Carrot Softcorn 8g,2.15,,https://assets.woolworths.com.au/images/1005/176319.jpg?impolicy=wowsmkqiema&w=260&h=260,
Little Bellies Organic Sultanas 6 pack,3.0,,https://assets.woolworths.com.au/images/1005/766376.jpg?impolicy=wowsmkqiema&w=260&h=260,
Little Bellies Organic Sweetcorn Round-a-bouts 12g,2.15,,https://assets.woolworths.com.au/images/1005/839243.jpg?impolicy=wowsmkqiema&w=260&h=260,
Little Bellies Puffs Blueberry 12g,2.15,,https://assets.woolworths.com.au/images/1005/790094.jpg?impolicy=wowsmkqiema&w=260&h=260,
Little Bellies Softcorn Cheddar Cheese 12m+ 30g,5.0,,https://assets.woolworths.com.au/images/1005/6082844.jpg?impolicy=wowsmkqiema&w=260&h=260,
Little One's Baby Powder With Cornstarch 200g,2.0,,https://assets.woolworths.com.au/images/1005/171204.jpg?impolicy=wowsmkqiema&w=260&h=260,
Little One's Baby Wash Cloths Assorted 6 pack,7.5,,https://assets.woolworths.com.au/images/1005/376185.jpg?impolicy=wowsmkqiema&w=260&h=260,
Little One's Baby Wash Head To Toe 500mL,5.0,,https://assets.woolworths.com.au/images/1005/123423.jpg?impolicy=wowsmkqiema&w=260&h=260,
Little One's Baby Wipes 480 pack,11.0,,https://assets.woolworths.com.au/images/1005/961134.jpg?impolicy=wowsmkqiema&w=260&h=260,
Little One's Baby Wipes 80 pack,2.0,,https://assets.woolworths.com.au/images/1005/961095.jpg?impolicy=wowsmkqiema&w=260&h=260,
Little One's Baby Wipes Extra Large Fragrance Free 70 pack,2.0,,https://assets.woolworths.com.au/images/1005/6026750.jpg?impolicy=wowsmkqiema&w=260&h=260,
Little One's Baby Wipes Hand & Face 30 pack,1.6,,https://assets.woolworths.com.au/images/1005/961135.jpg?impolicy=wowsmkqiema&w=260&h=260,
Little One's Baby Wipes Scented 480 pack,11.0,,https://assets.woolworths.com.au/images/1005/122452.jpg?impolicy=wowsmkqiema&w=260&h=260,
Little One's Baby Wipes Scented 80 pack,2.0,,https://assets.woolworths.com.au/images/1005/961133.jpg?impolicy=wowsmkqiema&w=260&h=260,
Little One's Bedtime Mats 7 pack,7.5,,https://assets.woolworths.com.au/images/1005/171203.jpg?impolicy=wowsmkqiema&w=260&h=260,
Little One's Bottle Brush each,7.75,,https://assets.woolworths.com.au/images/1005/17194.jpg?impolicy=wowsmkqiema&w=260&h=260,
Little One's Bright Baby Bibs Assorted 5 pack,11.0,,https://assets.woolworths.com.au/images/1005/378160.jpg?impolicy=wowsmkqiema&w=260&h=260,
Little One's Change Mats 10 pack,5.0,,https://assets.woolworths.com.au/images/1005/171202.jpg?impolicy=wowsmkqiema&w=260&h=260,
Little One's Feeding Bottles Assorted 3 pack,8.0,,https://assets.woolworths.com.au/images/1005/250663.jpg?impolicy=wowsmkqiema&w=260&h=260,
Little One's Gentle Cleansing Bubble Bath Fruity Fragrance 500mL,5.0,,https://assets.woolworths.com.au/images/1005/123425.jpg?impolicy=wowsmkqiema&w=260&h=260,
Little One's Nappy Bags Odour Neutralising 200 pack,3.2,,https://assets.woolworths.com.au/images/1005/573517.jpg?impolicy=wowsmkqiema&w=260&h=260,
Little One's Nappy Pants Size 4 Toddler (9-14kg) 50 pack,17.0,,https://assets.woolworths.com.au/images/1005/6030538.jpg?impolicy=wowsmkqiema&w=260&h=260,
Little One's Nappy Pants Size 5 Walker (12-17kg) 46 pack,17.0,,https://assets.woolworths.com.au/images/1005/6030545.jpg?impolicy=wowsmkqiema&w=260&h=260,
Little One's Nappy Pants Size 6 Junior (15-20kg) 42 pack,17.0,,https://assets.woolworths.com.au/images/1005/6030548.jpg?impolicy=wowsmkqiema&w=260&h=260,
Little One's Premium Baby Wipes Thick Unscented 80 pack,2.75,,https://assets.woolworths.com.au/images/1005/80347.jpg?impolicy=wowsmkqiema&w=260&h=260,
Little One's Premium Thick Scented Baby Wipes 80 pack,2.75,,https://assets.woolworths.com.au/images/1005/184152.jpg?impolicy=wowsmkqiema&w=260&h=260,
Little One's Silicone Teats Fast Flow 2 pack,3.5,,https://assets.woolworths.com.au/images/1005/725362.jpg?impolicy=wowsmkqiema&w=260&h=260,
Little One's Spin & Sip Cups 6M+ Assorted each,6.0,,https://assets.woolworths.com.au/images/1005/725083.jpg?impolicy=wowsmkqiema&w=260&h=260,
Little One's Ultra Dry Nappies Size 1 Newborn (5+kg) 30 pack,5.35,,https://assets.woolworths.com.au/images/1005/86173.jpg?impolicy=wowsmkqiema&w=260&h=260,
Little One's Ultra Dry Nappies Size 2 Infant (4-8kg) 56 pack,11.5,,https://assets.woolworths.com.au/images/1005/86174.jpg?impolicy=wowsmkqiema&w=260&h=260,
Little One's Ultra Dry Nappies Size 3 Crawler (6-11kg) 56 pack,11.5,,https://assets.woolworths.com.au/images/1005/86175.jpg?impolicy=wowsmkqiema&w=260&h=260,
Little One's Ultra Dry Nappies Size 4 Toddler (9-14kg) 50 pack,11.5,,https://assets.woolworths.com.au/images/1005/86176.jpg?impolicy=wowsmkqiema&w=260&h=260,
Little One's Ultra Dry Nappies Size 5 Walker (12-17kg) 44 pack,11.5,,https://assets.woolworths.com.au/images/1005/86177.jpg?impolicy=wowsmkqiema&w=260&h=260,
Little One's Ultra Dry Nappies Size 6 Junior (15-20kg) 40 pack,11.5,,https://assets.woolworths.com.au/images/1005/86178.jpg?impolicy=wowsmkqiema&w=260&h=260,
Little One's Ultra Dry Nappies Size 7 Roamer (18+kg) 36 pack,11.5,,https://assets.woolworths.com.au/images/1005/86179.jpg?impolicy=wowsmkqiema&w=260&h=260,
Little One's Ultra Dry Nappy Pants Size 4 (9-14kg) 25 pack,10.0,,https://assets.woolworths.com.au/images/1005/535526.jpg?impolicy=wowsmkqiema&w=260&h=260,
Little One's Ultra Dry Nappy Pants Size 5 (12-17kg) 23 pack,10.0,,https://assets.woolworths.com.au/images/1005/535528.jpg?impolicy=wowsmkqiema&w=260&h=260,
Little One's Ultra Dry Nappy Pants Size 6 (15-20kg) 21 pack,10.0,,https://assets.woolworths.com.au/images/1005/544755.jpg?impolicy=wowsmkqiema&w=260&h=260,
Little One's Water Baby Wipes Fragrance Free 60 pack,1.9,,https://assets.woolworths.com.au/images/1005/6026751.jpg?impolicy=wowsmkqiema&w=260&h=260,
Little One's Weaning Spoons 5 pack,5.0,,https://assets.woolworths.com.au/images/1005/17147.jpg?impolicy=wowsmkqiema&w=260&h=260,
Little One's Wide Neck Baby Bottle Assorted 2 pack,8.5,,https://assets.woolworths.com.au/images/1005/353063.jpg?impolicy=wowsmkqiema&w=260&h=260,
Little Quacker 1-3 Years Rice Biscuit Strawberry 40g,2.85,,https://assets.woolworths.com.au/images/1005/756670.jpg?impolicy=wowsmkqiema&w=260&h=260,
Macro Baby Food Pouch Apple & Banana With Oats 6+ Months 120g,1.0,,https://assets.woolworths.com.au/images/1005/6044303.jpg?impolicy=wowsmkqiema&w=260&h=260,
Macro Baby Food Pouch Apple Pear & Cinnamon 6+ Months 120g,1.0,,https://assets.woolworths.com.au/images/1005/6043879.jpg?impolicy=wowsmkqiema&w=260&h=260,
Macro Baby Food Pouch Banana & Vanilla Custard 6+ Months 120g,1.0,,https://assets.woolworths.com.au/images/1005/6048119.jpg?impolicy=wowsmkqiema&w=260&h=260,
Macro Baby Food Pouch Chicken Vegetables & Oregano 6+ Months 120g,1.0,,https://assets.woolworths.com.au/images/1005/6042388.jpg?impolicy=wowsmkqiema&w=260&h=260,
Macro Baby Food Pouch Pear Apple & Berries 6+ Months 120g,1.0,,https://assets.woolworths.com.au/images/1005/6047745.jpg?impolicy=wowsmkqiema&w=260&h=260,
Macro Baby Food Pouch Pear Banana & Mango 6m+ 120g,1.0,,https://assets.woolworths.com.au/images/1005/6044320.jpg?impolicy=wowsmkqiema&w=260&h=260,
Macro Baby Food Pouch Pear Banana Blueberry & Oats 120g,1.0,,https://assets.woolworths.com.au/images/1005/6043827.jpg?impolicy=wowsmkqiema&w=260&h=260,
Macro Baby Food Pouch Pumpkin Sweet Potato & Pear 120g,1.0,,https://assets.woolworths.com.au/images/1005/6044311.jpg?impolicy=wowsmkqiema&w=260&h=260,
Macro Organic Baby Food Apple & Blueberry 6m 120g,1.5,,https://assets.woolworths.com.au/images/1005/713590.jpg?impolicy=wowsmkqiema&w=260&h=260,
Macro Organic Baby Food Apple & Pear 6m 120g,1.5,,https://assets.woolworths.com.au/images/1005/713568.jpg?impolicy=wowsmkqiema&w=260&h=260,
Macro Organic Baby Food Apple Berries & Fig With Yoghurt 120g,1.5,,https://assets.woolworths.com.au/images/1005/669657.jpg?impolicy=wowsmkqiema&w=260&h=260,
Macro Organic Baby Food Beef Vegetables & Rice 6m 120g,1.5,,https://assets.woolworths.com.au/images/1005/713596.jpg?impolicy=wowsmkqiema&w=260&h=260,
Macro Organic Baby Food Chicken & Sweetcorn Pasta 6m 120g,1.5,,https://assets.woolworths.com.au/images/1005/713599.jpg?impolicy=wowsmkqiema&w=260&h=260,
Macro Organic Baby Food Mixed Fruit Spinach Smoothie with Yoghurt & Oats 120g,1.5,,https://assets.woolworths.com.au/images/1005/399373.jpg?impolicy=wowsmkqiema&w=260&h=260,
Macro Organic Baby Food Pumpkin Potato Carrot & Sweetcorn 120g,1.5,,https://assets.woolworths.com.au/images/1005/713592.jpg?impolicy=wowsmkqiema&w=260&h=260,
Macro Organic Baby Food Sweet Potato Carrot & Zucchini 120g,1.5,,https://assets.woolworths.com.au/images/1005/669654.jpg?impolicy=wowsmkqiema&w=260&h=260,
Macro Organic Baby Food Vegetable Lasagne 6m 120g,1.5,,https://assets.woolworths.com.au/images/1005/133168.jpg?impolicy=wowsmkqiema&w=260&h=260,
Macro Organic Baby FoodApple Banana & Blueberry Muesli 6m 120g,1.5,,https://assets.woolworths.com.au/images/1005/749784.jpg?impolicy=wowsmkqiema&w=260&h=260,
Millie Moon 99% Pure Water Baby Wipes 216 pack,10.0,,https://assets.woolworths.com.au/images/1005/6014355.jpg?impolicy=wowsmkqiema&w=260&h=260,
Millie Moon 99% Pure Water Wipes 72 pack,5.0,,https://assets.woolworths.com.au/images/1005/6014356.jpg?impolicy=wowsmkqiema&w=260&h=260,
Millie Moon Luxury Nappies Size 1 Newborn (3-5kg) 54 pack,17.5,,https://assets.woolworths.com.au/images/1005/6007813.jpg?impolicy=wowsmkqiema&w=260&h=260,
Millie Moon Luxury Nappies Size 2 (4-8kg) 96 pack,31.0,,https://assets.woolworths.com.au/images/1005/6016332.jpg?impolicy=wowsmkqiema&w=260&h=260,
Millie Moon Luxury Nappies Size 2 Infant (4-8kg) 48 pack,17.5,,https://assets.woolworths.com.au/images/1005/6007149.jpg?impolicy=wowsmkqiema&w=260&h=260,
Millie Moon Luxury Nappies Size 3 (6-11kg) 88 pack,31.0,,https://assets.woolworths.com.au/images/1005/6014521.jpg?impolicy=wowsmkqiema&w=260&h=260,
Millie Moon Luxury Nappies Size 3 Crawler (6-11kg) 44 pack,17.5,,https://assets.woolworths.com.au/images/1005/6007148.jpg?impolicy=wowsmkqiema&w=260&h=260,
Millie Moon Luxury Nappies Size 4 (10-15kg) 72 pack,31.0,,https://assets.woolworths.com.au/images/1005/6014530.jpg?impolicy=wowsmkqiema&w=260&h=260,
Millie Moon Luxury Nappies Size 4 Toddler (10-15kg) 36 pack,17.5,,https://assets.woolworths.com.au/images/1005/6007811.jpg?impolicy=wowsmkqiema&w=260&h=260,
Millie Moon Luxury Nappies Size 5 (13-18kg) 64 pack,31.0,,https://assets.woolworths.com.au/images/1005/6014531.jpg?impolicy=wowsmkqiema&w=260&h=260,
Millie Moon Luxury Nappies Size 5 Walker (13-18kg) 32 pack,17.5,,https://assets.woolworths.com.au/images/1005/6007782.jpg?impolicy=wowsmkqiema&w=260&h=260,
Millie Moon Luxury Nappies Size 6 (15-20kg) 60 pack,31.0,,https://assets.woolworths.com.au/images/1005/6014532.jpg?impolicy=wowsmkqiema&w=260&h=260,
Millie Moon Luxury Nappies Size 6 Junior (15-20kg) 30 pack,17.5,,https://assets.woolworths.com.au/images/1005/6007815.jpg?impolicy=wowsmkqiema&w=260&h=260,
Millie Moon Luxury Nappies Size 7 (17+kg) 26 pack,17.5,,https://assets.woolworths.com.au/images/1005/6014520.jpg?impolicy=wowsmkqiema&w=260&h=260,
Millie Moon Luxury Nappies Size 7 (17+kg) 54 pack,31.0,,https://assets.woolworths.com.au/images/1005/6076880.jpg?impolicy=wowsmkqiema&w=260&h=260,
Millie Moon Luxury Nappy Pants Size 4 (10-15kg) 56 pack,26.0,,https://assets.woolworths.com.au/images/1005/6016334.jpg?impolicy=wowsmkqiema&w=260&h=260,
Millie Moon Luxury Nappy Pants Size 5 (13-18kg) 50 pack,26.0,,https://assets.woolworths.com.au/images/1005/6016335.jpg?impolicy=wowsmkqiema&w=260&h=260,
Millie Moon Luxury Nappy Pants Size 6 (15-20kg) 46 pack,26.0,,https://assets.woolworths.com.au/images/1005/6016336.jpg?impolicy=wowsmkqiema&w=260&h=260,
Millie Moon Luxury Nappy Pants Size 7 (17+kg) 42 pack,26.0,,https://assets.woolworths.com.au/images/1005/6016337.jpg?impolicy=wowsmkqiema&w=260&h=260,
Millie Moon Ms Rachel Nappy Pants Size 4 (10-15kg) 29 pack,17.5,,https://assets.woolworths.com.au/images/1005/6014533.jpg?impolicy=wowsmkqiema&w=260&h=260,
Millie Moon Ms Rachel Nappy Pants Size 5 (13-18kg) 26 pack,17.5,,https://assets.woolworths.com.au/images/1005/6014534.jpg?impolicy=wowsmkqiema&w=260&h=260,
Millie Moon Ms Rachel Nappy Pants Size 6 (15-20kg) 24 pack,17.5,,https://assets.woolworths.com.au/images/1005/6014535.jpg?impolicy=wowsmkqiema&w=260&h=260,
Millie Moon Ms Rachel Nappy Pants Size 7 (17+kg) 22 pack,17.5,,https://assets.woolworths.com.au/images/1005/6007812.jpg?impolicy=wowsmkqiema&w=260&h=260,
Millie Moon Sensitive Baby Wipes 240 pack,10.0,,https://assets.woolworths.com.au/images/1005/6014354.jpg?impolicy=wowsmkqiema&w=260&h=260,
Millie Moon Sensitive Baby Wipes 80 pack,5.0,,https://assets.woolworths.com.au/images/1005/6014353.jpg?impolicy=wowsmkqiema&w=260&h=260,
Milton Anti Bacterial Tablets 30 pack,9.5,,https://assets.woolworths.com.au/images/1005/32836.jpg?impolicy=wowsmkqiema&w=260&h=260,
Misfitten Kittens Assorted each,13.6,,https://assets.woolworths.com.au/images/1005/906304.jpg?impolicy=wowsmkqiema&w=260&h=260,
Mumamoo Follow On Baby Formula Stage 2 (6-12m) 800g,31.4,,https://assets.woolworths.com.au/images/1005/6023145.jpg?impolicy=wowsmkqiema&w=260&h=260,
Mumamoo Toddler Milk Formula Stage 3 800g,31.4,,https://assets.woolworths.com.au/images/1005/6023229.jpg?impolicy=wowsmkqiema&w=260&h=260,
Munchkin Flexi Straw Cup Assorted 207mL each,12.0,,https://assets.woolworths.com.au/images/1005/428365.jpg?impolicy=wowsmkqiema&w=260&h=260,
Munchkin Miracle 360 Trainer Cup Assorted each,12.0,,https://assets.woolworths.com.au/images/1005/428373.jpg?impolicy=wowsmkqiema&w=260&h=260,
Nan EXPERTpro Lactose Intolerance Baby Formula From 0-12M 400g,16.4,,https://assets.woolworths.com.au/images/1005/898447.jpg?impolicy=wowsmkqiema&w=260&h=260,
Nan Sensitive Infant Formula 0-12 Months 800g,35.0,,https://assets.woolworths.com.au/images/1005/6080163.jpg?impolicy=wowsmkqiema&w=260&h=260,
Nan Sensitive Toddler Formula From 1 Year 800g,38.5,,https://assets.woolworths.com.au/images/1005/6080162.jpg?impolicy=wowsmkqiema&w=260&h=260,
Nan Supreme Pro 4 Junior Formula Powder 800g,33.0,,https://assets.woolworths.com.au/images/1005/6039171.jpg?impolicy=wowsmkqiema&w=260&h=260,
Nan Supremepro Stage 1 Infant Formula From Birth 800g,38.0,,https://assets.woolworths.com.au/images/1005/6080193.jpg?impolicy=wowsmkqiema&w=260&h=260,
Nan Supremepro Stage 2 Follow On Formula From 6 Months 800g,38.0,,https://assets.woolworths.com.au/images/1005/6080458.jpg?impolicy=wowsmkqiema&w=260&h=260,
New Beginnings Bamboo Nursing Pads 80 pack,11.0,,https://assets.woolworths.com.au/images/1005/292100.jpg?impolicy=wowsmkqiema&w=260&h=260,
Nuby No Spill Twin Handle Cup Assorted 295mL each,10.5,,https://assets.woolworths.com.au/images/1005/325092.jpg?impolicy=wowsmkqiema&w=260&h=260,
Nuby Teether Bug-A-Loop each,12.5,,https://assets.woolworths.com.au/images/1005/811199.jpg?impolicy=wowsmkqiema&w=260&h=260,
Nuby Teether Keys each,12.0,,https://assets.woolworths.com.au/images/1005/262352.jpg?impolicy=wowsmkqiema&w=260&h=260,
Nuby Tritan Boost Flip It 360Ml each,15.0,,https://assets.woolworths.com.au/images/1005/53053.jpg?impolicy=wowsmkqiema&w=260&h=260,
Nuby Tritan Printed Flip It Cup 532Ml each,15.0,,https://assets.woolworths.com.au/images/1005/53104.jpg?impolicy=wowsmkqiema&w=260&h=260,
Nuk Baby Bottle Cleanser 500mL,13.0,,https://assets.woolworths.com.au/images/1005/171246.jpg?impolicy=wowsmkqiema&w=260&h=260,
Nuk First Choice Duo Bottles Temperature Control 2 pack,22.0,,https://assets.woolworths.com.au/images/1005/174466.jpg?impolicy=wowsmkqiema&w=260&h=260,
Nuk First Choice Learner Bottle Temp Control 6-18M Assorted 150mL each,15.0,,https://assets.woolworths.com.au/images/1005/156308.jpg?impolicy=wowsmkqiema&w=260&h=260,
NUK First Choice Night Soother Bunny & Sheep 0-6M 2 pack,13.0,,https://assets.woolworths.com.au/images/1005/6058504.jpg?impolicy=wowsmkqiema&w=260&h=260,
NUK First Choice Night Soother Bunny & Sheep 18-36M 2 pack,13.0,,https://assets.woolworths.com.au/images/1005/6058679.jpg?impolicy=wowsmkqiema&w=260&h=260,
NUK First Choice Night Soother Bunny & Sheep 6-18M 2 pack,13.0,,https://assets.woolworths.com.au/images/1005/6058377.jpg?impolicy=wowsmkqiema&w=260&h=260,
NUK First Choice Night Soother Hippo & Koala 0-6M 2 pack,13.0,,https://assets.woolworths.com.au/images/1005/6058492.jpg?impolicy=wowsmkqiema&w=260&h=260,
NUK First Choice Night Soother Hippo & Koala 18-36M 2 pack,13.0,,https://assets.woolworths.com.au/images/1005/6058700.jpg?impolicy=wowsmkqiema&w=260&h=260,
NUK First Choice Night Soother Hippo & Koala 6-18M 2 pack,13.0,,https://assets.woolworths.com.au/images/1005/6058398.jpg?impolicy=wowsmkqiema&w=260&h=260,
Nuk Starter Toothbrush 12+ Months each,5.0,,https://assets.woolworths.com.au/images/1005/573708.jpg?impolicy=wowsmkqiema&w=260&h=260,
Nuk Temperatrue Control Bottle 0-6M Assorted each,13.0,,https://assets.woolworths.com.au/images/1005/96124.jpg?impolicy=wowsmkqiema&w=260&h=260,
Nuovo Vita Early Detect & Reassure Pregnancy Test 3 pack,14.0,,https://assets.woolworths.com.au/images/1005/6058399.jpg?impolicy=wowsmkqiema&w=260&h=260,
Nvita Pregnancy Hcg Test Kit 3 pack,10.0,,https://assets.woolworths.com.au/images/1005/136788.jpg?impolicy=wowsmkqiema&w=260&h=260,
Oli6 Goat Milk Toddler Drink Stage 3 From 1 Year 800g,43.45,,https://assets.woolworths.com.au/images/1005/222380.jpg?impolicy=wowsmkqiema&w=260&h=260,
Only Organic 4 Months+ Apple Peach & Apricot 120g,2.3,,https://assets.woolworths.com.au/images/1005/322266.jpg?impolicy=wowsmkqiema&w=260&h=260,
Only Organic 4 Months+ Banana & Apple 120g,2.3,,https://assets.woolworths.com.au/images/1005/322268.jpg?impolicy=wowsmkqiema&w=260&h=260,
Only Organic 6 Months+ Apple Banana & Mango 120g,2.3,,https://assets.woolworths.com.au/images/1005/333288.jpg?impolicy=wowsmkqiema&w=260&h=260,
Only Organic 8 Months+ Banana Raspberry & Vanilla 120g,2.3,,https://assets.woolworths.com.au/images/1005/333290.jpg?impolicy=wowsmkqiema&w=260&h=260,
Only Organic 8 Months+ Carrot Red Lentils & Cheddar 120g,2.3,,https://assets.woolworths.com.au/images/1005/710425.jpg?impolicy=wowsmkqiema&w=260&h=260,
Only Organic Apple Coconut & Flaxseed Biscuits 100g,5.0,,https://assets.woolworths.com.au/images/1005/276767.jpg?impolicy=wowsmkqiema&w=260&h=260,
Only Organic Baby Biscuits Pear Cinnamon & Oat 100g,5.0,,https://assets.woolworths.com.au/images/1005/6041918.jpg?impolicy=wowsmkqiema&w=260&h=260,
Only Organic Cauliflower Broccoli & Cheddar 120g,2.3,,https://assets.woolworths.com.au/images/1005/710460.jpg?impolicy=wowsmkqiema&w=260&h=260,
Only Organic Chicken Bolognese 170g,3.15,,https://assets.woolworths.com.au/images/1005/681967.jpg?impolicy=wowsmkqiema&w=260&h=260,
Only Organic Food Rice Cakes Snack Strawberry Yoghurt 60g,5.0,,https://assets.woolworths.com.au/images/1005/710451.jpg?impolicy=wowsmkqiema&w=260&h=260,
Only Organic Macaroni Cheese 220g,3.85,,https://assets.woolworths.com.au/images/1005/934475.jpg?impolicy=wowsmkqiema&w=260&h=260,
Only Organic Mango Chicken & Coconut Rice 170g,3.15,,https://assets.woolworths.com.au/images/1005/682039.jpg?impolicy=wowsmkqiema&w=260&h=260,
Only Organic Mango Coconut & Quinoa 120g,2.3,,https://assets.woolworths.com.au/images/1005/53366.jpg?impolicy=wowsmkqiema&w=260&h=260,
Only Organic Melty Corn Sticks Banana & Mango 15g,2.5,,https://assets.woolworths.com.au/images/1005/905507.jpg?impolicy=wowsmkqiema&w=260&h=260,
Only Organic Melty Corn Sticks Strawberry & Blueberry 15g,2.5,,https://assets.woolworths.com.au/images/1005/905815.jpg?impolicy=wowsmkqiema&w=260&h=260,
Only Organic Oat Bars Banana & Raisin 6 pack,5.5,,https://assets.woolworths.com.au/images/1005/226074.jpg?impolicy=wowsmkqiema&w=260&h=260,
Only Organic Pasta Bolognese 170g,3.15,,https://assets.woolworths.com.au/images/1005/660268.jpg?impolicy=wowsmkqiema&w=260&h=260,
Only Organic Pear & Mango Super Smooth 4+ Months 120g,2.3,,https://assets.woolworths.com.au/images/1005/372443.jpg?impolicy=wowsmkqiema&w=260&h=260,
Only Organic Pumpkin & Sweet Potato 120g,2.3,,https://assets.woolworths.com.au/images/1005/6043949.jpg?impolicy=wowsmkqiema&w=260&h=260,
Only Organic Snack Bandits Melties Summer Berries 15g,5.0,,https://assets.woolworths.com.au/images/1005/6022482.jpg?impolicy=wowsmkqiema&w=260&h=260,
Only Organic Strawberry & Apple Oat Bars With Wholegrains 6 pack,5.5,,https://assets.woolworths.com.au/images/1005/226828.jpg?impolicy=wowsmkqiema&w=260&h=260,
Only Organic Sweet Pot Lamb & Couscous 170g,3.15,,https://assets.woolworths.com.au/images/1005/53365.jpg?impolicy=wowsmkqiema&w=260&h=260,
Philips Avent 330mL Bottle each,12.0,,https://assets.woolworths.com.au/images/1005/886895.jpg?impolicy=wowsmkqiema&w=260&h=260,
Philips Avent Anti Colic Baby Bottle Teats 3 Month+ 2 pack,12.0,,https://assets.woolworths.com.au/images/1005/309433.jpg?impolicy=wowsmkqiema&w=260&h=260,
Philips Avent Ultra Air Nighttime Soother 18m+ 2 pack,11.95,,https://assets.woolworths.com.au/images/1005/293008.jpg?impolicy=wowsmkqiema&w=260&h=260,
Philips Avent Ultra Air Soother 0-6M Assorted 2 pack,12.0,,https://assets.woolworths.com.au/images/1005/231999.jpg?impolicy=wowsmkqiema&w=260&h=260,
Philips Avent Ultra Air Soother 18+M Assorted 2 pack,12.0,,https://assets.woolworths.com.au/images/1005/758687.jpg?impolicy=wowsmkqiema&w=260&h=260,
Philips Avent Ultra Air Soother 6-18M Assorted 2 pack,11.2,,https://assets.woolworths.com.au/images/1005/350139.jpg?impolicy=wowsmkqiema&w=260&h=260,
Playgro Activity Rattle each,9.6,,https://assets.woolworths.com.au/images/1005/625698.jpg?impolicy=wowsmkqiema&w=260&h=260,
Playgro Grooming Nail Care Set each,7.6,,https://assets.woolworths.com.au/images/1005/262359.jpg?impolicy=wowsmkqiema&w=260&h=260,
Playgro Jerry Giraffe Water Teether each,6.3,,https://assets.woolworths.com.au/images/1005/554624.jpg?impolicy=wowsmkqiema&w=260&h=260,
Playgro Little Hands Rattle Purse Assorted each,7.6,,https://assets.woolworths.com.au/images/1005/291954.jpg?impolicy=wowsmkqiema&w=260&h=260,
Playgro Under The Sea Squirtees each,8.0,,https://assets.woolworths.com.au/images/1005/221854.jpg?impolicy=wowsmkqiema&w=260&h=260,
QV Baby Gentle Wash 250g,13.5,,https://assets.woolworths.com.au/images/1005/353037.jpg?impolicy=wowsmkqiema&w=260&h=260,
QV Moisturising Cream For Baby 250g,18.5,,https://assets.woolworths.com.au/images/1005/349191.jpg?impolicy=wowsmkqiema&w=260&h=260,
Rafferty's Garden Apple & Raspberry Snack Bars Bars With Fruit 12+ Months 8 pack,5.5,,https://assets.woolworths.com.au/images/1005/498472.jpg?impolicy=wowsmkqiema&w=260&h=260,
Rafferty's Garden Apple Snack Bars With Real Fruit 12+ Months 8 pack,5.5,,https://assets.woolworths.com.au/images/1005/335208.jpg?impolicy=wowsmkqiema&w=260&h=260,
Rafferty's Garden Baby Food Pouch Apple Banana & Peach 4+ Months 120g,1.9,,https://assets.woolworths.com.au/images/1005/709557.jpg?impolicy=wowsmkqiema&w=260&h=260,
Rafferty's Garden Baby Food Pouch Apple Pear & Cinnamon 4+ Months 120g,1.9,,https://assets.woolworths.com.au/images/1005/291279.jpg?impolicy=wowsmkqiema&w=260&h=260,
Rafferty's Garden Baby Food Pouch Beef & Veg Italian Lasagne 10+ Months 170g,2.8,,https://assets.woolworths.com.au/images/1005/345376.jpg?impolicy=wowsmkqiema&w=260&h=260,
Rafferty's Garden Baby Food Pouch Beef Bolognese & Macaroni 10+ Months 170g,2.8,,https://assets.woolworths.com.au/images/1005/291183.jpg?impolicy=wowsmkqiema&w=260&h=260,
Rafferty's Garden Baby Food Pouch Blueberries Banana & Apple 4+ Months 120g,1.9,,https://assets.woolworths.com.au/images/1005/291277.jpg?impolicy=wowsmkqiema&w=260&h=260,
Rafferty's Garden Baby Food Pouch Chicken Vegetables & Rice 6+ Months 120g,1.9,,https://assets.woolworths.com.au/images/1005/63917.jpg?impolicy=wowsmkqiema&w=260&h=260,
Rafferty's Garden Baby Food Pouch Pear & Apricot & Nothing Else 4+ Months 120g,1.9,,https://assets.woolworths.com.au/images/1005/334528.jpg?impolicy=wowsmkqiema&w=260&h=260,
Rafferty's Garden Baby Food Pouch Pear & Prune & Nothing Else 4+ Months 120g,1.9,,https://assets.woolworths.com.au/images/1005/64807.jpg?impolicy=wowsmkqiema&w=260&h=260,
Rafferty's Garden Baby Food Pouch Pear & Superberries 4+ Months 120g,1.9,,https://assets.woolworths.com.au/images/1005/709604.jpg?impolicy=wowsmkqiema&w=260&h=260,
Rafferty's Garden Baby Food Pouch Pumpkin Apple & Sweetcorn 4+ Months 120g,1.9,,https://assets.woolworths.com.au/images/1005/291188.jpg?impolicy=wowsmkqiema&w=260&h=260,
Rafferty's Garden Baby Food Pouch Sweet Potato Carrot & Apple 4+ Months 120g,1.9,,https://assets.woolworths.com.au/images/1005/291187.jpg?impolicy=wowsmkqiema&w=260&h=260,
Rafferty's Garden Banana & Mango Custard Baby Food Pouch Dessert 6+ Months 120g,1.9,,https://assets.woolworths.com.au/images/1005/226222.jpg?impolicy=wowsmkqiema&w=260&h=260,
Rafferty's Garden Banana & Mango Puffed Bars With Yoghurt Drizzle 1-5Y 6 pack,5.5,,https://assets.woolworths.com.au/images/1005/6082847.jpg?impolicy=wowsmkqiema&w=260&h=260,
Rafferty's Garden Banana Snack Bars With Real Fruit 12+ Months 8 pack,5.5,,https://assets.woolworths.com.au/images/1005/335206.jpg?impolicy=wowsmkqiema&w=260&h=260,
Rafferty's Garden Blueberry & Banana Custard Baby Food Pouch 6+ Months 120g,1.9,,https://assets.woolworths.com.au/images/1005/306619.jpg?impolicy=wowsmkqiema&w=260&h=260,
Rafferty's Garden Blueberry & Banana Snack Bars With Real Fruit 12+ Months 8 pack,5.5,,https://assets.woolworths.com.au/images/1005/789941.jpg?impolicy=wowsmkqiema&w=260&h=260,
Rafferty's Garden Happy Tummies Apple & Strawberry Puffed Rice Bars 6 pack,5.5,,https://assets.woolworths.com.au/images/1005/6022248.jpg?impolicy=wowsmkqiema&w=260&h=260,
Rafferty's Garden Happy Tummies Blueberry Puffed Rice Bars 6 pack,5.5,,https://assets.woolworths.com.au/images/1005/6022776.jpg?impolicy=wowsmkqiema&w=260&h=260,
Rafferty's Garden Happy Tummies Star Puffs Pear & Mango 12g,1.8,,https://assets.woolworths.com.au/images/1005/6023762.jpg?impolicy=wowsmkqiema&w=260&h=260,
Rafferty's Garden Immunity Star Puffs Blueberry 12g,1.8,,https://assets.woolworths.com.au/images/1005/6023531.jpg?impolicy=wowsmkqiema&w=260&h=260,
Rafferty's Garden Little Smoothies Baby Food Coconut Mango Passionfruit 120g,2.0,,https://assets.woolworths.com.au/images/1005/6024880.jpg?impolicy=wowsmkqiema&w=260&h=260,
Rafferty's Garden Little Smoothies Coconut Berry 120g,2.0,,https://assets.woolworths.com.au/images/1005/642849.jpg?impolicy=wowsmkqiema&w=260&h=260,
Rafferty's Garden Little Smoothies Coconut Cacao 120g,2.0,,https://assets.woolworths.com.au/images/1005/642959.jpg?impolicy=wowsmkqiema&w=260&h=260,
Rafferty's Garden Mango & Chia Pressed Bar 6 pack,5.0,,https://assets.woolworths.com.au/images/1005/6022625.jpg?impolicy=wowsmkqiema&w=260&h=260,
Rafferty's Garden Mango & Vanilla Yoghurt Brekkie Pouch 120g,1.9,,https://assets.woolworths.com.au/images/1005/908229.jpg?impolicy=wowsmkqiema&w=260&h=260,
Rafferty's Garden Mini Yoghurt Drops Banana 8g,2.5,,https://assets.woolworths.com.au/images/1005/104243.jpg?impolicy=wowsmkqiema&w=260&h=260,
Rafferty's Garden Nurture Immunity Strawberry Apple Chia 12m+ 120g,2.0,,https://assets.woolworths.com.au/images/1005/6082285.jpg?impolicy=wowsmkqiema&w=260&h=260,
Rafferty's Garden Peach Puffed Bars With Yoghurt Drizzle 1-5Y 6 pack,5.5,,https://assets.woolworths.com.au/images/1005/6083080.jpg?impolicy=wowsmkqiema&w=260&h=260,
Rafferty's Garden Porridge Banana & Vanilla 12m+ 200g,4.8,,https://assets.woolworths.com.au/images/1005/6082870.jpg?impolicy=wowsmkqiema&w=260&h=260,
Rafferty's Garden Porridge Mixed Berry 12m+ 200g,4.8,,https://assets.woolworths.com.au/images/1005/6082411.jpg?impolicy=wowsmkqiema&w=260&h=260,
Rafferty's Garden Smiley Puffs Banana 30g,3.0,,https://assets.woolworths.com.au/images/1005/6023799.jpg?impolicy=wowsmkqiema&w=260&h=260,
Rafferty's Garden Smiley Puffs Strawberry 30g,3.0,,https://assets.woolworths.com.au/images/1005/6023392.jpg?impolicy=wowsmkqiema&w=260&h=260,
Rafferty's Garden Start Smart Baby Food Pouch Banana Blueberry & Spinach 120g,2.0,,https://assets.woolworths.com.au/images/1005/6023123.jpg?impolicy=wowsmkqiema&w=260&h=260,
Rafferty's Garden Yoghurt Buttons Mixed Berry 10+ Months 28g,6.0,,https://assets.woolworths.com.au/images/1005/363525.jpg?impolicy=wowsmkqiema&w=260&h=260,
Rafferty's Garden Yoghurt Buttons Strawberry 10+ Months 28g,6.0,,https://assets.woolworths.com.au/images/1005/720545.jpg?impolicy=wowsmkqiema&w=260&h=260,
Reversible Plush Assorted each,7.2,,https://assets.woolworths.com.au/images/1005/913250.jpg?impolicy=wowsmkqiema&w=260&h=260,
Rite Aid Baby Nail Trimmer each,25.0,,https://assets.woolworths.com.au/images/1005/16849.jpg?impolicy=wowsmkqiema&w=260&h=260,
Rite Aid Breast Discs Hydrogel 12 pack,9.0,,https://assets.woolworths.com.au/images/1005/415406.jpg?impolicy=wowsmkqiema&w=260&h=260,
Rite Aid Nursing Pads 40 pack,7.5,,https://assets.woolworths.com.au/images/1005/212873.jpg?impolicy=wowsmkqiema&w=260&h=260,
Snacktacular Fruit Melts Banana & Blueberry 8g,1.7,,https://assets.woolworths.com.au/images/1005/305108.jpg?impolicy=wowsmkqiema&w=260&h=260,
Squishmallows Plush Toy Assorted each,6.4,,https://assets.woolworths.com.au/images/1005/81628.jpg?impolicy=wowsmkqiema&w=260&h=260,
Sudocrem Nappy Rash Cream 125g,15.45,,https://assets.woolworths.com.au/images/1005/140756.jpg?impolicy=wowsmkqiema&w=260&h=260,
Sudocrem Nappy Rash Cream 400g,38.6,,https://assets.woolworths.com.au/images/1005/729413.jpg?impolicy=wowsmkqiema&w=260&h=260,
Sudocrem Nappy Rash Cream Tube 30g,9.0,,https://assets.woolworths.com.au/images/1005/341157.jpg?impolicy=wowsmkqiema&w=260&h=260,
Swisspers Baby Cotton Tips 40 pack,3.2,,https://assets.woolworths.com.au/images/1005/289333.jpg?impolicy=wowsmkqiema&w=260&h=260,
Take & Toss Sippy Cups Neon 4 pack,7.5,,https://assets.woolworths.com.au/images/1005/592739.jpg?impolicy=wowsmkqiema&w=260&h=260,
Take & Toss Toddler Cutlery Set Neon 16 pack,7.5,,https://assets.woolworths.com.au/images/1005/592756.jpg?impolicy=wowsmkqiema&w=260&h=260,
Thankyou. Thick Baby Wipes 80 pack,6.0,,https://assets.woolworths.com.au/images/1005/499135.jpg?impolicy=wowsmkqiema&w=260&h=260,
Tommee Tippee Big Kids First Cutlery Set each,6.1,,https://assets.woolworths.com.au/images/1005/155859.jpg?impolicy=wowsmkqiema&w=260&h=260,
Tommee Tippee Bottles Large 3 Months + 2 pack,17.7,,https://assets.woolworths.com.au/images/1005/615981.jpg?impolicy=wowsmkqiema&w=260&h=260,
Tommee Tippee Classic Start Baby Bottle 0M+ 250mL Assorted each,6.0,,https://assets.woolworths.com.au/images/1005/6018747.jpg?impolicy=wowsmkqiema&w=260&h=260,
Tommee Tippee Classic Start Baby Bottle 0M+ 250mL x 3 pack,12.0,,https://assets.woolworths.com.au/images/1005/6018748.jpg?impolicy=wowsmkqiema&w=260&h=260,
Tommee Tippee Classic Start Teats Medium Flow 3M+ 2 pack,7.8,,https://assets.woolworths.com.au/images/1005/6018746.jpg?impolicy=wowsmkqiema&w=260&h=260,
Tommee Tippee Everyday Favourites Glow In The Dark Soother 18-36M 2 pack,9.0,,https://assets.woolworths.com.au/images/1005/6058753.jpg?impolicy=wowsmkqiema&w=260&h=260,
Tommee Tippee Everyday Favourites Glow In The Dark Soother 6-18M 2 pack,9.0,,https://assets.woolworths.com.au/images/1005/6059071.jpg?impolicy=wowsmkqiema&w=260&h=260,
Tommee Tippee Everyday Favourites Ultimate Fit Soother 6-18M 2 pack,7.8,,https://assets.woolworths.com.au/images/1005/6059089.jpg?impolicy=wowsmkqiema&w=260&h=260,
Tommee Tippee Feeding Spoons 5 pack,5.5,,https://assets.woolworths.com.au/images/1005/155858.jpg?impolicy=wowsmkqiema&w=260&h=260,
Tommee Tippee Natural Latex Soother 0-6M Assorted 2 pack,9.0,,https://assets.woolworths.com.au/images/1005/6057779.jpg?impolicy=wowsmkqiema&w=260&h=260,
Tommee Tippee Natural Latex Soother 18-36M Assorted 2 pack,9.0,,https://assets.woolworths.com.au/images/1005/6057363.jpg?impolicy=wowsmkqiema&w=260&h=260,
Tommee Tippee Natural Latex Soother 6-18M Assorted 2 pack,9.0,,https://assets.woolworths.com.au/images/1005/6057481.jpg?impolicy=wowsmkqiema&w=260&h=260,
Tommee Tippee Natural Start Baby Bottle 0+M 260mL each,9.6,,https://assets.woolworths.com.au/images/1005/615738.jpg?impolicy=wowsmkqiema&w=260&h=260,
Tommee Tippee Night Glow Silicone Soother 0-6M Assorted 2 pack,9.0,,https://assets.woolworths.com.au/images/1005/6057337.jpg?impolicy=wowsmkqiema&w=260&h=260,
Tommee Tippee Night Glow Silicone Soother 18-36M Assorted 2 pack,9.0,,https://assets.woolworths.com.au/images/1005/6057774.jpg?impolicy=wowsmkqiema&w=260&h=260,
Tommee Tippee Softeechew Teething Toy each,6.0,,https://assets.woolworths.com.au/images/1005/564303.jpg?impolicy=wowsmkqiema&w=260&h=260,
Tommee Tippee Ultra Light Silicone Soother 0-6M Assorted 2 pack,15.0,,https://assets.woolworths.com.au/images/1005/6007039.jpg?impolicy=wowsmkqiema&w=260&h=260,
Tommee Tippee Ultra Light Silicone Soother Night 0-6M Assorted 2 pack,15.0,,https://assets.woolworths.com.au/images/1005/6007049.jpg?impolicy=wowsmkqiema&w=260&h=260,
Tommee Tippee Ultra Light Silicone Soother Night Glow 6-18M Assorted 2 pack,15.0,,https://assets.woolworths.com.au/images/1005/6007253.jpg?impolicy=wowsmkqiema&w=260&h=260,
Tommee Tippee Ultra Light Silicone Soother Stay Put 18-36M Assorted 2 pack,15.0,,https://assets.woolworths.com.au/images/1005/6007413.jpg?impolicy=wowsmkqiema&w=260&h=260,
Tommee Tippee Ultra Light Silicone Soother Stay Put 6-18M Assorted 2 pack,15.0,,https://assets.woolworths.com.au/images/1005/6007792.jpg?impolicy=wowsmkqiema&w=260&h=260,
Tommee Tippee Ultra Light Soothers Night Glow 18-36M Assorted 2 pack,15.0,,https://assets.woolworths.com.au/images/1005/6007556.jpg?impolicy=wowsmkqiema&w=260&h=260,
Tooshies Baby Wipes Aloe Vera & Chamomile 70 pack,5.5,,https://assets.woolworths.com.au/images/1005/576166.jpg?impolicy=wowsmkqiema&w=260&h=260,
Tooshies Pure Water Baby Wipes Value 280 pack,18.5,,https://assets.woolworths.com.au/images/1005/938239.jpg?impolicy=wowsmkqiema&w=260&h=260,
Underworks Baby Cotton Crew Socks Assorted 4 pack,7.0,,https://assets.woolworths.com.au/images/1005/675834.jpg?impolicy=wowsmkqiema&w=260&h=260,
Underworks Baby Cotton Ribbed Crew Socks Assorted 4 pack,7.0,,https://assets.woolworths.com.au/images/1005/6004565.jpg?impolicy=wowsmkqiema&w=260&h=260,
Underworks Baby Patterned Cotton Crew Socks Assorted 4 pack,7.0,,https://assets.woolworths.com.au/images/1005/28413.jpg?impolicy=wowsmkqiema&w=260&h=260,
Underworks Baby Plain Cotton Crew Pink/Grey Assorted 4 pack,7.0,,https://assets.woolworths.com.au/images/1005/113434.jpg?impolicy=wowsmkqiema&w=260&h=260,
Underworks Baby Plain Cotton Crew Socks Blue/Brown Assorted 4 pack,7.0,,https://assets.woolworths.com.au/images/1005/6004872.jpg?impolicy=wowsmkqiema&w=260&h=260,
Very Beary Toy Assorted each,8.0,,https://assets.woolworths.com.au/images/1005/6013437.jpg?impolicy=wowsmkqiema&w=260&h=260,
WaterWipes Baby & Newborn Sensitive Wipes 9 x 60 pack,59.0,,https://assets.woolworths.com.au/images/1005/129717.jpg?impolicy=wowsmkqiema&w=260&h=260,
WaterWipes Toddler & Baby Textured Sensitive Wipes 60 pack,8.5,,https://assets.woolworths.com.au/images/1005/159995.jpg?impolicy=wowsmkqiema&w=260&h=260,
Whole Kids Organic Soft Cereal Biscuits - Oatmeal 120g,4.8,,https://assets.woolworths.com.au/images/1005/57509.jpg?impolicy=wowsmkqiema&w=260&h=260,
Whole Kids Organic Soft Cereal Biscuits- Spelt & Apple 120g,4.8,,https://assets.woolworths.com.au/images/1005/57508.jpg?impolicy=wowsmkqiema&w=260&h=260,
Whole Kids Organic Stage 2 Cereal Little Flowers Berry 40g,4.8,,https://assets.woolworths.com.au/images/1005/206810.jpg?impolicy=wowsmkqiema&w=260&h=260,
Whole Kids Teething Rusk 6m+ 8 pack,2.25,,https://assets.woolworths.com.au/images/1005/6083461.jpg?impolicy=wowsmkqiema&w=260&h=260,
Zak Bamboo Babyccino Cup Assorted each,12.0,,https://assets.woolworths.com.au/images/1005/566774.jpg?impolicy=wowsmkqiema&w=260&h=260,
Zak Bluey Bamboo Divider Plate each,7.0,,https://assets.woolworths.com.au/images/1005/210795.jpg?impolicy=wowsmkqiema&w=260&h=260,
Zak Cruiser Toddler Cup Assorted each,20.0,,https://assets.woolworths.com.au/images/1005/6005945.jpg?impolicy=wowsmkqiema&w=260&h=260,
Zuru Coco Surprise Assorted each,8.0,,https://assets.woolworths.com.au/images/1005/229256.jpg?impolicy=wowsmkqiema&w=260&h=260,
